Loading required package: usethis
* installing *source* package ‘cpp4rtest’ ...
** this is package ‘cpp4rtest’ version ‘0.1.0’
** using staged installation
** libs
specified C++23
using C++ compiler: ‘clang version 22.1.3’
using C++23
make[1]: Entering directory '/home/pacha/Documents/cpp4r/cpp4rtest.Rcheck/00_pkg_src/cpp4rtest/src'
clang++ -std=gnu++23 -I"/usr/include/R/" -DNDEBUG -UDEBUG -g -Wall -O2 -pedantic -I'/home/pacha/R/x86_64-pc-linux-gnu-library/4.6/cpp4r/include' -I'/home/pacha/R/x86_64-pc-linux-gnu-library/4.6/testthat/include' -I/usr/local/include   -fopenmp=libgomp -fpic  -march=x86-64 -mtune=generic -O2 -pipe -fno-plt -fexceptions         -Wp,-D_FORTIFY_SOURCE=3 -Wformat -Werror=format-security         -fstack-clash-protection -fcf-protection         -fno-omit-frame-pointer -mno-omit-leaf-frame-pointer -Wp,-D_GLIBCXX_ASSERTIONS -g -ffile-prefix-map=/build/r/src=/usr/src/debug/r -flto=auto -ffat-lto-objects   -c cpp4r.cpp -o cpp4r.o
clang++ -std=gnu++23 -I"/usr/include/R/" -DNDEBUG -UDEBUG -g -Wall -O2 -pedantic -I'/home/pacha/R/x86_64-pc-linux-gnu-library/4.6/cpp4r/include' -I'/home/pacha/R/x86_64-pc-linux-gnu-library/4.6/testthat/include' -I/usr/local/include   -fopenmp=libgomp -fpic  -march=x86-64 -mtune=generic -O2 -pipe -fno-plt -fexceptions         -Wp,-D_FORTIFY_SOURCE=3 -Wformat -Werror=format-security         -fstack-clash-protection -fcf-protection         -fno-omit-frame-pointer -mno-omit-leaf-frame-pointer -Wp,-D_GLIBCXX_ASSERTIONS -g -ffile-prefix-map=/build/r/src=/usr/src/debug/r -flto=auto -ffat-lto-objects   -c main.cpp -o main.o
In file included from main.cpp:38:
./test-as.h:3:1: warning: '__COUNTER__' is a C2y extension [-Wc2y-extensions]
    3 | context("as_cpp-C++") {
      | ^
/home/pacha/R/x86_64-pc-linux-gnu-library/4.6/testthat/include/testthat/testthat.h:187:25: note: expanded from macro 'context'
  187 | # define context(__X__) CATCH_TEST_CASE(__X__ " | " __FILE__)
      |                         ^
/home/pacha/R/x86_64-pc-linux-gnu-library/4.6/testthat/include/testthat/vendor/catch.hpp:17623:32: note: expanded from macro 'CATCH_TEST_CASE'
 17623 | #define CATCH_TEST_CASE( ... ) INTERNAL_CATCH_TESTCASE( __VA_ARGS__ )
       |                                ^
/home/pacha/R/x86_64-pc-linux-gnu-library/4.6/testthat/include/testthat/vendor/catch.hpp:1062:35: note: expanded from macro 'INTERNAL_CATCH_TESTCASE'
 1062 |         INTERNAL_CATCH_TESTCASE2( INTERNAL_CATCH_UNIQUE_NAME( C_A_T_C_H_T_E_S_T_ ), __VA_ARGS__ )
      |                                   ^
/home/pacha/R/x86_64-pc-linux-gnu-library/4.6/testthat/include/testthat/vendor/catch.hpp:478:85: note: expanded from macro 'INTERNAL_CATCH_UNIQUE_NAME'
  478 | #  define INTERNAL_CATCH_UNIQUE_NAME( name ) INTERNAL_CATCH_UNIQUE_NAME_LINE( name, __COUNTER__ )
      |                                                                                     ^
In file included from main.cpp:38:
./test-as.h:3:1: warning: '__COUNTER__' is a C2y extension [-Wc2y-extensions]
/home/pacha/R/x86_64-pc-linux-gnu-library/4.6/testthat/include/testthat/testthat.h:187:25: note: expanded from macro 'context'
  187 | # define context(__X__) CATCH_TEST_CASE(__X__ " | " __FILE__)
      |                         ^
/home/pacha/R/x86_64-pc-linux-gnu-library/4.6/testthat/include/testthat/vendor/catch.hpp:17623:32: note: expanded from macro 'CATCH_TEST_CASE'
 17623 | #define CATCH_TEST_CASE( ... ) INTERNAL_CATCH_TESTCASE( __VA_ARGS__ )
       |                                ^
/home/pacha/R/x86_64-pc-linux-gnu-library/4.6/testthat/include/testthat/vendor/catch.hpp:1062:9: note: expanded from macro 'INTERNAL_CATCH_TESTCASE'
 1062 |         INTERNAL_CATCH_TESTCASE2( INTERNAL_CATCH_UNIQUE_NAME( C_A_T_C_H_T_E_S_T_ ), __VA_ARGS__ )
      |         ^
/home/pacha/R/x86_64-pc-linux-gnu-library/4.6/testthat/include/testthat/vendor/catch.hpp:1058:35: note: expanded from macro 'INTERNAL_CATCH_TESTCASE2'
 1058 |         namespace{ Catch::AutoReg INTERNAL_CATCH_UNIQUE_NAME( autoRegistrar )( Catch::makeTestInvoker( &TestName ), CATCH_INTERNAL_LINEINFO, Catch::StringRef(), Catch::NameAndTags{ __VA_ARGS__ } ); } /* NOLINT */ \
      |                                   ^
/home/pacha/R/x86_64-pc-linux-gnu-library/4.6/testthat/include/testthat/vendor/catch.hpp:478:85: note: expanded from macro 'INTERNAL_CATCH_UNIQUE_NAME'
  478 | #  define INTERNAL_CATCH_UNIQUE_NAME( name ) INTERNAL_CATCH_UNIQUE_NAME_LINE( name, __COUNTER__ )
      |                                                                                     ^
In file included from main.cpp:38:
./test-as.h:4:3: warning: '__COUNTER__' is a C2y extension [-Wc2y-extensions]
    4 |   test_that("as_cpp<integer>(INTSEXP)") {
      |   ^
/home/pacha/R/x86_64-pc-linux-gnu-library/4.6/testthat/include/testthat/testthat.h:188:20: note: expanded from macro 'test_that'
  188 | # define test_that CATCH_SECTION
      |                    ^
/home/pacha/R/x86_64-pc-linux-gnu-library/4.6/testthat/include/testthat/vendor/catch.hpp:17627:30: note: expanded from macro 'CATCH_SECTION'
 17627 | #define CATCH_SECTION( ... ) INTERNAL_CATCH_SECTION( __VA_ARGS__ )
       |                              ^
/home/pacha/R/x86_64-pc-linux-gnu-library/4.6/testthat/include/testthat/vendor/catch.hpp:2940:31: note: expanded from macro 'INTERNAL_CATCH_SECTION'
 2940 |     if( Catch::Section const& INTERNAL_CATCH_UNIQUE_NAME( catch_internal_Section ) = Catch::SectionInfo( CATCH_INTERNAL_LINEINFO, __VA_ARGS__ ) ) \
      |                               ^
/home/pacha/R/x86_64-pc-linux-gnu-library/4.6/testthat/include/testthat/vendor/catch.hpp:478:85: note: expanded from macro 'INTERNAL_CATCH_UNIQUE_NAME'
  478 | #  define INTERNAL_CATCH_UNIQUE_NAME( name ) INTERNAL_CATCH_UNIQUE_NAME_LINE( name, __COUNTER__ )
      |                                                                                     ^
In file included from main.cpp:38:
./test-as.h:25:3: warning: '__COUNTER__' is a C2y extension [-Wc2y-extensions]
   25 |   test_that("as_cpp<integer>(REALSEXP)") {
      |   ^
/home/pacha/R/x86_64-pc-linux-gnu-library/4.6/testthat/include/testthat/testthat.h:188:20: note: expanded from macro 'test_that'
  188 | # define test_that CATCH_SECTION
      |                    ^
/home/pacha/R/x86_64-pc-linux-gnu-library/4.6/testthat/include/testthat/vendor/catch.hpp:17627:30: note: expanded from macro 'CATCH_SECTION'
 17627 | #define CATCH_SECTION( ... ) INTERNAL_CATCH_SECTION( __VA_ARGS__ )
       |                              ^
/home/pacha/R/x86_64-pc-linux-gnu-library/4.6/testthat/include/testthat/vendor/catch.hpp:2940:31: note: expanded from macro 'INTERNAL_CATCH_SECTION'
 2940 |     if( Catch::Section const& INTERNAL_CATCH_UNIQUE_NAME( catch_internal_Section ) = Catch::SectionInfo( CATCH_INTERNAL_LINEINFO, __VA_ARGS__ ) ) \
      |                               ^
/home/pacha/R/x86_64-pc-linux-gnu-library/4.6/testthat/include/testthat/vendor/catch.hpp:478:85: note: expanded from macro 'INTERNAL_CATCH_UNIQUE_NAME'
  478 | #  define INTERNAL_CATCH_UNIQUE_NAME( name ) INTERNAL_CATCH_UNIQUE_NAME_LINE( name, __COUNTER__ )
      |                                                                                     ^
In file included from main.cpp:38:
./test-as.h:50:3: warning: '__COUNTER__' is a C2y extension [-Wc2y-extensions]
   50 |   test_that("as_cpp<integer>(NA)") {
      |   ^
/home/pacha/R/x86_64-pc-linux-gnu-library/4.6/testthat/include/testthat/testthat.h:188:20: note: expanded from macro 'test_that'
  188 | # define test_that CATCH_SECTION
      |                    ^
/home/pacha/R/x86_64-pc-linux-gnu-library/4.6/testthat/include/testthat/vendor/catch.hpp:17627:30: note: expanded from macro 'CATCH_SECTION'
 17627 | #define CATCH_SECTION( ... ) INTERNAL_CATCH_SECTION( __VA_ARGS__ )
       |                              ^
/home/pacha/R/x86_64-pc-linux-gnu-library/4.6/testthat/include/testthat/vendor/catch.hpp:2940:31: note: expanded from macro 'INTERNAL_CATCH_SECTION'
 2940 |     if( Catch::Section const& INTERNAL_CATCH_UNIQUE_NAME( catch_internal_Section ) = Catch::SectionInfo( CATCH_INTERNAL_LINEINFO, __VA_ARGS__ ) ) \
      |                               ^
/home/pacha/R/x86_64-pc-linux-gnu-library/4.6/testthat/include/testthat/vendor/catch.hpp:478:85: note: expanded from macro 'INTERNAL_CATCH_UNIQUE_NAME'
  478 | #  define INTERNAL_CATCH_UNIQUE_NAME( name ) INTERNAL_CATCH_UNIQUE_NAME_LINE( name, __COUNTER__ )
      |                                                                                     ^
In file included from main.cpp:38:
./test-as.h:70:3: warning: '__COUNTER__' is a C2y extension [-Wc2y-extensions]
   70 |   test_that("as_cpp<enum>(INTSEXP)") {
      |   ^
/home/pacha/R/x86_64-pc-linux-gnu-library/4.6/testthat/include/testthat/testthat.h:188:20: note: expanded from macro 'test_that'
  188 | # define test_that CATCH_SECTION
      |                    ^
/home/pacha/R/x86_64-pc-linux-gnu-library/4.6/testthat/include/testthat/vendor/catch.hpp:17627:30: note: expanded from macro 'CATCH_SECTION'
 17627 | #define CATCH_SECTION( ... ) INTERNAL_CATCH_SECTION( __VA_ARGS__ )
       |                              ^
/home/pacha/R/x86_64-pc-linux-gnu-library/4.6/testthat/include/testthat/vendor/catch.hpp:2940:31: note: expanded from macro 'INTERNAL_CATCH_SECTION'
 2940 |     if( Catch::Section const& INTERNAL_CATCH_UNIQUE_NAME( catch_internal_Section ) = Catch::SectionInfo( CATCH_INTERNAL_LINEINFO, __VA_ARGS__ ) ) \
      |                               ^
/home/pacha/R/x86_64-pc-linux-gnu-library/4.6/testthat/include/testthat/vendor/catch.hpp:478:85: note: expanded from macro 'INTERNAL_CATCH_UNIQUE_NAME'
  478 | #  define INTERNAL_CATCH_UNIQUE_NAME( name ) INTERNAL_CATCH_UNIQUE_NAME_LINE( name, __COUNTER__ )
      |                                                                                     ^
In file included from main.cpp:38:
./test-as.h:83:3: warning: '__COUNTER__' is a C2y extension [-Wc2y-extensions]
   83 |   test_that("as_cpp<enum:char>(INTSEXP)") {
      |   ^
/home/pacha/R/x86_64-pc-linux-gnu-library/4.6/testthat/include/testthat/testthat.h:188:20: note: expanded from macro 'test_that'
  188 | # define test_that CATCH_SECTION
      |                    ^
/home/pacha/R/x86_64-pc-linux-gnu-library/4.6/testthat/include/testthat/vendor/catch.hpp:17627:30: note: expanded from macro 'CATCH_SECTION'
 17627 | #define CATCH_SECTION( ... ) INTERNAL_CATCH_SECTION( __VA_ARGS__ )
       |                              ^
/home/pacha/R/x86_64-pc-linux-gnu-library/4.6/testthat/include/testthat/vendor/catch.hpp:2940:31: note: expanded from macro 'INTERNAL_CATCH_SECTION'
 2940 |     if( Catch::Section const& INTERNAL_CATCH_UNIQUE_NAME( catch_internal_Section ) = Catch::SectionInfo( CATCH_INTERNAL_LINEINFO, __VA_ARGS__ ) ) \
      |                               ^
/home/pacha/R/x86_64-pc-linux-gnu-library/4.6/testthat/include/testthat/vendor/catch.hpp:478:85: note: expanded from macro 'INTERNAL_CATCH_UNIQUE_NAME'
  478 | #  define INTERNAL_CATCH_UNIQUE_NAME( name ) INTERNAL_CATCH_UNIQUE_NAME_LINE( name, __COUNTER__ )
      |                                                                                     ^
In file included from main.cpp:38:
./test-as.h:97:3: warning: '__COUNTER__' is a C2y extension [-Wc2y-extensions]
   97 |   test_that("as_cpp<double>(REALSXP)") {
      |   ^
/home/pacha/R/x86_64-pc-linux-gnu-library/4.6/testthat/include/testthat/testthat.h:188:20: note: expanded from macro 'test_that'
  188 | # define test_that CATCH_SECTION
      |                    ^
/home/pacha/R/x86_64-pc-linux-gnu-library/4.6/testthat/include/testthat/vendor/catch.hpp:17627:30: note: expanded from macro 'CATCH_SECTION'
 17627 | #define CATCH_SECTION( ... ) INTERNAL_CATCH_SECTION( __VA_ARGS__ )
       |                              ^
/home/pacha/R/x86_64-pc-linux-gnu-library/4.6/testthat/include/testthat/vendor/catch.hpp:2940:31: note: expanded from macro 'INTERNAL_CATCH_SECTION'
 2940 |     if( Catch::Section const& INTERNAL_CATCH_UNIQUE_NAME( catch_internal_Section ) = Catch::SectionInfo( CATCH_INTERNAL_LINEINFO, __VA_ARGS__ ) ) \
      |                               ^
/home/pacha/R/x86_64-pc-linux-gnu-library/4.6/testthat/include/testthat/vendor/catch.hpp:478:85: note: expanded from macro 'INTERNAL_CATCH_UNIQUE_NAME'
  478 | #  define INTERNAL_CATCH_UNIQUE_NAME( name ) INTERNAL_CATCH_UNIQUE_NAME_LINE( name, __COUNTER__ )
      |                                                                                     ^
In file included from main.cpp:38:
./test-as.h:112:3: warning: '__COUNTER__' is a C2y extension [-Wc2y-extensions]
  112 |   test_that("as_cpp<double>(INTSXP)") {
      |   ^
/home/pacha/R/x86_64-pc-linux-gnu-library/4.6/testthat/include/testthat/testthat.h:188:20: note: expanded from macro 'test_that'
  188 | # define test_that CATCH_SECTION
      |                    ^
/home/pacha/R/x86_64-pc-linux-gnu-library/4.6/testthat/include/testthat/vendor/catch.hpp:17627:30: note: expanded from macro 'CATCH_SECTION'
 17627 | #define CATCH_SECTION( ... ) INTERNAL_CATCH_SECTION( __VA_ARGS__ )
       |                              ^
/home/pacha/R/x86_64-pc-linux-gnu-library/4.6/testthat/include/testthat/vendor/catch.hpp:2940:31: note: expanded from macro 'INTERNAL_CATCH_SECTION'
 2940 |     if( Catch::Section const& INTERNAL_CATCH_UNIQUE_NAME( catch_internal_Section ) = Catch::SectionInfo( CATCH_INTERNAL_LINEINFO, __VA_ARGS__ ) ) \
      |                               ^
/home/pacha/R/x86_64-pc-linux-gnu-library/4.6/testthat/include/testthat/vendor/catch.hpp:478:85: note: expanded from macro 'INTERNAL_CATCH_UNIQUE_NAME'
  478 | #  define INTERNAL_CATCH_UNIQUE_NAME( name ) INTERNAL_CATCH_UNIQUE_NAME_LINE( name, __COUNTER__ )
      |                                                                                     ^
In file included from main.cpp:38:
./test-as.h:127:3: warning: '__COUNTER__' is a C2y extension [-Wc2y-extensions]
  127 |   test_that("as_cpp<double>(NA)") {
      |   ^
/home/pacha/R/x86_64-pc-linux-gnu-library/4.6/testthat/include/testthat/testthat.h:188:20: note: expanded from macro 'test_that'
  188 | # define test_that CATCH_SECTION
      |                    ^
/home/pacha/R/x86_64-pc-linux-gnu-library/4.6/testthat/include/testthat/vendor/catch.hpp:17627:30: note: expanded from macro 'CATCH_SECTION'
 17627 | #define CATCH_SECTION( ... ) INTERNAL_CATCH_SECTION( __VA_ARGS__ )
       |                              ^
/home/pacha/R/x86_64-pc-linux-gnu-library/4.6/testthat/include/testthat/vendor/catch.hpp:2940:31: note: expanded from macro 'INTERNAL_CATCH_SECTION'
 2940 |     if( Catch::Section const& INTERNAL_CATCH_UNIQUE_NAME( catch_internal_Section ) = Catch::SectionInfo( CATCH_INTERNAL_LINEINFO, __VA_ARGS__ ) ) \
      |                               ^
/home/pacha/R/x86_64-pc-linux-gnu-library/4.6/testthat/include/testthat/vendor/catch.hpp:478:85: note: expanded from macro 'INTERNAL_CATCH_UNIQUE_NAME'
  478 | #  define INTERNAL_CATCH_UNIQUE_NAME( name ) INTERNAL_CATCH_UNIQUE_NAME_LINE( name, __COUNTER__ )
      |                                                                                     ^
In file included from main.cpp:38:
./test-as.h:147:3: warning: '__COUNTER__' is a C2y extension [-Wc2y-extensions]
  147 |   test_that("as_cpp<bool>()") {
      |   ^
/home/pacha/R/x86_64-pc-linux-gnu-library/4.6/testthat/include/testthat/testthat.h:188:20: note: expanded from macro 'test_that'
  188 | # define test_that CATCH_SECTION
      |                    ^
/home/pacha/R/x86_64-pc-linux-gnu-library/4.6/testthat/include/testthat/vendor/catch.hpp:17627:30: note: expanded from macro 'CATCH_SECTION'
 17627 | #define CATCH_SECTION( ... ) INTERNAL_CATCH_SECTION( __VA_ARGS__ )
       |                              ^
/home/pacha/R/x86_64-pc-linux-gnu-library/4.6/testthat/include/testthat/vendor/catch.hpp:2940:31: note: expanded from macro 'INTERNAL_CATCH_SECTION'
 2940 |     if( Catch::Section const& INTERNAL_CATCH_UNIQUE_NAME( catch_internal_Section ) = Catch::SectionInfo( CATCH_INTERNAL_LINEINFO, __VA_ARGS__ ) ) \
      |                               ^
/home/pacha/R/x86_64-pc-linux-gnu-library/4.6/testthat/include/testthat/vendor/catch.hpp:478:85: note: expanded from macro 'INTERNAL_CATCH_UNIQUE_NAME'
  478 | #  define INTERNAL_CATCH_UNIQUE_NAME( name ) INTERNAL_CATCH_UNIQUE_NAME_LINE( name, __COUNTER__ )
      |                                                                                     ^
In file included from main.cpp:38:
./test-as.h:160:3: warning: '__COUNTER__' is a C2y extension [-Wc2y-extensions]
  160 |   test_that("as_cpp<char>()") {
      |   ^
/home/pacha/R/x86_64-pc-linux-gnu-library/4.6/testthat/include/testthat/testthat.h:188:20: note: expanded from macro 'test_that'
  188 | # define test_that CATCH_SECTION
      |                    ^
/home/pacha/R/x86_64-pc-linux-gnu-library/4.6/testthat/include/testthat/vendor/catch.hpp:17627:30: note: expanded from macro 'CATCH_SECTION'
 17627 | #define CATCH_SECTION( ... ) INTERNAL_CATCH_SECTION( __VA_ARGS__ )
       |                              ^
/home/pacha/R/x86_64-pc-linux-gnu-library/4.6/testthat/include/testthat/vendor/catch.hpp:2940:31: note: expanded from macro 'INTERNAL_CATCH_SECTION'
 2940 |     if( Catch::Section const& INTERNAL_CATCH_UNIQUE_NAME( catch_internal_Section ) = Catch::SectionInfo( CATCH_INTERNAL_LINEINFO, __VA_ARGS__ ) ) \
      |                               ^
/home/pacha/R/x86_64-pc-linux-gnu-library/4.6/testthat/include/testthat/vendor/catch.hpp:478:85: note: expanded from macro 'INTERNAL_CATCH_UNIQUE_NAME'
  478 | #  define INTERNAL_CATCH_UNIQUE_NAME( name ) INTERNAL_CATCH_UNIQUE_NAME_LINE( name, __COUNTER__ )
      |                                                                                     ^
In file included from main.cpp:38:
./test-as.h:170:3: warning: '__COUNTER__' is a C2y extension [-Wc2y-extensions]
  170 |   test_that("as_cpp<const char*>()") {
      |   ^
/home/pacha/R/x86_64-pc-linux-gnu-library/4.6/testthat/include/testthat/testthat.h:188:20: note: expanded from macro 'test_that'
  188 | # define test_that CATCH_SECTION
      |                    ^
/home/pacha/R/x86_64-pc-linux-gnu-library/4.6/testthat/include/testthat/vendor/catch.hpp:17627:30: note: expanded from macro 'CATCH_SECTION'
 17627 | #define CATCH_SECTION( ... ) INTERNAL_CATCH_SECTION( __VA_ARGS__ )
       |                              ^
/home/pacha/R/x86_64-pc-linux-gnu-library/4.6/testthat/include/testthat/vendor/catch.hpp:2940:31: note: expanded from macro 'INTERNAL_CATCH_SECTION'
 2940 |     if( Catch::Section const& INTERNAL_CATCH_UNIQUE_NAME( catch_internal_Section ) = Catch::SectionInfo( CATCH_INTERNAL_LINEINFO, __VA_ARGS__ ) ) \
      |                               ^
/home/pacha/R/x86_64-pc-linux-gnu-library/4.6/testthat/include/testthat/vendor/catch.hpp:478:85: note: expanded from macro 'INTERNAL_CATCH_UNIQUE_NAME'
  478 | #  define INTERNAL_CATCH_UNIQUE_NAME( name ) INTERNAL_CATCH_UNIQUE_NAME_LINE( name, __COUNTER__ )
      |                                                                                     ^
In file included from main.cpp:38:
./test-as.h:179:3: warning: '__COUNTER__' is a C2y extension [-Wc2y-extensions]
  179 |   test_that("as_cpp<std::string>()") {
      |   ^
/home/pacha/R/x86_64-pc-linux-gnu-library/4.6/testthat/include/testthat/testthat.h:188:20: note: expanded from macro 'test_that'
  188 | # define test_that CATCH_SECTION
      |                    ^
/home/pacha/R/x86_64-pc-linux-gnu-library/4.6/testthat/include/testthat/vendor/catch.hpp:17627:30: note: expanded from macro 'CATCH_SECTION'
 17627 | #define CATCH_SECTION( ... ) INTERNAL_CATCH_SECTION( __VA_ARGS__ )
       |                              ^
/home/pacha/R/x86_64-pc-linux-gnu-library/4.6/testthat/include/testthat/vendor/catch.hpp:2940:31: note: expanded from macro 'INTERNAL_CATCH_SECTION'
 2940 |     if( Catch::Section const& INTERNAL_CATCH_UNIQUE_NAME( catch_internal_Section ) = Catch::SectionInfo( CATCH_INTERNAL_LINEINFO, __VA_ARGS__ ) ) \
      |                               ^
/home/pacha/R/x86_64-pc-linux-gnu-library/4.6/testthat/include/testthat/vendor/catch.hpp:478:85: note: expanded from macro 'INTERNAL_CATCH_UNIQUE_NAME'
  478 | #  define INTERNAL_CATCH_UNIQUE_NAME( name ) INTERNAL_CATCH_UNIQUE_NAME_LINE( name, __COUNTER__ )
      |                                                                                     ^
In file included from main.cpp:38:
./test-as.h:188:3: warning: '__COUNTER__' is a C2y extension [-Wc2y-extensions]
  188 |   test_that("as_cpp<std::vector<int>>()") {
      |   ^
/home/pacha/R/x86_64-pc-linux-gnu-library/4.6/testthat/include/testthat/testthat.h:188:20: note: expanded from macro 'test_that'
  188 | # define test_that CATCH_SECTION
      |                    ^
/home/pacha/R/x86_64-pc-linux-gnu-library/4.6/testthat/include/testthat/vendor/catch.hpp:17627:30: note: expanded from macro 'CATCH_SECTION'
 17627 | #define CATCH_SECTION( ... ) INTERNAL_CATCH_SECTION( __VA_ARGS__ )
       |                              ^
/home/pacha/R/x86_64-pc-linux-gnu-library/4.6/testthat/include/testthat/vendor/catch.hpp:2940:31: note: expanded from macro 'INTERNAL_CATCH_SECTION'
 2940 |     if( Catch::Section const& INTERNAL_CATCH_UNIQUE_NAME( catch_internal_Section ) = Catch::SectionInfo( CATCH_INTERNAL_LINEINFO, __VA_ARGS__ ) ) \
      |                               ^
/home/pacha/R/x86_64-pc-linux-gnu-library/4.6/testthat/include/testthat/vendor/catch.hpp:478:85: note: expanded from macro 'INTERNAL_CATCH_UNIQUE_NAME'
  478 | #  define INTERNAL_CATCH_UNIQUE_NAME( name ) INTERNAL_CATCH_UNIQUE_NAME_LINE( name, __COUNTER__ )
      |                                                                                     ^
In file included from main.cpp:38:
./test-as.h:202:3: warning: '__COUNTER__' is a C2y extension [-Wc2y-extensions]
  202 |   test_that("as_cpp<std::vector<std::string>>()") {
      |   ^
/home/pacha/R/x86_64-pc-linux-gnu-library/4.6/testthat/include/testthat/testthat.h:188:20: note: expanded from macro 'test_that'
  188 | # define test_that CATCH_SECTION
      |                    ^
/home/pacha/R/x86_64-pc-linux-gnu-library/4.6/testthat/include/testthat/vendor/catch.hpp:17627:30: note: expanded from macro 'CATCH_SECTION'
 17627 | #define CATCH_SECTION( ... ) INTERNAL_CATCH_SECTION( __VA_ARGS__ )
       |                              ^
/home/pacha/R/x86_64-pc-linux-gnu-library/4.6/testthat/include/testthat/vendor/catch.hpp:2940:31: note: expanded from macro 'INTERNAL_CATCH_SECTION'
 2940 |     if( Catch::Section const& INTERNAL_CATCH_UNIQUE_NAME( catch_internal_Section ) = Catch::SectionInfo( CATCH_INTERNAL_LINEINFO, __VA_ARGS__ ) ) \
      |                               ^
/home/pacha/R/x86_64-pc-linux-gnu-library/4.6/testthat/include/testthat/vendor/catch.hpp:478:85: note: expanded from macro 'INTERNAL_CATCH_UNIQUE_NAME'
  478 | #  define INTERNAL_CATCH_UNIQUE_NAME( name ) INTERNAL_CATCH_UNIQUE_NAME_LINE( name, __COUNTER__ )
      |                                                                                     ^
In file included from main.cpp:38:
./test-as.h:216:3: warning: '__COUNTER__' is a C2y extension [-Wc2y-extensions]
  216 |   test_that("as_cpp<std::deque<string>>()") {
      |   ^
/home/pacha/R/x86_64-pc-linux-gnu-library/4.6/testthat/include/testthat/testthat.h:188:20: note: expanded from macro 'test_that'
  188 | # define test_that CATCH_SECTION
      |                    ^
/home/pacha/R/x86_64-pc-linux-gnu-library/4.6/testthat/include/testthat/vendor/catch.hpp:17627:30: note: expanded from macro 'CATCH_SECTION'
 17627 | #define CATCH_SECTION( ... ) INTERNAL_CATCH_SECTION( __VA_ARGS__ )
       |                              ^
/home/pacha/R/x86_64-pc-linux-gnu-library/4.6/testthat/include/testthat/vendor/catch.hpp:2940:31: note: expanded from macro 'INTERNAL_CATCH_SECTION'
 2940 |     if( Catch::Section const& INTERNAL_CATCH_UNIQUE_NAME( catch_internal_Section ) = Catch::SectionInfo( CATCH_INTERNAL_LINEINFO, __VA_ARGS__ ) ) \
      |                               ^
/home/pacha/R/x86_64-pc-linux-gnu-library/4.6/testthat/include/testthat/vendor/catch.hpp:478:85: note: expanded from macro 'INTERNAL_CATCH_UNIQUE_NAME'
  478 | #  define INTERNAL_CATCH_UNIQUE_NAME( name ) INTERNAL_CATCH_UNIQUE_NAME_LINE( name, __COUNTER__ )
      |                                                                                     ^
In file included from main.cpp:38:
./test-as.h:230:3: warning: '__COUNTER__' is a C2y extension [-Wc2y-extensions]
  230 |   test_that("as_cpp<doubles>()") {
      |   ^
/home/pacha/R/x86_64-pc-linux-gnu-library/4.6/testthat/include/testthat/testthat.h:188:20: note: expanded from macro 'test_that'
  188 | # define test_that CATCH_SECTION
      |                    ^
/home/pacha/R/x86_64-pc-linux-gnu-library/4.6/testthat/include/testthat/vendor/catch.hpp:17627:30: note: expanded from macro 'CATCH_SECTION'
 17627 | #define CATCH_SECTION( ... ) INTERNAL_CATCH_SECTION( __VA_ARGS__ )
       |                              ^
/home/pacha/R/x86_64-pc-linux-gnu-library/4.6/testthat/include/testthat/vendor/catch.hpp:2940:31: note: expanded from macro 'INTERNAL_CATCH_SECTION'
 2940 |     if( Catch::Section const& INTERNAL_CATCH_UNIQUE_NAME( catch_internal_Section ) = Catch::SectionInfo( CATCH_INTERNAL_LINEINFO, __VA_ARGS__ ) ) \
      |                               ^
/home/pacha/R/x86_64-pc-linux-gnu-library/4.6/testthat/include/testthat/vendor/catch.hpp:478:85: note: expanded from macro 'INTERNAL_CATCH_UNIQUE_NAME'
  478 | #  define INTERNAL_CATCH_UNIQUE_NAME( name ) INTERNAL_CATCH_UNIQUE_NAME_LINE( name, __COUNTER__ )
      |                                                                                     ^
In file included from main.cpp:38:
./test-as.h:244:3: warning: '__COUNTER__' is a C2y extension [-Wc2y-extensions]
  244 |   test_that("as_sexp(integer)") {
      |   ^
/home/pacha/R/x86_64-pc-linux-gnu-library/4.6/testthat/include/testthat/testthat.h:188:20: note: expanded from macro 'test_that'
  188 | # define test_that CATCH_SECTION
      |                    ^
/home/pacha/R/x86_64-pc-linux-gnu-library/4.6/testthat/include/testthat/vendor/catch.hpp:17627:30: note: expanded from macro 'CATCH_SECTION'
 17627 | #define CATCH_SECTION( ... ) INTERNAL_CATCH_SECTION( __VA_ARGS__ )
       |                              ^
/home/pacha/R/x86_64-pc-linux-gnu-library/4.6/testthat/include/testthat/vendor/catch.hpp:2940:31: note: expanded from macro 'INTERNAL_CATCH_SECTION'
 2940 |     if( Catch::Section const& INTERNAL_CATCH_UNIQUE_NAME( catch_internal_Section ) = Catch::SectionInfo( CATCH_INTERNAL_LINEINFO, __VA_ARGS__ ) ) \
      |                               ^
/home/pacha/R/x86_64-pc-linux-gnu-library/4.6/testthat/include/testthat/vendor/catch.hpp:478:85: note: expanded from macro 'INTERNAL_CATCH_UNIQUE_NAME'
  478 | #  define INTERNAL_CATCH_UNIQUE_NAME( name ) INTERNAL_CATCH_UNIQUE_NAME_LINE( name, __COUNTER__ )
      |                                                                                     ^
In file included from main.cpp:38:
./test-as.h:279:3: warning: '__COUNTER__' is a C2y extension [-Wc2y-extensions]
  279 |   test_that("as_sexp(floating_point)") {
      |   ^
/home/pacha/R/x86_64-pc-linux-gnu-library/4.6/testthat/include/testthat/testthat.h:188:20: note: expanded from macro 'test_that'
  188 | # define test_that CATCH_SECTION
      |                    ^
/home/pacha/R/x86_64-pc-linux-gnu-library/4.6/testthat/include/testthat/vendor/catch.hpp:17627:30: note: expanded from macro 'CATCH_SECTION'
 17627 | #define CATCH_SECTION( ... ) INTERNAL_CATCH_SECTION( __VA_ARGS__ )
       |                              ^
/home/pacha/R/x86_64-pc-linux-gnu-library/4.6/testthat/include/testthat/vendor/catch.hpp:2940:31: note: expanded from macro 'INTERNAL_CATCH_SECTION'
 2940 |     if( Catch::Section const& INTERNAL_CATCH_UNIQUE_NAME( catch_internal_Section ) = Catch::SectionInfo( CATCH_INTERNAL_LINEINFO, __VA_ARGS__ ) ) \
      |                               ^
/home/pacha/R/x86_64-pc-linux-gnu-library/4.6/testthat/include/testthat/vendor/catch.hpp:478:85: note: expanded from macro 'INTERNAL_CATCH_UNIQUE_NAME'
  478 | #  define INTERNAL_CATCH_UNIQUE_NAME( name ) INTERNAL_CATCH_UNIQUE_NAME_LINE( name, __COUNTER__ )
      |                                                                                     ^
In file included from main.cpp:38:
./test-as.h:304:3: warning: '__COUNTER__' is a C2y extension [-Wc2y-extensions]
  304 |   test_that("as_sexp(bool)") {
      |   ^
/home/pacha/R/x86_64-pc-linux-gnu-library/4.6/testthat/include/testthat/testthat.h:188:20: note: expanded from macro 'test_that'
  188 | # define test_that CATCH_SECTION
      |                    ^
/home/pacha/R/x86_64-pc-linux-gnu-library/4.6/testthat/include/testthat/vendor/catch.hpp:17627:30: note: expanded from macro 'CATCH_SECTION'
 17627 | #define CATCH_SECTION( ... ) INTERNAL_CATCH_SECTION( __VA_ARGS__ )
       |                              ^
/home/pacha/R/x86_64-pc-linux-gnu-library/4.6/testthat/include/testthat/vendor/catch.hpp:2940:31: note: expanded from macro 'INTERNAL_CATCH_SECTION'
 2940 |     if( Catch::Section const& INTERNAL_CATCH_UNIQUE_NAME( catch_internal_Section ) = Catch::SectionInfo( CATCH_INTERNAL_LINEINFO, __VA_ARGS__ ) ) \
      |                               ^
/home/pacha/R/x86_64-pc-linux-gnu-library/4.6/testthat/include/testthat/vendor/catch.hpp:478:85: note: expanded from macro 'INTERNAL_CATCH_UNIQUE_NAME'
  478 | #  define INTERNAL_CATCH_UNIQUE_NAME( name ) INTERNAL_CATCH_UNIQUE_NAME_LINE( name, __COUNTER__ )
      |                                                                                     ^
In file included from main.cpp:38:
./test-as.h:319:3: warning: '__COUNTER__' is a C2y extension [-Wc2y-extensions]
  319 |   test_that("as_sexp(r_bool)") {
      |   ^
/home/pacha/R/x86_64-pc-linux-gnu-library/4.6/testthat/include/testthat/testthat.h:188:20: note: expanded from macro 'test_that'
  188 | # define test_that CATCH_SECTION
      |                    ^
/home/pacha/R/x86_64-pc-linux-gnu-library/4.6/testthat/include/testthat/vendor/catch.hpp:17627:30: note: expanded from macro 'CATCH_SECTION'
 17627 | #define CATCH_SECTION( ... ) INTERNAL_CATCH_SECTION( __VA_ARGS__ )
       |                              ^
/home/pacha/R/x86_64-pc-linux-gnu-library/4.6/testthat/include/testthat/vendor/catch.hpp:2940:31: note: expanded from macro 'INTERNAL_CATCH_SECTION'
 2940 |     if( Catch::Section const& INTERNAL_CATCH_UNIQUE_NAME( catch_internal_Section ) = Catch::SectionInfo( CATCH_INTERNAL_LINEINFO, __VA_ARGS__ ) ) \
      |                               ^
/home/pacha/R/x86_64-pc-linux-gnu-library/4.6/testthat/include/testthat/vendor/catch.hpp:478:85: note: expanded from macro 'INTERNAL_CATCH_UNIQUE_NAME'
  478 | #  define INTERNAL_CATCH_UNIQUE_NAME( name ) INTERNAL_CATCH_UNIQUE_NAME_LINE( name, __COUNTER__ )
      |                                                                                     ^
In file included from main.cpp:38:
./test-as.h:339:3: warning: '__COUNTER__' is a C2y extension [-Wc2y-extensions]
  339 |   test_that("as_sexp(raws)") {
      |   ^
/home/pacha/R/x86_64-pc-linux-gnu-library/4.6/testthat/include/testthat/testthat.h:188:20: note: expanded from macro 'test_that'
  188 | # define test_that CATCH_SECTION
      |                    ^
/home/pacha/R/x86_64-pc-linux-gnu-library/4.6/testthat/include/testthat/vendor/catch.hpp:17627:30: note: expanded from macro 'CATCH_SECTION'
 17627 | #define CATCH_SECTION( ... ) INTERNAL_CATCH_SECTION( __VA_ARGS__ )
       |                              ^
/home/pacha/R/x86_64-pc-linux-gnu-library/4.6/testthat/include/testthat/vendor/catch.hpp:2940:31: note: expanded from macro 'INTERNAL_CATCH_SECTION'
 2940 |     if( Catch::Section const& INTERNAL_CATCH_UNIQUE_NAME( catch_internal_Section ) = Catch::SectionInfo( CATCH_INTERNAL_LINEINFO, __VA_ARGS__ ) ) \
      |                               ^
/home/pacha/R/x86_64-pc-linux-gnu-library/4.6/testthat/include/testthat/vendor/catch.hpp:478:85: note: expanded from macro 'INTERNAL_CATCH_UNIQUE_NAME'
  478 | #  define INTERNAL_CATCH_UNIQUE_NAME( name ) INTERNAL_CATCH_UNIQUE_NAME_LINE( name, __COUNTER__ )
      |                                                                                     ^
In file included from main.cpp:38:
./test-as.h:360:3: warning: '__COUNTER__' is a C2y extension [-Wc2y-extensions]
  360 |   test_that("as_sexp(stringish)") {
      |   ^
/home/pacha/R/x86_64-pc-linux-gnu-library/4.6/testthat/include/testthat/testthat.h:188:20: note: expanded from macro 'test_that'
  188 | # define test_that CATCH_SECTION
      |                    ^
/home/pacha/R/x86_64-pc-linux-gnu-library/4.6/testthat/include/testthat/vendor/catch.hpp:17627:30: note: expanded from macro 'CATCH_SECTION'
 17627 | #define CATCH_SECTION( ... ) INTERNAL_CATCH_SECTION( __VA_ARGS__ )
       |                              ^
/home/pacha/R/x86_64-pc-linux-gnu-library/4.6/testthat/include/testthat/vendor/catch.hpp:2940:31: note: expanded from macro 'INTERNAL_CATCH_SECTION'
 2940 |     if( Catch::Section const& INTERNAL_CATCH_UNIQUE_NAME( catch_internal_Section ) = Catch::SectionInfo( CATCH_INTERNAL_LINEINFO, __VA_ARGS__ ) ) \
      |                               ^
/home/pacha/R/x86_64-pc-linux-gnu-library/4.6/testthat/include/testthat/vendor/catch.hpp:478:85: note: expanded from macro 'INTERNAL_CATCH_UNIQUE_NAME'
  478 | #  define INTERNAL_CATCH_UNIQUE_NAME( name ) INTERNAL_CATCH_UNIQUE_NAME_LINE( name, __COUNTER__ )
      |                                                                                     ^
In file included from main.cpp:38:
./test-as.h:380:3: warning: '__COUNTER__' is a C2y extension [-Wc2y-extensions]
  380 |   test_that("as_sexp(r_vector<int>)") {
      |   ^
/home/pacha/R/x86_64-pc-linux-gnu-library/4.6/testthat/include/testthat/testthat.h:188:20: note: expanded from macro 'test_that'
  188 | # define test_that CATCH_SECTION
      |                    ^
/home/pacha/R/x86_64-pc-linux-gnu-library/4.6/testthat/include/testthat/vendor/catch.hpp:17627:30: note: expanded from macro 'CATCH_SECTION'
 17627 | #define CATCH_SECTION( ... ) INTERNAL_CATCH_SECTION( __VA_ARGS__ )
       |                              ^
/home/pacha/R/x86_64-pc-linux-gnu-library/4.6/testthat/include/testthat/vendor/catch.hpp:2940:31: note: expanded from macro 'INTERNAL_CATCH_SECTION'
 2940 |     if( Catch::Section const& INTERNAL_CATCH_UNIQUE_NAME( catch_internal_Section ) = Catch::SectionInfo( CATCH_INTERNAL_LINEINFO, __VA_ARGS__ ) ) \
      |                               ^
/home/pacha/R/x86_64-pc-linux-gnu-library/4.6/testthat/include/testthat/vendor/catch.hpp:478:85: note: expanded from macro 'INTERNAL_CATCH_UNIQUE_NAME'
  478 | #  define INTERNAL_CATCH_UNIQUE_NAME( name ) INTERNAL_CATCH_UNIQUE_NAME_LINE( name, __COUNTER__ )
      |                                                                                     ^
In file included from main.cpp:38:
./test-as.h:392:3: warning: '__COUNTER__' is a C2y extension [-Wc2y-extensions]
  392 |   test_that("as_sexp(r_vector<floating_point>)") {
      |   ^
/home/pacha/R/x86_64-pc-linux-gnu-library/4.6/testthat/include/testthat/testthat.h:188:20: note: expanded from macro 'test_that'
  188 | # define test_that CATCH_SECTION
      |                    ^
/home/pacha/R/x86_64-pc-linux-gnu-library/4.6/testthat/include/testthat/vendor/catch.hpp:17627:30: note: expanded from macro 'CATCH_SECTION'
 17627 | #define CATCH_SECTION( ... ) INTERNAL_CATCH_SECTION( __VA_ARGS__ )
       |                              ^
/home/pacha/R/x86_64-pc-linux-gnu-library/4.6/testthat/include/testthat/vendor/catch.hpp:2940:31: note: expanded from macro 'INTERNAL_CATCH_SECTION'
 2940 |     if( Catch::Section const& INTERNAL_CATCH_UNIQUE_NAME( catch_internal_Section ) = Catch::SectionInfo( CATCH_INTERNAL_LINEINFO, __VA_ARGS__ ) ) \
      |                               ^
/home/pacha/R/x86_64-pc-linux-gnu-library/4.6/testthat/include/testthat/vendor/catch.hpp:478:85: note: expanded from macro 'INTERNAL_CATCH_UNIQUE_NAME'
  478 | #  define INTERNAL_CATCH_UNIQUE_NAME( name ) INTERNAL_CATCH_UNIQUE_NAME_LINE( name, __COUNTER__ )
      |                                                                                     ^
In file included from main.cpp:38:
./test-as.h:404:3: warning: '__COUNTER__' is a C2y extension [-Wc2y-extensions]
  404 |   test_that("as_sexp(r_vector<floating_point>)") {
      |   ^
/home/pacha/R/x86_64-pc-linux-gnu-library/4.6/testthat/include/testthat/testthat.h:188:20: note: expanded from macro 'test_that'
  188 | # define test_that CATCH_SECTION
      |                    ^
/home/pacha/R/x86_64-pc-linux-gnu-library/4.6/testthat/include/testthat/vendor/catch.hpp:17627:30: note: expanded from macro 'CATCH_SECTION'
 17627 | #define CATCH_SECTION( ... ) INTERNAL_CATCH_SECTION( __VA_ARGS__ )
       |                              ^
/home/pacha/R/x86_64-pc-linux-gnu-library/4.6/testthat/include/testthat/vendor/catch.hpp:2940:31: note: expanded from macro 'INTERNAL_CATCH_SECTION'
 2940 |     if( Catch::Section const& INTERNAL_CATCH_UNIQUE_NAME( catch_internal_Section ) = Catch::SectionInfo( CATCH_INTERNAL_LINEINFO, __VA_ARGS__ ) ) \
      |                               ^
/home/pacha/R/x86_64-pc-linux-gnu-library/4.6/testthat/include/testthat/vendor/catch.hpp:478:85: note: expanded from macro 'INTERNAL_CATCH_UNIQUE_NAME'
  478 | #  define INTERNAL_CATCH_UNIQUE_NAME( name ) INTERNAL_CATCH_UNIQUE_NAME_LINE( name, __COUNTER__ )
      |                                                                                     ^
In file included from main.cpp:38:
./test-as.h:416:3: warning: '__COUNTER__' is a C2y extension [-Wc2y-extensions]
  416 |   test_that("as_sexp(r_vector<std::string>)") {
      |   ^
/home/pacha/R/x86_64-pc-linux-gnu-library/4.6/testthat/include/testthat/testthat.h:188:20: note: expanded from macro 'test_that'
  188 | # define test_that CATCH_SECTION
      |                    ^
/home/pacha/R/x86_64-pc-linux-gnu-library/4.6/testthat/include/testthat/vendor/catch.hpp:17627:30: note: expanded from macro 'CATCH_SECTION'
 17627 | #define CATCH_SECTION( ... ) INTERNAL_CATCH_SECTION( __VA_ARGS__ )
       |                              ^
/home/pacha/R/x86_64-pc-linux-gnu-library/4.6/testthat/include/testthat/vendor/catch.hpp:2940:31: note: expanded from macro 'INTERNAL_CATCH_SECTION'
 2940 |     if( Catch::Section const& INTERNAL_CATCH_UNIQUE_NAME( catch_internal_Section ) = Catch::SectionInfo( CATCH_INTERNAL_LINEINFO, __VA_ARGS__ ) ) \
      |                               ^
/home/pacha/R/x86_64-pc-linux-gnu-library/4.6/testthat/include/testthat/vendor/catch.hpp:478:85: note: expanded from macro 'INTERNAL_CATCH_UNIQUE_NAME'
  478 | #  define INTERNAL_CATCH_UNIQUE_NAME( name ) INTERNAL_CATCH_UNIQUE_NAME_LINE( name, __COUNTER__ )
      |                                                                                     ^
In file included from main.cpp:38:
./test-as.h:428:3: warning: '__COUNTER__' is a C2y extension [-Wc2y-extensions]
  428 |   test_that("as_sexp(cpp4r::strings)") {
      |   ^
/home/pacha/R/x86_64-pc-linux-gnu-library/4.6/testthat/include/testthat/testthat.h:188:20: note: expanded from macro 'test_that'
  188 | # define test_that CATCH_SECTION
      |                    ^
/home/pacha/R/x86_64-pc-linux-gnu-library/4.6/testthat/include/testthat/vendor/catch.hpp:17627:30: note: expanded from macro 'CATCH_SECTION'
 17627 | #define CATCH_SECTION( ... ) INTERNAL_CATCH_SECTION( __VA_ARGS__ )
       |                              ^
/home/pacha/R/x86_64-pc-linux-gnu-library/4.6/testthat/include/testthat/vendor/catch.hpp:2940:31: note: expanded from macro 'INTERNAL_CATCH_SECTION'
 2940 |     if( Catch::Section const& INTERNAL_CATCH_UNIQUE_NAME( catch_internal_Section ) = Catch::SectionInfo( CATCH_INTERNAL_LINEINFO, __VA_ARGS__ ) ) \
      |                               ^
/home/pacha/R/x86_64-pc-linux-gnu-library/4.6/testthat/include/testthat/vendor/catch.hpp:478:85: note: expanded from macro 'INTERNAL_CATCH_UNIQUE_NAME'
  478 | #  define INTERNAL_CATCH_UNIQUE_NAME( name ) INTERNAL_CATCH_UNIQUE_NAME_LINE( name, __COUNTER__ )
      |                                                                                     ^
In file included from main.cpp:38:
./test-as.h:442:3: warning: '__COUNTER__' is a C2y extension [-Wc2y-extensions]
  442 |   test_that("as_sexp(initializer_list<const char*>)") {
      |   ^
/home/pacha/R/x86_64-pc-linux-gnu-library/4.6/testthat/include/testthat/testthat.h:188:20: note: expanded from macro 'test_that'
  188 | # define test_that CATCH_SECTION
      |                    ^
/home/pacha/R/x86_64-pc-linux-gnu-library/4.6/testthat/include/testthat/vendor/catch.hpp:17627:30: note: expanded from macro 'CATCH_SECTION'
 17627 | #define CATCH_SECTION( ... ) INTERNAL_CATCH_SECTION( __VA_ARGS__ )
       |                              ^
/home/pacha/R/x86_64-pc-linux-gnu-library/4.6/testthat/include/testthat/vendor/catch.hpp:2940:31: note: expanded from macro 'INTERNAL_CATCH_SECTION'
 2940 |     if( Catch::Section const& INTERNAL_CATCH_UNIQUE_NAME( catch_internal_Section ) = Catch::SectionInfo( CATCH_INTERNAL_LINEINFO, __VA_ARGS__ ) ) \
      |                               ^
/home/pacha/R/x86_64-pc-linux-gnu-library/4.6/testthat/include/testthat/vendor/catch.hpp:478:85: note: expanded from macro 'INTERNAL_CATCH_UNIQUE_NAME'
  478 | #  define INTERNAL_CATCH_UNIQUE_NAME( name ) INTERNAL_CATCH_UNIQUE_NAME_LINE( name, __COUNTER__ )
      |                                                                                     ^
In file included from main.cpp:39:
./test-as_advanced.h:8:1: warning: '__COUNTER__' is a C2y extension [-Wc2y-extensions]
    8 | context("as_advanced-C++") {
      | ^
/home/pacha/R/x86_64-pc-linux-gnu-library/4.6/testthat/include/testthat/testthat.h:187:25: note: expanded from macro 'context'
  187 | # define context(__X__) CATCH_TEST_CASE(__X__ " | " __FILE__)
      |                         ^
/home/pacha/R/x86_64-pc-linux-gnu-library/4.6/testthat/include/testthat/vendor/catch.hpp:17623:32: note: expanded from macro 'CATCH_TEST_CASE'
 17623 | #define CATCH_TEST_CASE( ... ) INTERNAL_CATCH_TESTCASE( __VA_ARGS__ )
       |                                ^
/home/pacha/R/x86_64-pc-linux-gnu-library/4.6/testthat/include/testthat/vendor/catch.hpp:1062:35: note: expanded from macro 'INTERNAL_CATCH_TESTCASE'
 1062 |         INTERNAL_CATCH_TESTCASE2( INTERNAL_CATCH_UNIQUE_NAME( C_A_T_C_H_T_E_S_T_ ), __VA_ARGS__ )
      |                                   ^
/home/pacha/R/x86_64-pc-linux-gnu-library/4.6/testthat/include/testthat/vendor/catch.hpp:478:85: note: expanded from macro 'INTERNAL_CATCH_UNIQUE_NAME'
  478 | #  define INTERNAL_CATCH_UNIQUE_NAME( name ) INTERNAL_CATCH_UNIQUE_NAME_LINE( name, __COUNTER__ )
      |                                                                                     ^
In file included from main.cpp:39:
./test-as_advanced.h:8:1: warning: '__COUNTER__' is a C2y extension [-Wc2y-extensions]
/home/pacha/R/x86_64-pc-linux-gnu-library/4.6/testthat/include/testthat/testthat.h:187:25: note: expanded from macro 'context'
  187 | # define context(__X__) CATCH_TEST_CASE(__X__ " | " __FILE__)
      |                         ^
/home/pacha/R/x86_64-pc-linux-gnu-library/4.6/testthat/include/testthat/vendor/catch.hpp:17623:32: note: expanded from macro 'CATCH_TEST_CASE'
 17623 | #define CATCH_TEST_CASE( ... ) INTERNAL_CATCH_TESTCASE( __VA_ARGS__ )
       |                                ^
/home/pacha/R/x86_64-pc-linux-gnu-library/4.6/testthat/include/testthat/vendor/catch.hpp:1062:9: note: expanded from macro 'INTERNAL_CATCH_TESTCASE'
 1062 |         INTERNAL_CATCH_TESTCASE2( INTERNAL_CATCH_UNIQUE_NAME( C_A_T_C_H_T_E_S_T_ ), __VA_ARGS__ )
      |         ^
/home/pacha/R/x86_64-pc-linux-gnu-library/4.6/testthat/include/testthat/vendor/catch.hpp:1058:35: note: expanded from macro 'INTERNAL_CATCH_TESTCASE2'
 1058 |         namespace{ Catch::AutoReg INTERNAL_CATCH_UNIQUE_NAME( autoRegistrar )( Catch::makeTestInvoker( &TestName ), CATCH_INTERNAL_LINEINFO, Catch::StringRef(), Catch::NameAndTags{ __VA_ARGS__ } ); } /* NOLINT */ \
      |                                   ^
/home/pacha/R/x86_64-pc-linux-gnu-library/4.6/testthat/include/testthat/vendor/catch.hpp:478:85: note: expanded from macro 'INTERNAL_CATCH_UNIQUE_NAME'
  478 | #  define INTERNAL_CATCH_UNIQUE_NAME( name ) INTERNAL_CATCH_UNIQUE_NAME_LINE( name, __COUNTER__ )
      |                                                                                     ^
In file included from main.cpp:39:
./test-as_advanced.h:9:3: warning: '__COUNTER__' is a C2y extension [-Wc2y-extensions]
    9 |   test_that("as_cpp with int type") {
      |   ^
/home/pacha/R/x86_64-pc-linux-gnu-library/4.6/testthat/include/testthat/testthat.h:188:20: note: expanded from macro 'test_that'
  188 | # define test_that CATCH_SECTION
      |                    ^
/home/pacha/R/x86_64-pc-linux-gnu-library/4.6/testthat/include/testthat/vendor/catch.hpp:17627:30: note: expanded from macro 'CATCH_SECTION'
 17627 | #define CATCH_SECTION( ... ) INTERNAL_CATCH_SECTION( __VA_ARGS__ )
       |                              ^
/home/pacha/R/x86_64-pc-linux-gnu-library/4.6/testthat/include/testthat/vendor/catch.hpp:2940:31: note: expanded from macro 'INTERNAL_CATCH_SECTION'
 2940 |     if( Catch::Section const& INTERNAL_CATCH_UNIQUE_NAME( catch_internal_Section ) = Catch::SectionInfo( CATCH_INTERNAL_LINEINFO, __VA_ARGS__ ) ) \
      |                               ^
/home/pacha/R/x86_64-pc-linux-gnu-library/4.6/testthat/include/testthat/vendor/catch.hpp:478:85: note: expanded from macro 'INTERNAL_CATCH_UNIQUE_NAME'
  478 | #  define INTERNAL_CATCH_UNIQUE_NAME( name ) INTERNAL_CATCH_UNIQUE_NAME_LINE( name, __COUNTER__ )
      |                                                                                     ^
In file included from main.cpp:39:
./test-as_advanced.h:16:3: warning: '__COUNTER__' is a C2y extension [-Wc2y-extensions]
   16 |   test_that("as_sexp with std::map<std::string, SEXP>") {
      |   ^
/home/pacha/R/x86_64-pc-linux-gnu-library/4.6/testthat/include/testthat/testthat.h:188:20: note: expanded from macro 'test_that'
  188 | # define test_that CATCH_SECTION
      |                    ^
/home/pacha/R/x86_64-pc-linux-gnu-library/4.6/testthat/include/testthat/vendor/catch.hpp:17627:30: note: expanded from macro 'CATCH_SECTION'
 17627 | #define CATCH_SECTION( ... ) INTERNAL_CATCH_SECTION( __VA_ARGS__ )
       |                              ^
/home/pacha/R/x86_64-pc-linux-gnu-library/4.6/testthat/include/testthat/vendor/catch.hpp:2940:31: note: expanded from macro 'INTERNAL_CATCH_SECTION'
 2940 |     if( Catch::Section const& INTERNAL_CATCH_UNIQUE_NAME( catch_internal_Section ) = Catch::SectionInfo( CATCH_INTERNAL_LINEINFO, __VA_ARGS__ ) ) \
      |                               ^
/home/pacha/R/x86_64-pc-linux-gnu-library/4.6/testthat/include/testthat/vendor/catch.hpp:478:85: note: expanded from macro 'INTERNAL_CATCH_UNIQUE_NAME'
  478 | #  define INTERNAL_CATCH_UNIQUE_NAME( name ) INTERNAL_CATCH_UNIQUE_NAME_LINE( name, __COUNTER__ )
      |                                                                                     ^
In file included from main.cpp:39:
./test-as_advanced.h:30:3: warning: '__COUNTER__' is a C2y extension [-Wc2y-extensions]
   30 |   test_that("as_sexp with std::map<double, int>") {
      |   ^
/home/pacha/R/x86_64-pc-linux-gnu-library/4.6/testthat/include/testthat/testthat.h:188:20: note: expanded from macro 'test_that'
  188 | # define test_that CATCH_SECTION
      |                    ^
/home/pacha/R/x86_64-pc-linux-gnu-library/4.6/testthat/include/testthat/vendor/catch.hpp:17627:30: note: expanded from macro 'CATCH_SECTION'
 17627 | #define CATCH_SECTION( ... ) INTERNAL_CATCH_SECTION( __VA_ARGS__ )
       |                              ^
/home/pacha/R/x86_64-pc-linux-gnu-library/4.6/testthat/include/testthat/vendor/catch.hpp:2940:31: note: expanded from macro 'INTERNAL_CATCH_SECTION'
 2940 |     if( Catch::Section const& INTERNAL_CATCH_UNIQUE_NAME( catch_internal_Section ) = Catch::SectionInfo( CATCH_INTERNAL_LINEINFO, __VA_ARGS__ ) ) \
      |                               ^
/home/pacha/R/x86_64-pc-linux-gnu-library/4.6/testthat/include/testthat/vendor/catch.hpp:478:85: note: expanded from macro 'INTERNAL_CATCH_UNIQUE_NAME'
  478 | #  define INTERNAL_CATCH_UNIQUE_NAME( name ) INTERNAL_CATCH_UNIQUE_NAME_LINE( name, __COUNTER__ )
      |                                                                                     ^
In file included from main.cpp:39:
./test-as_advanced.h:40:3: warning: '__COUNTER__' is a C2y extension [-Wc2y-extensions]
   40 |   test_that("as_sexp with std::unordered_map<std::string, SEXP>") {
      |   ^
/home/pacha/R/x86_64-pc-linux-gnu-library/4.6/testthat/include/testthat/testthat.h:188:20: note: expanded from macro 'test_that'
  188 | # define test_that CATCH_SECTION
      |                    ^
/home/pacha/R/x86_64-pc-linux-gnu-library/4.6/testthat/include/testthat/vendor/catch.hpp:17627:30: note: expanded from macro 'CATCH_SECTION'
 17627 | #define CATCH_SECTION( ... ) INTERNAL_CATCH_SECTION( __VA_ARGS__ )
       |                              ^
/home/pacha/R/x86_64-pc-linux-gnu-library/4.6/testthat/include/testthat/vendor/catch.hpp:2940:31: note: expanded from macro 'INTERNAL_CATCH_SECTION'
 2940 |     if( Catch::Section const& INTERNAL_CATCH_UNIQUE_NAME( catch_internal_Section ) = Catch::SectionInfo( CATCH_INTERNAL_LINEINFO, __VA_ARGS__ ) ) \
      |                               ^
/home/pacha/R/x86_64-pc-linux-gnu-library/4.6/testthat/include/testthat/vendor/catch.hpp:478:85: note: expanded from macro 'INTERNAL_CATCH_UNIQUE_NAME'
  478 | #  define INTERNAL_CATCH_UNIQUE_NAME( name ) INTERNAL_CATCH_UNIQUE_NAME_LINE( name, __COUNTER__ )
      |                                                                                     ^
In file included from main.cpp:39:
./test-as_advanced.h:50:3: warning: '__COUNTER__' is a C2y extension [-Wc2y-extensions]
   50 |   test_that("as_sexp with std::list<double>") {
      |   ^
/home/pacha/R/x86_64-pc-linux-gnu-library/4.6/testthat/include/testthat/testthat.h:188:20: note: expanded from macro 'test_that'
  188 | # define test_that CATCH_SECTION
      |                    ^
/home/pacha/R/x86_64-pc-linux-gnu-library/4.6/testthat/include/testthat/vendor/catch.hpp:17627:30: note: expanded from macro 'CATCH_SECTION'
 17627 | #define CATCH_SECTION( ... ) INTERNAL_CATCH_SECTION( __VA_ARGS__ )
       |                              ^
/home/pacha/R/x86_64-pc-linux-gnu-library/4.6/testthat/include/testthat/vendor/catch.hpp:2940:31: note: expanded from macro 'INTERNAL_CATCH_SECTION'
 2940 |     if( Catch::Section const& INTERNAL_CATCH_UNIQUE_NAME( catch_internal_Section ) = Catch::SectionInfo( CATCH_INTERNAL_LINEINFO, __VA_ARGS__ ) ) \
      |                               ^
/home/pacha/R/x86_64-pc-linux-gnu-library/4.6/testthat/include/testthat/vendor/catch.hpp:478:85: note: expanded from macro 'INTERNAL_CATCH_UNIQUE_NAME'
  478 | #  define INTERNAL_CATCH_UNIQUE_NAME( name ) INTERNAL_CATCH_UNIQUE_NAME_LINE( name, __COUNTER__ )
      |                                                                                     ^
In file included from main.cpp:39:
./test-as_advanced.h:58:3: warning: '__COUNTER__' is a C2y extension [-Wc2y-extensions]
   58 |   test_that("as_cpp with SEXP passthrough") {
      |   ^
/home/pacha/R/x86_64-pc-linux-gnu-library/4.6/testthat/include/testthat/testthat.h:188:20: note: expanded from macro 'test_that'
  188 | # define test_that CATCH_SECTION
      |                    ^
/home/pacha/R/x86_64-pc-linux-gnu-library/4.6/testthat/include/testthat/vendor/catch.hpp:17627:30: note: expanded from macro 'CATCH_SECTION'
 17627 | #define CATCH_SECTION( ... ) INTERNAL_CATCH_SECTION( __VA_ARGS__ )
       |                              ^
/home/pacha/R/x86_64-pc-linux-gnu-library/4.6/testthat/include/testthat/vendor/catch.hpp:2940:31: note: expanded from macro 'INTERNAL_CATCH_SECTION'
 2940 |     if( Catch::Section const& INTERNAL_CATCH_UNIQUE_NAME( catch_internal_Section ) = Catch::SectionInfo( CATCH_INTERNAL_LINEINFO, __VA_ARGS__ ) ) \
      |                               ^
/home/pacha/R/x86_64-pc-linux-gnu-library/4.6/testthat/include/testthat/vendor/catch.hpp:478:85: note: expanded from macro 'INTERNAL_CATCH_UNIQUE_NAME'
  478 | #  define INTERNAL_CATCH_UNIQUE_NAME( name ) INTERNAL_CATCH_UNIQUE_NAME_LINE( name, __COUNTER__ )
      |                                                                                     ^
In file included from main.cpp:39:
./test-as_advanced.h:65:3: warning: '__COUNTER__' is a C2y extension [-Wc2y-extensions]
   65 |   test_that("as_cpp for std::complex<double>") {
      |   ^
/home/pacha/R/x86_64-pc-linux-gnu-library/4.6/testthat/include/testthat/testthat.h:188:20: note: expanded from macro 'test_that'
  188 | # define test_that CATCH_SECTION
      |                    ^
/home/pacha/R/x86_64-pc-linux-gnu-library/4.6/testthat/include/testthat/vendor/catch.hpp:17627:30: note: expanded from macro 'CATCH_SECTION'
 17627 | #define CATCH_SECTION( ... ) INTERNAL_CATCH_SECTION( __VA_ARGS__ )
       |                              ^
/home/pacha/R/x86_64-pc-linux-gnu-library/4.6/testthat/include/testthat/vendor/catch.hpp:2940:31: note: expanded from macro 'INTERNAL_CATCH_SECTION'
 2940 |     if( Catch::Section const& INTERNAL_CATCH_UNIQUE_NAME( catch_internal_Section ) = Catch::SectionInfo( CATCH_INTERNAL_LINEINFO, __VA_ARGS__ ) ) \
      |                               ^
/home/pacha/R/x86_64-pc-linux-gnu-library/4.6/testthat/include/testthat/vendor/catch.hpp:478:85: note: expanded from macro 'INTERNAL_CATCH_UNIQUE_NAME'
  478 | #  define INTERNAL_CATCH_UNIQUE_NAME( name ) INTERNAL_CATCH_UNIQUE_NAME_LINE( name, __COUNTER__ )
      |                                                                                     ^
In file included from main.cpp:39:
./test-as_advanced.h:76:3: warning: '__COUNTER__' is a C2y extension [-Wc2y-extensions]
   76 |   test_that("as_sexp for std::complex<double>") {
      |   ^
/home/pacha/R/x86_64-pc-linux-gnu-library/4.6/testthat/include/testthat/testthat.h:188:20: note: expanded from macro 'test_that'
  188 | # define test_that CATCH_SECTION
      |                    ^
/home/pacha/R/x86_64-pc-linux-gnu-library/4.6/testthat/include/testthat/vendor/catch.hpp:17627:30: note: expanded from macro 'CATCH_SECTION'
 17627 | #define CATCH_SECTION( ... ) INTERNAL_CATCH_SECTION( __VA_ARGS__ )
       |                              ^
/home/pacha/R/x86_64-pc-linux-gnu-library/4.6/testthat/include/testthat/vendor/catch.hpp:2940:31: note: expanded from macro 'INTERNAL_CATCH_SECTION'
 2940 |     if( Catch::Section const& INTERNAL_CATCH_UNIQUE_NAME( catch_internal_Section ) = Catch::SectionInfo( CATCH_INTERNAL_LINEINFO, __VA_ARGS__ ) ) \
      |                               ^
/home/pacha/R/x86_64-pc-linux-gnu-library/4.6/testthat/include/testthat/vendor/catch.hpp:478:85: note: expanded from macro 'INTERNAL_CATCH_UNIQUE_NAME'
  478 | #  define INTERNAL_CATCH_UNIQUE_NAME( name ) INTERNAL_CATCH_UNIQUE_NAME_LINE( name, __COUNTER__ )
      |                                                                                     ^
In file included from main.cpp:40:
./test-as_complexes.h:3:1: warning: '__COUNTER__' is a C2y extension [-Wc2y-extensions]
    3 | context("as_complexes-C++") {
      | ^
/home/pacha/R/x86_64-pc-linux-gnu-library/4.6/testthat/include/testthat/testthat.h:187:25: note: expanded from macro 'context'
  187 | # define context(__X__) CATCH_TEST_CASE(__X__ " | " __FILE__)
      |                         ^
/home/pacha/R/x86_64-pc-linux-gnu-library/4.6/testthat/include/testthat/vendor/catch.hpp:17623:32: note: expanded from macro 'CATCH_TEST_CASE'
 17623 | #define CATCH_TEST_CASE( ... ) INTERNAL_CATCH_TESTCASE( __VA_ARGS__ )
       |                                ^
/home/pacha/R/x86_64-pc-linux-gnu-library/4.6/testthat/include/testthat/vendor/catch.hpp:1062:35: note: expanded from macro 'INTERNAL_CATCH_TESTCASE'
 1062 |         INTERNAL_CATCH_TESTCASE2( INTERNAL_CATCH_UNIQUE_NAME( C_A_T_C_H_T_E_S_T_ ), __VA_ARGS__ )
      |                                   ^
/home/pacha/R/x86_64-pc-linux-gnu-library/4.6/testthat/include/testthat/vendor/catch.hpp:478:85: note: expanded from macro 'INTERNAL_CATCH_UNIQUE_NAME'
  478 | #  define INTERNAL_CATCH_UNIQUE_NAME( name ) INTERNAL_CATCH_UNIQUE_NAME_LINE( name, __COUNTER__ )
      |                                                                                     ^
In file included from main.cpp:40:
./test-as_complexes.h:3:1: warning: '__COUNTER__' is a C2y extension [-Wc2y-extensions]
/home/pacha/R/x86_64-pc-linux-gnu-library/4.6/testthat/include/testthat/testthat.h:187:25: note: expanded from macro 'context'
  187 | # define context(__X__) CATCH_TEST_CASE(__X__ " | " __FILE__)
      |                         ^
/home/pacha/R/x86_64-pc-linux-gnu-library/4.6/testthat/include/testthat/vendor/catch.hpp:17623:32: note: expanded from macro 'CATCH_TEST_CASE'
 17623 | #define CATCH_TEST_CASE( ... ) INTERNAL_CATCH_TESTCASE( __VA_ARGS__ )
       |                                ^
/home/pacha/R/x86_64-pc-linux-gnu-library/4.6/testthat/include/testthat/vendor/catch.hpp:1062:9: note: expanded from macro 'INTERNAL_CATCH_TESTCASE'
 1062 |         INTERNAL_CATCH_TESTCASE2( INTERNAL_CATCH_UNIQUE_NAME( C_A_T_C_H_T_E_S_T_ ), __VA_ARGS__ )
      |         ^
/home/pacha/R/x86_64-pc-linux-gnu-library/4.6/testthat/include/testthat/vendor/catch.hpp:1058:35: note: expanded from macro 'INTERNAL_CATCH_TESTCASE2'
 1058 |         namespace{ Catch::AutoReg INTERNAL_CATCH_UNIQUE_NAME( autoRegistrar )( Catch::makeTestInvoker( &TestName ), CATCH_INTERNAL_LINEINFO, Catch::StringRef(), Catch::NameAndTags{ __VA_ARGS__ } ); } /* NOLINT */ \
      |                                   ^
/home/pacha/R/x86_64-pc-linux-gnu-library/4.6/testthat/include/testthat/vendor/catch.hpp:478:85: note: expanded from macro 'INTERNAL_CATCH_UNIQUE_NAME'
  478 | #  define INTERNAL_CATCH_UNIQUE_NAME( name ) INTERNAL_CATCH_UNIQUE_NAME_LINE( name, __COUNTER__ )
      |                                                                                     ^
In file included from main.cpp:40:
./test-as_complexes.h:4:3: warning: '__COUNTER__' is a C2y extension [-Wc2y-extensions]
    4 |   test_that("as_complexes from integers") {
      |   ^
/home/pacha/R/x86_64-pc-linux-gnu-library/4.6/testthat/include/testthat/testthat.h:188:20: note: expanded from macro 'test_that'
  188 | # define test_that CATCH_SECTION
      |                    ^
/home/pacha/R/x86_64-pc-linux-gnu-library/4.6/testthat/include/testthat/vendor/catch.hpp:17627:30: note: expanded from macro 'CATCH_SECTION'
 17627 | #define CATCH_SECTION( ... ) INTERNAL_CATCH_SECTION( __VA_ARGS__ )
       |                              ^
/home/pacha/R/x86_64-pc-linux-gnu-library/4.6/testthat/include/testthat/vendor/catch.hpp:2940:31: note: expanded from macro 'INTERNAL_CATCH_SECTION'
 2940 |     if( Catch::Section const& INTERNAL_CATCH_UNIQUE_NAME( catch_internal_Section ) = Catch::SectionInfo( CATCH_INTERNAL_LINEINFO, __VA_ARGS__ ) ) \
      |                               ^
/home/pacha/R/x86_64-pc-linux-gnu-library/4.6/testthat/include/testthat/vendor/catch.hpp:478:85: note: expanded from macro 'INTERNAL_CATCH_UNIQUE_NAME'
  478 | #  define INTERNAL_CATCH_UNIQUE_NAME( name ) INTERNAL_CATCH_UNIQUE_NAME_LINE( name, __COUNTER__ )
      |                                                                                     ^
In file included from main.cpp:40:
./test-as_complexes.h:14:3: warning: '__COUNTER__' is a C2y extension [-Wc2y-extensions]
   14 |   test_that("as_complexes handles NA_INTEGER") {
      |   ^
/home/pacha/R/x86_64-pc-linux-gnu-library/4.6/testthat/include/testthat/testthat.h:188:20: note: expanded from macro 'test_that'
  188 | # define test_that CATCH_SECTION
      |                    ^
/home/pacha/R/x86_64-pc-linux-gnu-library/4.6/testthat/include/testthat/vendor/catch.hpp:17627:30: note: expanded from macro 'CATCH_SECTION'
 17627 | #define CATCH_SECTION( ... ) INTERNAL_CATCH_SECTION( __VA_ARGS__ )
       |                              ^
/home/pacha/R/x86_64-pc-linux-gnu-library/4.6/testthat/include/testthat/vendor/catch.hpp:2940:31: note: expanded from macro 'INTERNAL_CATCH_SECTION'
 2940 |     if( Catch::Section const& INTERNAL_CATCH_UNIQUE_NAME( catch_internal_Section ) = Catch::SectionInfo( CATCH_INTERNAL_LINEINFO, __VA_ARGS__ ) ) \
      |                               ^
/home/pacha/R/x86_64-pc-linux-gnu-library/4.6/testthat/include/testthat/vendor/catch.hpp:478:85: note: expanded from macro 'INTERNAL_CATCH_UNIQUE_NAME'
  478 | #  define INTERNAL_CATCH_UNIQUE_NAME( name ) INTERNAL_CATCH_UNIQUE_NAME_LINE( name, __COUNTER__ )
      |                                                                                     ^
In file included from main.cpp:40:
./test-as_complexes.h:22:3: warning: '__COUNTER__' is a C2y extension [-Wc2y-extensions]
   22 |   test_that("as_complexes from complex passthrough") {
      |   ^
/home/pacha/R/x86_64-pc-linux-gnu-library/4.6/testthat/include/testthat/testthat.h:188:20: note: expanded from macro 'test_that'
  188 | # define test_that CATCH_SECTION
      |                    ^
/home/pacha/R/x86_64-pc-linux-gnu-library/4.6/testthat/include/testthat/vendor/catch.hpp:17627:30: note: expanded from macro 'CATCH_SECTION'
 17627 | #define CATCH_SECTION( ... ) INTERNAL_CATCH_SECTION( __VA_ARGS__ )
       |                              ^
/home/pacha/R/x86_64-pc-linux-gnu-library/4.6/testthat/include/testthat/vendor/catch.hpp:2940:31: note: expanded from macro 'INTERNAL_CATCH_SECTION'
 2940 |     if( Catch::Section const& INTERNAL_CATCH_UNIQUE_NAME( catch_internal_Section ) = Catch::SectionInfo( CATCH_INTERNAL_LINEINFO, __VA_ARGS__ ) ) \
      |                               ^
/home/pacha/R/x86_64-pc-linux-gnu-library/4.6/testthat/include/testthat/vendor/catch.hpp:478:85: note: expanded from macro 'INTERNAL_CATCH_UNIQUE_NAME'
  478 | #  define INTERNAL_CATCH_UNIQUE_NAME( name ) INTERNAL_CATCH_UNIQUE_NAME_LINE( name, __COUNTER__ )
      |                                                                                     ^
In file included from main.cpp:40:
./test-as_complexes.h:28:3: warning: '__COUNTER__' is a C2y extension [-Wc2y-extensions]
   28 |   test_that("as_complexes throws on invalid type") {
      |   ^
/home/pacha/R/x86_64-pc-linux-gnu-library/4.6/testthat/include/testthat/testthat.h:188:20: note: expanded from macro 'test_that'
  188 | # define test_that CATCH_SECTION
      |                    ^
/home/pacha/R/x86_64-pc-linux-gnu-library/4.6/testthat/include/testthat/vendor/catch.hpp:17627:30: note: expanded from macro 'CATCH_SECTION'
 17627 | #define CATCH_SECTION( ... ) INTERNAL_CATCH_SECTION( __VA_ARGS__ )
       |                              ^
/home/pacha/R/x86_64-pc-linux-gnu-library/4.6/testthat/include/testthat/vendor/catch.hpp:2940:31: note: expanded from macro 'INTERNAL_CATCH_SECTION'
 2940 |     if( Catch::Section const& INTERNAL_CATCH_UNIQUE_NAME( catch_internal_Section ) = Catch::SectionInfo( CATCH_INTERNAL_LINEINFO, __VA_ARGS__ ) ) \
      |                               ^
/home/pacha/R/x86_64-pc-linux-gnu-library/4.6/testthat/include/testthat/vendor/catch.hpp:478:85: note: expanded from macro 'INTERNAL_CATCH_UNIQUE_NAME'
  478 | #  define INTERNAL_CATCH_UNIQUE_NAME( name ) INTERNAL_CATCH_UNIQUE_NAME_LINE( name, __COUNTER__ )
      |                                                                                     ^
In file included from main.cpp:40:
./test-as_complexes.h:33:3: warning: '__COUNTER__' is a C2y extension [-Wc2y-extensions]
   33 |   test_that("complex_vector wrapper works") {
      |   ^
/home/pacha/R/x86_64-pc-linux-gnu-library/4.6/testthat/include/testthat/testthat.h:188:20: note: expanded from macro 'test_that'
  188 | # define test_that CATCH_SECTION
      |                    ^
/home/pacha/R/x86_64-pc-linux-gnu-library/4.6/testthat/include/testthat/vendor/catch.hpp:17627:30: note: expanded from macro 'CATCH_SECTION'
 17627 | #define CATCH_SECTION( ... ) INTERNAL_CATCH_SECTION( __VA_ARGS__ )
       |                              ^
/home/pacha/R/x86_64-pc-linux-gnu-library/4.6/testthat/include/testthat/vendor/catch.hpp:2940:31: note: expanded from macro 'INTERNAL_CATCH_SECTION'
 2940 |     if( Catch::Section const& INTERNAL_CATCH_UNIQUE_NAME( catch_internal_Section ) = Catch::SectionInfo( CATCH_INTERNAL_LINEINFO, __VA_ARGS__ ) ) \
      |                               ^
/home/pacha/R/x86_64-pc-linux-gnu-library/4.6/testthat/include/testthat/vendor/catch.hpp:478:85: note: expanded from macro 'INTERNAL_CATCH_UNIQUE_NAME'
  478 | #  define INTERNAL_CATCH_UNIQUE_NAME( name ) INTERNAL_CATCH_UNIQUE_NAME_LINE( name, __COUNTER__ )
      |                                                                                     ^
In file included from main.cpp:41:
./test-attribute_proxy.h:3:1: warning: '__COUNTER__' is a C2y extension [-Wc2y-extensions]
    3 | context("attribute_proxy-C++") {
      | ^
/home/pacha/R/x86_64-pc-linux-gnu-library/4.6/testthat/include/testthat/testthat.h:187:25: note: expanded from macro 'context'
  187 | # define context(__X__) CATCH_TEST_CASE(__X__ " | " __FILE__)
      |                         ^
/home/pacha/R/x86_64-pc-linux-gnu-library/4.6/testthat/include/testthat/vendor/catch.hpp:17623:32: note: expanded from macro 'CATCH_TEST_CASE'
 17623 | #define CATCH_TEST_CASE( ... ) INTERNAL_CATCH_TESTCASE( __VA_ARGS__ )
       |                                ^
/home/pacha/R/x86_64-pc-linux-gnu-library/4.6/testthat/include/testthat/vendor/catch.hpp:1062:35: note: expanded from macro 'INTERNAL_CATCH_TESTCASE'
 1062 |         INTERNAL_CATCH_TESTCASE2( INTERNAL_CATCH_UNIQUE_NAME( C_A_T_C_H_T_E_S_T_ ), __VA_ARGS__ )
      |                                   ^
/home/pacha/R/x86_64-pc-linux-gnu-library/4.6/testthat/include/testthat/vendor/catch.hpp:478:85: note: expanded from macro 'INTERNAL_CATCH_UNIQUE_NAME'
  478 | #  define INTERNAL_CATCH_UNIQUE_NAME( name ) INTERNAL_CATCH_UNIQUE_NAME_LINE( name, __COUNTER__ )
      |                                                                                     ^
In file included from main.cpp:41:
./test-attribute_proxy.h:3:1: warning: '__COUNTER__' is a C2y extension [-Wc2y-extensions]
/home/pacha/R/x86_64-pc-linux-gnu-library/4.6/testthat/include/testthat/testthat.h:187:25: note: expanded from macro 'context'
  187 | # define context(__X__) CATCH_TEST_CASE(__X__ " | " __FILE__)
      |                         ^
/home/pacha/R/x86_64-pc-linux-gnu-library/4.6/testthat/include/testthat/vendor/catch.hpp:17623:32: note: expanded from macro 'CATCH_TEST_CASE'
 17623 | #define CATCH_TEST_CASE( ... ) INTERNAL_CATCH_TESTCASE( __VA_ARGS__ )
       |                                ^
/home/pacha/R/x86_64-pc-linux-gnu-library/4.6/testthat/include/testthat/vendor/catch.hpp:1062:9: note: expanded from macro 'INTERNAL_CATCH_TESTCASE'
 1062 |         INTERNAL_CATCH_TESTCASE2( INTERNAL_CATCH_UNIQUE_NAME( C_A_T_C_H_T_E_S_T_ ), __VA_ARGS__ )
      |         ^
/home/pacha/R/x86_64-pc-linux-gnu-library/4.6/testthat/include/testthat/vendor/catch.hpp:1058:35: note: expanded from macro 'INTERNAL_CATCH_TESTCASE2'
 1058 |         namespace{ Catch::AutoReg INTERNAL_CATCH_UNIQUE_NAME( autoRegistrar )( Catch::makeTestInvoker( &TestName ), CATCH_INTERNAL_LINEINFO, Catch::StringRef(), Catch::NameAndTags{ __VA_ARGS__ } ); } /* NOLINT */ \
      |                                   ^
/home/pacha/R/x86_64-pc-linux-gnu-library/4.6/testthat/include/testthat/vendor/catch.hpp:478:85: note: expanded from macro 'INTERNAL_CATCH_UNIQUE_NAME'
  478 | #  define INTERNAL_CATCH_UNIQUE_NAME( name ) INTERNAL_CATCH_UNIQUE_NAME_LINE( name, __COUNTER__ )
      |                                                                                     ^
In file included from main.cpp:41:
./test-attribute_proxy.h:4:3: warning: '__COUNTER__' is a C2y extension [-Wc2y-extensions]
    4 |   test_that("attribute_proxy with initializer_list") {
      |   ^
/home/pacha/R/x86_64-pc-linux-gnu-library/4.6/testthat/include/testthat/testthat.h:188:20: note: expanded from macro 'test_that'
  188 | # define test_that CATCH_SECTION
      |                    ^
/home/pacha/R/x86_64-pc-linux-gnu-library/4.6/testthat/include/testthat/vendor/catch.hpp:17627:30: note: expanded from macro 'CATCH_SECTION'
 17627 | #define CATCH_SECTION( ... ) INTERNAL_CATCH_SECTION( __VA_ARGS__ )
       |                              ^
/home/pacha/R/x86_64-pc-linux-gnu-library/4.6/testthat/include/testthat/vendor/catch.hpp:2940:31: note: expanded from macro 'INTERNAL_CATCH_SECTION'
 2940 |     if( Catch::Section const& INTERNAL_CATCH_UNIQUE_NAME( catch_internal_Section ) = Catch::SectionInfo( CATCH_INTERNAL_LINEINFO, __VA_ARGS__ ) ) \
      |                               ^
/home/pacha/R/x86_64-pc-linux-gnu-library/4.6/testthat/include/testthat/vendor/catch.hpp:478:85: note: expanded from macro 'INTERNAL_CATCH_UNIQUE_NAME'
  478 | #  define INTERNAL_CATCH_UNIQUE_NAME( name ) INTERNAL_CATCH_UNIQUE_NAME_LINE( name, __COUNTER__ )
      |                                                                                     ^
In file included from main.cpp:41:
./test-attribute_proxy.h:14:3: warning: '__COUNTER__' is a C2y extension [-Wc2y-extensions]
   14 |   test_that("attribute_proxy with SEXP name") {
      |   ^
/home/pacha/R/x86_64-pc-linux-gnu-library/4.6/testthat/include/testthat/testthat.h:188:20: note: expanded from macro 'test_that'
  188 | # define test_that CATCH_SECTION
      |                    ^
/home/pacha/R/x86_64-pc-linux-gnu-library/4.6/testthat/include/testthat/vendor/catch.hpp:17627:30: note: expanded from macro 'CATCH_SECTION'
 17627 | #define CATCH_SECTION( ... ) INTERNAL_CATCH_SECTION( __VA_ARGS__ )
       |                              ^
/home/pacha/R/x86_64-pc-linux-gnu-library/4.6/testthat/include/testthat/vendor/catch.hpp:2940:31: note: expanded from macro 'INTERNAL_CATCH_SECTION'
 2940 |     if( Catch::Section const& INTERNAL_CATCH_UNIQUE_NAME( catch_internal_Section ) = Catch::SectionInfo( CATCH_INTERNAL_LINEINFO, __VA_ARGS__ ) ) \
      |                               ^
/home/pacha/R/x86_64-pc-linux-gnu-library/4.6/testthat/include/testthat/vendor/catch.hpp:478:85: note: expanded from macro 'INTERNAL_CATCH_UNIQUE_NAME'
  478 | #  define INTERNAL_CATCH_UNIQUE_NAME( name ) INTERNAL_CATCH_UNIQUE_NAME_LINE( name, __COUNTER__ )
      |                                                                                     ^
In file included from main.cpp:41:
./test-attribute_proxy.h:23:3: warning: '__COUNTER__' is a C2y extension [-Wc2y-extensions]
   23 |   test_that("attribute_proxy read via SEXP conversion") {
      |   ^
/home/pacha/R/x86_64-pc-linux-gnu-library/4.6/testthat/include/testthat/testthat.h:188:20: note: expanded from macro 'test_that'
  188 | # define test_that CATCH_SECTION
      |                    ^
/home/pacha/R/x86_64-pc-linux-gnu-library/4.6/testthat/include/testthat/vendor/catch.hpp:17627:30: note: expanded from macro 'CATCH_SECTION'
 17627 | #define CATCH_SECTION( ... ) INTERNAL_CATCH_SECTION( __VA_ARGS__ )
       |                              ^
/home/pacha/R/x86_64-pc-linux-gnu-library/4.6/testthat/include/testthat/vendor/catch.hpp:2940:31: note: expanded from macro 'INTERNAL_CATCH_SECTION'
 2940 |     if( Catch::Section const& INTERNAL_CATCH_UNIQUE_NAME( catch_internal_Section ) = Catch::SectionInfo( CATCH_INTERNAL_LINEINFO, __VA_ARGS__ ) ) \
      |                               ^
/home/pacha/R/x86_64-pc-linux-gnu-library/4.6/testthat/include/testthat/vendor/catch.hpp:478:85: note: expanded from macro 'INTERNAL_CATCH_UNIQUE_NAME'
  478 | #  define INTERNAL_CATCH_UNIQUE_NAME( name ) INTERNAL_CATCH_UNIQUE_NAME_LINE( name, __COUNTER__ )
      |                                                                                     ^
In file included from main.cpp:42:
./test-complex.h:26:1: warning: '__COUNTER__' is a C2y extension [-Wc2y-extensions]
   26 | context("complexes-C++") {
      | ^
/home/pacha/R/x86_64-pc-linux-gnu-library/4.6/testthat/include/testthat/testthat.h:187:25: note: expanded from macro 'context'
  187 | # define context(__X__) CATCH_TEST_CASE(__X__ " | " __FILE__)
      |                         ^
/home/pacha/R/x86_64-pc-linux-gnu-library/4.6/testthat/include/testthat/vendor/catch.hpp:17623:32: note: expanded from macro 'CATCH_TEST_CASE'
 17623 | #define CATCH_TEST_CASE( ... ) INTERNAL_CATCH_TESTCASE( __VA_ARGS__ )
       |                                ^
/home/pacha/R/x86_64-pc-linux-gnu-library/4.6/testthat/include/testthat/vendor/catch.hpp:1062:35: note: expanded from macro 'INTERNAL_CATCH_TESTCASE'
 1062 |         INTERNAL_CATCH_TESTCASE2( INTERNAL_CATCH_UNIQUE_NAME( C_A_T_C_H_T_E_S_T_ ), __VA_ARGS__ )
      |                                   ^
/home/pacha/R/x86_64-pc-linux-gnu-library/4.6/testthat/include/testthat/vendor/catch.hpp:478:85: note: expanded from macro 'INTERNAL_CATCH_UNIQUE_NAME'
  478 | #  define INTERNAL_CATCH_UNIQUE_NAME( name ) INTERNAL_CATCH_UNIQUE_NAME_LINE( name, __COUNTER__ )
      |                                                                                     ^
In file included from main.cpp:42:
./test-complex.h:26:1: warning: '__COUNTER__' is a C2y extension [-Wc2y-extensions]
/home/pacha/R/x86_64-pc-linux-gnu-library/4.6/testthat/include/testthat/testthat.h:187:25: note: expanded from macro 'context'
  187 | # define context(__X__) CATCH_TEST_CASE(__X__ " | " __FILE__)
      |                         ^
/home/pacha/R/x86_64-pc-linux-gnu-library/4.6/testthat/include/testthat/vendor/catch.hpp:17623:32: note: expanded from macro 'CATCH_TEST_CASE'
 17623 | #define CATCH_TEST_CASE( ... ) INTERNAL_CATCH_TESTCASE( __VA_ARGS__ )
       |                                ^
/home/pacha/R/x86_64-pc-linux-gnu-library/4.6/testthat/include/testthat/vendor/catch.hpp:1062:9: note: expanded from macro 'INTERNAL_CATCH_TESTCASE'
 1062 |         INTERNAL_CATCH_TESTCASE2( INTERNAL_CATCH_UNIQUE_NAME( C_A_T_C_H_T_E_S_T_ ), __VA_ARGS__ )
      |         ^
/home/pacha/R/x86_64-pc-linux-gnu-library/4.6/testthat/include/testthat/vendor/catch.hpp:1058:35: note: expanded from macro 'INTERNAL_CATCH_TESTCASE2'
 1058 |         namespace{ Catch::AutoReg INTERNAL_CATCH_UNIQUE_NAME( autoRegistrar )( Catch::makeTestInvoker( &TestName ), CATCH_INTERNAL_LINEINFO, Catch::StringRef(), Catch::NameAndTags{ __VA_ARGS__ } ); } /* NOLINT */ \
      |                                   ^
/home/pacha/R/x86_64-pc-linux-gnu-library/4.6/testthat/include/testthat/vendor/catch.hpp:478:85: note: expanded from macro 'INTERNAL_CATCH_UNIQUE_NAME'
  478 | #  define INTERNAL_CATCH_UNIQUE_NAME( name ) INTERNAL_CATCH_UNIQUE_NAME_LINE( name, __COUNTER__ )
      |                                                                                     ^
In file included from main.cpp:42:
./test-complex.h:27:3: warning: '__COUNTER__' is a C2y extension [-Wc2y-extensions]
   27 |   test_that("complexes::r_vector(SEXP)") {
      |   ^
/home/pacha/R/x86_64-pc-linux-gnu-library/4.6/testthat/include/testthat/testthat.h:188:20: note: expanded from macro 'test_that'
  188 | # define test_that CATCH_SECTION
      |                    ^
/home/pacha/R/x86_64-pc-linux-gnu-library/4.6/testthat/include/testthat/vendor/catch.hpp:17627:30: note: expanded from macro 'CATCH_SECTION'
 17627 | #define CATCH_SECTION( ... ) INTERNAL_CATCH_SECTION( __VA_ARGS__ )
       |                              ^
/home/pacha/R/x86_64-pc-linux-gnu-library/4.6/testthat/include/testthat/vendor/catch.hpp:2940:31: note: expanded from macro 'INTERNAL_CATCH_SECTION'
 2940 |     if( Catch::Section const& INTERNAL_CATCH_UNIQUE_NAME( catch_internal_Section ) = Catch::SectionInfo( CATCH_INTERNAL_LINEINFO, __VA_ARGS__ ) ) \
      |                               ^
/home/pacha/R/x86_64-pc-linux-gnu-library/4.6/testthat/include/testthat/vendor/catch.hpp:478:85: note: expanded from macro 'INTERNAL_CATCH_UNIQUE_NAME'
  478 | #  define INTERNAL_CATCH_UNIQUE_NAME( name ) INTERNAL_CATCH_UNIQUE_NAME_LINE( name, __COUNTER__ )
      |                                                                                     ^
In file included from main.cpp:42:
./test-complex.h:34:3: warning: '__COUNTER__' is a C2y extension [-Wc2y-extensions]
   34 |   test_that("complexes::r_vector::const_iterator()") {
      |   ^
/home/pacha/R/x86_64-pc-linux-gnu-library/4.6/testthat/include/testthat/testthat.h:188:20: note: expanded from macro 'test_that'
  188 | # define test_that CATCH_SECTION
      |                    ^
/home/pacha/R/x86_64-pc-linux-gnu-library/4.6/testthat/include/testthat/vendor/catch.hpp:17627:30: note: expanded from macro 'CATCH_SECTION'
 17627 | #define CATCH_SECTION( ... ) INTERNAL_CATCH_SECTION( __VA_ARGS__ )
       |                              ^
/home/pacha/R/x86_64-pc-linux-gnu-library/4.6/testthat/include/testthat/vendor/catch.hpp:2940:31: note: expanded from macro 'INTERNAL_CATCH_SECTION'
 2940 |     if( Catch::Section const& INTERNAL_CATCH_UNIQUE_NAME( catch_internal_Section ) = Catch::SectionInfo( CATCH_INTERNAL_LINEINFO, __VA_ARGS__ ) ) \
      |                               ^
/home/pacha/R/x86_64-pc-linux-gnu-library/4.6/testthat/include/testthat/vendor/catch.hpp:478:85: note: expanded from macro 'INTERNAL_CATCH_UNIQUE_NAME'
  478 | #  define INTERNAL_CATCH_UNIQUE_NAME( name ) INTERNAL_CATCH_UNIQUE_NAME_LINE( name, __COUNTER__ )
      |                                                                                     ^
In file included from main.cpp:42:
./test-complex.h:76:3: warning: '__COUNTER__' is a C2y extension [-Wc2y-extensions]
   76 |   test_that("complexes.push_back()") {
      |   ^
/home/pacha/R/x86_64-pc-linux-gnu-library/4.6/testthat/include/testthat/testthat.h:188:20: note: expanded from macro 'test_that'
  188 | # define test_that CATCH_SECTION
      |                    ^
/home/pacha/R/x86_64-pc-linux-gnu-library/4.6/testthat/include/testthat/vendor/catch.hpp:17627:30: note: expanded from macro 'CATCH_SECTION'
 17627 | #define CATCH_SECTION( ... ) INTERNAL_CATCH_SECTION( __VA_ARGS__ )
       |                              ^
/home/pacha/R/x86_64-pc-linux-gnu-library/4.6/testthat/include/testthat/vendor/catch.hpp:2940:31: note: expanded from macro 'INTERNAL_CATCH_SECTION'
 2940 |     if( Catch::Section const& INTERNAL_CATCH_UNIQUE_NAME( catch_internal_Section ) = Catch::SectionInfo( CATCH_INTERNAL_LINEINFO, __VA_ARGS__ ) ) \
      |                               ^
/home/pacha/R/x86_64-pc-linux-gnu-library/4.6/testthat/include/testthat/vendor/catch.hpp:478:85: note: expanded from macro 'INTERNAL_CATCH_UNIQUE_NAME'
  478 | #  define INTERNAL_CATCH_UNIQUE_NAME( name ) INTERNAL_CATCH_UNIQUE_NAME_LINE( name, __COUNTER__ )
      |                                                                                     ^
In file included from main.cpp:42:
./test-complex.h:91:3: warning: '__COUNTER__' is a C2y extension [-Wc2y-extensions]
   91 |   test_that("complexes.resize()") {
      |   ^
/home/pacha/R/x86_64-pc-linux-gnu-library/4.6/testthat/include/testthat/testthat.h:188:20: note: expanded from macro 'test_that'
  188 | # define test_that CATCH_SECTION
      |                    ^
/home/pacha/R/x86_64-pc-linux-gnu-library/4.6/testthat/include/testthat/vendor/catch.hpp:17627:30: note: expanded from macro 'CATCH_SECTION'
 17627 | #define CATCH_SECTION( ... ) INTERNAL_CATCH_SECTION( __VA_ARGS__ )
       |                              ^
/home/pacha/R/x86_64-pc-linux-gnu-library/4.6/testthat/include/testthat/vendor/catch.hpp:2940:31: note: expanded from macro 'INTERNAL_CATCH_SECTION'
 2940 |     if( Catch::Section const& INTERNAL_CATCH_UNIQUE_NAME( catch_internal_Section ) = Catch::SectionInfo( CATCH_INTERNAL_LINEINFO, __VA_ARGS__ ) ) \
      |                               ^
/home/pacha/R/x86_64-pc-linux-gnu-library/4.6/testthat/include/testthat/vendor/catch.hpp:478:85: note: expanded from macro 'INTERNAL_CATCH_UNIQUE_NAME'
  478 | #  define INTERNAL_CATCH_UNIQUE_NAME( name ) INTERNAL_CATCH_UNIQUE_NAME_LINE( name, __COUNTER__ )
      |                                                                                     ^
In file included from main.cpp:42:
./test-complex.h:107:3: warning: '__COUNTER__' is a C2y extension [-Wc2y-extensions]
  107 |   test_that("complexes.at()") {
      |   ^
/home/pacha/R/x86_64-pc-linux-gnu-library/4.6/testthat/include/testthat/testthat.h:188:20: note: expanded from macro 'test_that'
  188 | # define test_that CATCH_SECTION
      |                    ^
/home/pacha/R/x86_64-pc-linux-gnu-library/4.6/testthat/include/testthat/vendor/catch.hpp:17627:30: note: expanded from macro 'CATCH_SECTION'
 17627 | #define CATCH_SECTION( ... ) INTERNAL_CATCH_SECTION( __VA_ARGS__ )
       |                              ^
/home/pacha/R/x86_64-pc-linux-gnu-library/4.6/testthat/include/testthat/vendor/catch.hpp:2940:31: note: expanded from macro 'INTERNAL_CATCH_SECTION'
 2940 |     if( Catch::Section const& INTERNAL_CATCH_UNIQUE_NAME( catch_internal_Section ) = Catch::SectionInfo( CATCH_INTERNAL_LINEINFO, __VA_ARGS__ ) ) \
      |                               ^
/home/pacha/R/x86_64-pc-linux-gnu-library/4.6/testthat/include/testthat/vendor/catch.hpp:478:85: note: expanded from macro 'INTERNAL_CATCH_UNIQUE_NAME'
  478 | #  define INTERNAL_CATCH_UNIQUE_NAME( name ) INTERNAL_CATCH_UNIQUE_NAME_LINE( name, __COUNTER__ )
      |                                                                                     ^
In file included from main.cpp:42:
./test-complex.h:120:3: warning: '__COUNTER__' is a C2y extension [-Wc2y-extensions]
  120 |   test_that("complexes.pop_back()") {
      |   ^
/home/pacha/R/x86_64-pc-linux-gnu-library/4.6/testthat/include/testthat/testthat.h:188:20: note: expanded from macro 'test_that'
  188 | # define test_that CATCH_SECTION
      |                    ^
/home/pacha/R/x86_64-pc-linux-gnu-library/4.6/testthat/include/testthat/vendor/catch.hpp:17627:30: note: expanded from macro 'CATCH_SECTION'
 17627 | #define CATCH_SECTION( ... ) INTERNAL_CATCH_SECTION( __VA_ARGS__ )
       |                              ^
/home/pacha/R/x86_64-pc-linux-gnu-library/4.6/testthat/include/testthat/vendor/catch.hpp:2940:31: note: expanded from macro 'INTERNAL_CATCH_SECTION'
 2940 |     if( Catch::Section const& INTERNAL_CATCH_UNIQUE_NAME( catch_internal_Section ) = Catch::SectionInfo( CATCH_INTERNAL_LINEINFO, __VA_ARGS__ ) ) \
      |                               ^
/home/pacha/R/x86_64-pc-linux-gnu-library/4.6/testthat/include/testthat/vendor/catch.hpp:478:85: note: expanded from macro 'INTERNAL_CATCH_UNIQUE_NAME'
  478 | #  define INTERNAL_CATCH_UNIQUE_NAME( name ) INTERNAL_CATCH_UNIQUE_NAME_LINE( name, __COUNTER__ )
      |                                                                                     ^
In file included from main.cpp:42:
./test-complex.h:135:3: warning: '__COUNTER__' is a C2y extension [-Wc2y-extensions]
  135 |   test_that("complexes.insert()") {
      |   ^
/home/pacha/R/x86_64-pc-linux-gnu-library/4.6/testthat/include/testthat/testthat.h:188:20: note: expanded from macro 'test_that'
  188 | # define test_that CATCH_SECTION
      |                    ^
/home/pacha/R/x86_64-pc-linux-gnu-library/4.6/testthat/include/testthat/vendor/catch.hpp:17627:30: note: expanded from macro 'CATCH_SECTION'
 17627 | #define CATCH_SECTION( ... ) INTERNAL_CATCH_SECTION( __VA_ARGS__ )
       |                              ^
/home/pacha/R/x86_64-pc-linux-gnu-library/4.6/testthat/include/testthat/vendor/catch.hpp:2940:31: note: expanded from macro 'INTERNAL_CATCH_SECTION'
 2940 |     if( Catch::Section const& INTERNAL_CATCH_UNIQUE_NAME( catch_internal_Section ) = Catch::SectionInfo( CATCH_INTERNAL_LINEINFO, __VA_ARGS__ ) ) \
      |                               ^
/home/pacha/R/x86_64-pc-linux-gnu-library/4.6/testthat/include/testthat/vendor/catch.hpp:478:85: note: expanded from macro 'INTERNAL_CATCH_UNIQUE_NAME'
  478 | #  define INTERNAL_CATCH_UNIQUE_NAME( name ) INTERNAL_CATCH_UNIQUE_NAME_LINE( name, __COUNTER__ )
      |                                                                                     ^
In file included from main.cpp:42:
./test-complex.h:151:3: warning: '__COUNTER__' is a C2y extension [-Wc2y-extensions]
  151 |   test_that("complexes.erase()") {
      |   ^
/home/pacha/R/x86_64-pc-linux-gnu-library/4.6/testthat/include/testthat/testthat.h:188:20: note: expanded from macro 'test_that'
  188 | # define test_that CATCH_SECTION
      |                    ^
/home/pacha/R/x86_64-pc-linux-gnu-library/4.6/testthat/include/testthat/vendor/catch.hpp:17627:30: note: expanded from macro 'CATCH_SECTION'
 17627 | #define CATCH_SECTION( ... ) INTERNAL_CATCH_SECTION( __VA_ARGS__ )
       |                              ^
/home/pacha/R/x86_64-pc-linux-gnu-library/4.6/testthat/include/testthat/vendor/catch.hpp:2940:31: note: expanded from macro 'INTERNAL_CATCH_SECTION'
 2940 |     if( Catch::Section const& INTERNAL_CATCH_UNIQUE_NAME( catch_internal_Section ) = Catch::SectionInfo( CATCH_INTERNAL_LINEINFO, __VA_ARGS__ ) ) \
      |                               ^
/home/pacha/R/x86_64-pc-linux-gnu-library/4.6/testthat/include/testthat/vendor/catch.hpp:478:85: note: expanded from macro 'INTERNAL_CATCH_UNIQUE_NAME'
  478 | #  define INTERNAL_CATCH_UNIQUE_NAME( name ) INTERNAL_CATCH_UNIQUE_NAME_LINE( name, __COUNTER__ )
      |                                                                                     ^
In file included from main.cpp:42:
./test-complex.h:183:3: warning: '__COUNTER__' is a C2y extension [-Wc2y-extensions]
  183 |   test_that("complexes.iterator* = ") {
      |   ^
/home/pacha/R/x86_64-pc-linux-gnu-library/4.6/testthat/include/testthat/testthat.h:188:20: note: expanded from macro 'test_that'
  188 | # define test_that CATCH_SECTION
      |                    ^
/home/pacha/R/x86_64-pc-linux-gnu-library/4.6/testthat/include/testthat/vendor/catch.hpp:17627:30: note: expanded from macro 'CATCH_SECTION'
 17627 | #define CATCH_SECTION( ... ) INTERNAL_CATCH_SECTION( __VA_ARGS__ )
       |                              ^
/home/pacha/R/x86_64-pc-linux-gnu-library/4.6/testthat/include/testthat/vendor/catch.hpp:2940:31: note: expanded from macro 'INTERNAL_CATCH_SECTION'
 2940 |     if( Catch::Section const& INTERNAL_CATCH_UNIQUE_NAME( catch_internal_Section ) = Catch::SectionInfo( CATCH_INTERNAL_LINEINFO, __VA_ARGS__ ) ) \
      |                               ^
/home/pacha/R/x86_64-pc-linux-gnu-library/4.6/testthat/include/testthat/vendor/catch.hpp:478:85: note: expanded from macro 'INTERNAL_CATCH_UNIQUE_NAME'
  478 | #  define INTERNAL_CATCH_UNIQUE_NAME( name ) INTERNAL_CATCH_UNIQUE_NAME_LINE( name, __COUNTER__ )
      |                                                                                     ^
In file included from main.cpp:42:
./test-complex.h:204:3: warning: '__COUNTER__' is a C2y extension [-Wc2y-extensions]
  204 |   test_that("writable::complexes(SEXP)") {
      |   ^
/home/pacha/R/x86_64-pc-linux-gnu-library/4.6/testthat/include/testthat/testthat.h:188:20: note: expanded from macro 'test_that'
  188 | # define test_that CATCH_SECTION
      |                    ^
/home/pacha/R/x86_64-pc-linux-gnu-library/4.6/testthat/include/testthat/vendor/catch.hpp:17627:30: note: expanded from macro 'CATCH_SECTION'
 17627 | #define CATCH_SECTION( ... ) INTERNAL_CATCH_SECTION( __VA_ARGS__ )
       |                              ^
/home/pacha/R/x86_64-pc-linux-gnu-library/4.6/testthat/include/testthat/vendor/catch.hpp:2940:31: note: expanded from macro 'INTERNAL_CATCH_SECTION'
 2940 |     if( Catch::Section const& INTERNAL_CATCH_UNIQUE_NAME( catch_internal_Section ) = Catch::SectionInfo( CATCH_INTERNAL_LINEINFO, __VA_ARGS__ ) ) \
      |                               ^
/home/pacha/R/x86_64-pc-linux-gnu-library/4.6/testthat/include/testthat/vendor/catch.hpp:478:85: note: expanded from macro 'INTERNAL_CATCH_UNIQUE_NAME'
  478 | #  define INTERNAL_CATCH_UNIQUE_NAME( name ) INTERNAL_CATCH_UNIQUE_NAME_LINE( name, __COUNTER__ )
      |                                                                                     ^
In file included from main.cpp:42:
./test-complex.h:242:3: warning: '__COUNTER__' is a C2y extension [-Wc2y-extensions]
  242 |   test_that("writable::complexes(SEXP, bool)") {
      |   ^
/home/pacha/R/x86_64-pc-linux-gnu-library/4.6/testthat/include/testthat/testthat.h:188:20: note: expanded from macro 'test_that'
  188 | # define test_that CATCH_SECTION
      |                    ^
/home/pacha/R/x86_64-pc-linux-gnu-library/4.6/testthat/include/testthat/vendor/catch.hpp:17627:30: note: expanded from macro 'CATCH_SECTION'
 17627 | #define CATCH_SECTION( ... ) INTERNAL_CATCH_SECTION( __VA_ARGS__ )
       |                              ^
/home/pacha/R/x86_64-pc-linux-gnu-library/4.6/testthat/include/testthat/vendor/catch.hpp:2940:31: note: expanded from macro 'INTERNAL_CATCH_SECTION'
 2940 |     if( Catch::Section const& INTERNAL_CATCH_UNIQUE_NAME( catch_internal_Section ) = Catch::SectionInfo( CATCH_INTERNAL_LINEINFO, __VA_ARGS__ ) ) \
      |                               ^
/home/pacha/R/x86_64-pc-linux-gnu-library/4.6/testthat/include/testthat/vendor/catch.hpp:478:85: note: expanded from macro 'INTERNAL_CATCH_UNIQUE_NAME'
  478 | #  define INTERNAL_CATCH_UNIQUE_NAME( name ) INTERNAL_CATCH_UNIQUE_NAME_LINE( name, __COUNTER__ )
      |                                                                                     ^
In file included from main.cpp:42:
./test-complex.h:252:3: warning: '__COUNTER__' is a C2y extension [-Wc2y-extensions]
  252 |   test_that("writable::complexes(SEXP) assignment") {
      |   ^
/home/pacha/R/x86_64-pc-linux-gnu-library/4.6/testthat/include/testthat/testthat.h:188:20: note: expanded from macro 'test_that'
  188 | # define test_that CATCH_SECTION
      |                    ^
/home/pacha/R/x86_64-pc-linux-gnu-library/4.6/testthat/include/testthat/vendor/catch.hpp:17627:30: note: expanded from macro 'CATCH_SECTION'
 17627 | #define CATCH_SECTION( ... ) INTERNAL_CATCH_SECTION( __VA_ARGS__ )
       |                              ^
/home/pacha/R/x86_64-pc-linux-gnu-library/4.6/testthat/include/testthat/vendor/catch.hpp:2940:31: note: expanded from macro 'INTERNAL_CATCH_SECTION'
 2940 |     if( Catch::Section const& INTERNAL_CATCH_UNIQUE_NAME( catch_internal_Section ) = Catch::SectionInfo( CATCH_INTERNAL_LINEINFO, __VA_ARGS__ ) ) \
      |                               ^
/home/pacha/R/x86_64-pc-linux-gnu-library/4.6/testthat/include/testthat/vendor/catch.hpp:478:85: note: expanded from macro 'INTERNAL_CATCH_UNIQUE_NAME'
  478 | #  define INTERNAL_CATCH_UNIQUE_NAME( name ) INTERNAL_CATCH_UNIQUE_NAME_LINE( name, __COUNTER__ )
      |                                                                                     ^
In file included from main.cpp:42:
./test-complex.h:266:3: warning: '__COUNTER__' is a C2y extension [-Wc2y-extensions]
  266 |   test_that("writable::complexes(SEXP) move assignment") {
      |   ^
/home/pacha/R/x86_64-pc-linux-gnu-library/4.6/testthat/include/testthat/testthat.h:188:20: note: expanded from macro 'test_that'
  188 | # define test_that CATCH_SECTION
      |                    ^
/home/pacha/R/x86_64-pc-linux-gnu-library/4.6/testthat/include/testthat/vendor/catch.hpp:17627:30: note: expanded from macro 'CATCH_SECTION'
 17627 | #define CATCH_SECTION( ... ) INTERNAL_CATCH_SECTION( __VA_ARGS__ )
       |                              ^
/home/pacha/R/x86_64-pc-linux-gnu-library/4.6/testthat/include/testthat/vendor/catch.hpp:2940:31: note: expanded from macro 'INTERNAL_CATCH_SECTION'
 2940 |     if( Catch::Section const& INTERNAL_CATCH_UNIQUE_NAME( catch_internal_Section ) = Catch::SectionInfo( CATCH_INTERNAL_LINEINFO, __VA_ARGS__ ) ) \
      |                               ^
/home/pacha/R/x86_64-pc-linux-gnu-library/4.6/testthat/include/testthat/vendor/catch.hpp:478:85: note: expanded from macro 'INTERNAL_CATCH_UNIQUE_NAME'
  478 | #  define INTERNAL_CATCH_UNIQUE_NAME( name ) INTERNAL_CATCH_UNIQUE_NAME_LINE( name, __COUNTER__ )
      |                                                                                     ^
In file included from main.cpp:42:
./test-complex.h:282:3: warning: '__COUNTER__' is a C2y extension [-Wc2y-extensions]
  282 |   test_that("complexes::names(empty)") {
      |   ^
/home/pacha/R/x86_64-pc-linux-gnu-library/4.6/testthat/include/testthat/testthat.h:188:20: note: expanded from macro 'test_that'
  188 | # define test_that CATCH_SECTION
      |                    ^
/home/pacha/R/x86_64-pc-linux-gnu-library/4.6/testthat/include/testthat/vendor/catch.hpp:17627:30: note: expanded from macro 'CATCH_SECTION'
 17627 | #define CATCH_SECTION( ... ) INTERNAL_CATCH_SECTION( __VA_ARGS__ )
       |                              ^
/home/pacha/R/x86_64-pc-linux-gnu-library/4.6/testthat/include/testthat/vendor/catch.hpp:2940:31: note: expanded from macro 'INTERNAL_CATCH_SECTION'
 2940 |     if( Catch::Section const& INTERNAL_CATCH_UNIQUE_NAME( catch_internal_Section ) = Catch::SectionInfo( CATCH_INTERNAL_LINEINFO, __VA_ARGS__ ) ) \
      |                               ^
/home/pacha/R/x86_64-pc-linux-gnu-library/4.6/testthat/include/testthat/vendor/catch.hpp:478:85: note: expanded from macro 'INTERNAL_CATCH_UNIQUE_NAME'
  478 | #  define INTERNAL_CATCH_UNIQUE_NAME( name ) INTERNAL_CATCH_UNIQUE_NAME_LINE( name, __COUNTER__ )
      |                                                                                     ^
In file included from main.cpp:42:
./test-complex.h:288:3: warning: '__COUNTER__' is a C2y extension [-Wc2y-extensions]
  288 |   test_that("complexes::names") {
      |   ^
/home/pacha/R/x86_64-pc-linux-gnu-library/4.6/testthat/include/testthat/testthat.h:188:20: note: expanded from macro 'test_that'
  188 | # define test_that CATCH_SECTION
      |                    ^
/home/pacha/R/x86_64-pc-linux-gnu-library/4.6/testthat/include/testthat/vendor/catch.hpp:17627:30: note: expanded from macro 'CATCH_SECTION'
 17627 | #define CATCH_SECTION( ... ) INTERNAL_CATCH_SECTION( __VA_ARGS__ )
       |                              ^
/home/pacha/R/x86_64-pc-linux-gnu-library/4.6/testthat/include/testthat/vendor/catch.hpp:2940:31: note: expanded from macro 'INTERNAL_CATCH_SECTION'
 2940 |     if( Catch::Section const& INTERNAL_CATCH_UNIQUE_NAME( catch_internal_Section ) = Catch::SectionInfo( CATCH_INTERNAL_LINEINFO, __VA_ARGS__ ) ) \
      |                               ^
/home/pacha/R/x86_64-pc-linux-gnu-library/4.6/testthat/include/testthat/vendor/catch.hpp:478:85: note: expanded from macro 'INTERNAL_CATCH_UNIQUE_NAME'
  478 | #  define INTERNAL_CATCH_UNIQUE_NAME( name ) INTERNAL_CATCH_UNIQUE_NAME_LINE( name, __COUNTER__ )
      |                                                                                     ^
In file included from main.cpp:42:
./test-complex.h:316:3: warning: '__COUNTER__' is a C2y extension [-Wc2y-extensions]
  316 |   test_that("complexes::attr") {
      |   ^
/home/pacha/R/x86_64-pc-linux-gnu-library/4.6/testthat/include/testthat/testthat.h:188:20: note: expanded from macro 'test_that'
  188 | # define test_that CATCH_SECTION
      |                    ^
/home/pacha/R/x86_64-pc-linux-gnu-library/4.6/testthat/include/testthat/vendor/catch.hpp:17627:30: note: expanded from macro 'CATCH_SECTION'
 17627 | #define CATCH_SECTION( ... ) INTERNAL_CATCH_SECTION( __VA_ARGS__ )
       |                              ^
/home/pacha/R/x86_64-pc-linux-gnu-library/4.6/testthat/include/testthat/vendor/catch.hpp:2940:31: note: expanded from macro 'INTERNAL_CATCH_SECTION'
 2940 |     if( Catch::Section const& INTERNAL_CATCH_UNIQUE_NAME( catch_internal_Section ) = Catch::SectionInfo( CATCH_INTERNAL_LINEINFO, __VA_ARGS__ ) ) \
      |                               ^
/home/pacha/R/x86_64-pc-linux-gnu-library/4.6/testthat/include/testthat/vendor/catch.hpp:478:85: note: expanded from macro 'INTERNAL_CATCH_UNIQUE_NAME'
  478 | #  define INTERNAL_CATCH_UNIQUE_NAME( name ) INTERNAL_CATCH_UNIQUE_NAME_LINE( name, __COUNTER__ )
      |                                                                                     ^
In file included from main.cpp:42:
./test-complex.h:337:3: warning: '__COUNTER__' is a C2y extension [-Wc2y-extensions]
  337 |   test_that("writable::complexes(std::vector<r_complex>::iterator)") {
      |   ^
/home/pacha/R/x86_64-pc-linux-gnu-library/4.6/testthat/include/testthat/testthat.h:188:20: note: expanded from macro 'test_that'
  188 | # define test_that CATCH_SECTION
      |                    ^
/home/pacha/R/x86_64-pc-linux-gnu-library/4.6/testthat/include/testthat/vendor/catch.hpp:17627:30: note: expanded from macro 'CATCH_SECTION'
 17627 | #define CATCH_SECTION( ... ) INTERNAL_CATCH_SECTION( __VA_ARGS__ )
       |                              ^
/home/pacha/R/x86_64-pc-linux-gnu-library/4.6/testthat/include/testthat/vendor/catch.hpp:2940:31: note: expanded from macro 'INTERNAL_CATCH_SECTION'
 2940 |     if( Catch::Section const& INTERNAL_CATCH_UNIQUE_NAME( catch_internal_Section ) = Catch::SectionInfo( CATCH_INTERNAL_LINEINFO, __VA_ARGS__ ) ) \
      |                               ^
/home/pacha/R/x86_64-pc-linux-gnu-library/4.6/testthat/include/testthat/vendor/catch.hpp:478:85: note: expanded from macro 'INTERNAL_CATCH_UNIQUE_NAME'
  478 | #  define INTERNAL_CATCH_UNIQUE_NAME( name ) INTERNAL_CATCH_UNIQUE_NAME_LINE( name, __COUNTER__ )
      |                                                                                     ^
In file included from main.cpp:42:
./test-complex.h:349:3: warning: '__COUNTER__' is a C2y extension [-Wc2y-extensions]
  349 |   test_that("writable::complexes(std::vector<r_complex>)") {
      |   ^
/home/pacha/R/x86_64-pc-linux-gnu-library/4.6/testthat/include/testthat/testthat.h:188:20: note: expanded from macro 'test_that'
  188 | # define test_that CATCH_SECTION
      |                    ^
/home/pacha/R/x86_64-pc-linux-gnu-library/4.6/testthat/include/testthat/vendor/catch.hpp:17627:30: note: expanded from macro 'CATCH_SECTION'
 17627 | #define CATCH_SECTION( ... ) INTERNAL_CATCH_SECTION( __VA_ARGS__ )
       |                              ^
/home/pacha/R/x86_64-pc-linux-gnu-library/4.6/testthat/include/testthat/vendor/catch.hpp:2940:31: note: expanded from macro 'INTERNAL_CATCH_SECTION'
 2940 |     if( Catch::Section const& INTERNAL_CATCH_UNIQUE_NAME( catch_internal_Section ) = Catch::SectionInfo( CATCH_INTERNAL_LINEINFO, __VA_ARGS__ ) ) \
      |                               ^
/home/pacha/R/x86_64-pc-linux-gnu-library/4.6/testthat/include/testthat/vendor/catch.hpp:478:85: note: expanded from macro 'INTERNAL_CATCH_UNIQUE_NAME'
  478 | #  define INTERNAL_CATCH_UNIQUE_NAME( name ) INTERNAL_CATCH_UNIQUE_NAME_LINE( name, __COUNTER__ )
      |                                                                                     ^
In file included from main.cpp:42:
./test-complex.h:362:3: warning: '__COUNTER__' is a C2y extension [-Wc2y-extensions]
  362 |   test_that("writable::complexes attributes are kept when converted to complexes") {
      |   ^
/home/pacha/R/x86_64-pc-linux-gnu-library/4.6/testthat/include/testthat/testthat.h:188:20: note: expanded from macro 'test_that'
  188 | # define test_that CATCH_SECTION
      |                    ^
/home/pacha/R/x86_64-pc-linux-gnu-library/4.6/testthat/include/testthat/vendor/catch.hpp:17627:30: note: expanded from macro 'CATCH_SECTION'
 17627 | #define CATCH_SECTION( ... ) INTERNAL_CATCH_SECTION( __VA_ARGS__ )
       |                              ^
/home/pacha/R/x86_64-pc-linux-gnu-library/4.6/testthat/include/testthat/vendor/catch.hpp:2940:31: note: expanded from macro 'INTERNAL_CATCH_SECTION'
 2940 |     if( Catch::Section const& INTERNAL_CATCH_UNIQUE_NAME( catch_internal_Section ) = Catch::SectionInfo( CATCH_INTERNAL_LINEINFO, __VA_ARGS__ ) ) \
      |                               ^
/home/pacha/R/x86_64-pc-linux-gnu-library/4.6/testthat/include/testthat/vendor/catch.hpp:478:85: note: expanded from macro 'INTERNAL_CATCH_UNIQUE_NAME'
  478 | #  define INTERNAL_CATCH_UNIQUE_NAME( name ) INTERNAL_CATCH_UNIQUE_NAME_LINE( name, __COUNTER__ )
      |                                                                                     ^
In file included from main.cpp:42:
./test-complex.h:378:3: warning: '__COUNTER__' is a C2y extension [-Wc2y-extensions]
  378 |   test_that("comparison operator works") {
      |   ^
/home/pacha/R/x86_64-pc-linux-gnu-library/4.6/testthat/include/testthat/testthat.h:188:20: note: expanded from macro 'test_that'
  188 | # define test_that CATCH_SECTION
      |                    ^
/home/pacha/R/x86_64-pc-linux-gnu-library/4.6/testthat/include/testthat/vendor/catch.hpp:17627:30: note: expanded from macro 'CATCH_SECTION'
 17627 | #define CATCH_SECTION( ... ) INTERNAL_CATCH_SECTION( __VA_ARGS__ )
       |                              ^
/home/pacha/R/x86_64-pc-linux-gnu-library/4.6/testthat/include/testthat/vendor/catch.hpp:2940:31: note: expanded from macro 'INTERNAL_CATCH_SECTION'
 2940 |     if( Catch::Section const& INTERNAL_CATCH_UNIQUE_NAME( catch_internal_Section ) = Catch::SectionInfo( CATCH_INTERNAL_LINEINFO, __VA_ARGS__ ) ) \
      |                               ^
/home/pacha/R/x86_64-pc-linux-gnu-library/4.6/testthat/include/testthat/vendor/catch.hpp:478:85: note: expanded from macro 'INTERNAL_CATCH_UNIQUE_NAME'
  478 | #  define INTERNAL_CATCH_UNIQUE_NAME( name ) INTERNAL_CATCH_UNIQUE_NAME_LINE( name, __COUNTER__ )
      |                                                                                     ^
In file included from main.cpp:42:
./test-complex.h:408:3: warning: '__COUNTER__' is a C2y extension [-Wc2y-extensions]
  408 |   test_that("proxy comparison works symmetrically") {
      |   ^
/home/pacha/R/x86_64-pc-linux-gnu-library/4.6/testthat/include/testthat/testthat.h:188:20: note: expanded from macro 'test_that'
  188 | # define test_that CATCH_SECTION
      |                    ^
/home/pacha/R/x86_64-pc-linux-gnu-library/4.6/testthat/include/testthat/vendor/catch.hpp:17627:30: note: expanded from macro 'CATCH_SECTION'
 17627 | #define CATCH_SECTION( ... ) INTERNAL_CATCH_SECTION( __VA_ARGS__ )
       |                              ^
/home/pacha/R/x86_64-pc-linux-gnu-library/4.6/testthat/include/testthat/vendor/catch.hpp:2940:31: note: expanded from macro 'INTERNAL_CATCH_SECTION'
 2940 |     if( Catch::Section const& INTERNAL_CATCH_UNIQUE_NAME( catch_internal_Section ) = Catch::SectionInfo( CATCH_INTERNAL_LINEINFO, __VA_ARGS__ ) ) \
      |                               ^
/home/pacha/R/x86_64-pc-linux-gnu-library/4.6/testthat/include/testthat/vendor/catch.hpp:478:85: note: expanded from macro 'INTERNAL_CATCH_UNIQUE_NAME'
  478 | #  define INTERNAL_CATCH_UNIQUE_NAME( name ) INTERNAL_CATCH_UNIQUE_NAME_LINE( name, __COUNTER__ )
      |                                                                                     ^
In file included from main.cpp:42:
./test-complex.h:416:3: warning: '__COUNTER__' is a C2y extension [-Wc2y-extensions]
  416 |   test_that("complexes operator[] and at") {
      |   ^
/home/pacha/R/x86_64-pc-linux-gnu-library/4.6/testthat/include/testthat/testthat.h:188:20: note: expanded from macro 'test_that'
  188 | # define test_that CATCH_SECTION
      |                    ^
/home/pacha/R/x86_64-pc-linux-gnu-library/4.6/testthat/include/testthat/vendor/catch.hpp:17627:30: note: expanded from macro 'CATCH_SECTION'
 17627 | #define CATCH_SECTION( ... ) INTERNAL_CATCH_SECTION( __VA_ARGS__ )
       |                              ^
/home/pacha/R/x86_64-pc-linux-gnu-library/4.6/testthat/include/testthat/vendor/catch.hpp:2940:31: note: expanded from macro 'INTERNAL_CATCH_SECTION'
 2940 |     if( Catch::Section const& INTERNAL_CATCH_UNIQUE_NAME( catch_internal_Section ) = Catch::SectionInfo( CATCH_INTERNAL_LINEINFO, __VA_ARGS__ ) ) \
      |                               ^
/home/pacha/R/x86_64-pc-linux-gnu-library/4.6/testthat/include/testthat/vendor/catch.hpp:478:85: note: expanded from macro 'INTERNAL_CATCH_UNIQUE_NAME'
  478 | #  define INTERNAL_CATCH_UNIQUE_NAME( name ) INTERNAL_CATCH_UNIQUE_NAME_LINE( name, __COUNTER__ )
      |                                                                                     ^
In file included from main.cpp:42:
./test-complex.h:437:3: warning: '__COUNTER__' is a C2y extension [-Wc2y-extensions]
  437 |   test_that("writable::complexes operator[] and at") {
      |   ^
/home/pacha/R/x86_64-pc-linux-gnu-library/4.6/testthat/include/testthat/testthat.h:188:20: note: expanded from macro 'test_that'
  188 | # define test_that CATCH_SECTION
      |                    ^
/home/pacha/R/x86_64-pc-linux-gnu-library/4.6/testthat/include/testthat/vendor/catch.hpp:17627:30: note: expanded from macro 'CATCH_SECTION'
 17627 | #define CATCH_SECTION( ... ) INTERNAL_CATCH_SECTION( __VA_ARGS__ )
       |                              ^
/home/pacha/R/x86_64-pc-linux-gnu-library/4.6/testthat/include/testthat/vendor/catch.hpp:2940:31: note: expanded from macro 'INTERNAL_CATCH_SECTION'
 2940 |     if( Catch::Section const& INTERNAL_CATCH_UNIQUE_NAME( catch_internal_Section ) = Catch::SectionInfo( CATCH_INTERNAL_LINEINFO, __VA_ARGS__ ) ) \
      |                               ^
/home/pacha/R/x86_64-pc-linux-gnu-library/4.6/testthat/include/testthat/vendor/catch.hpp:478:85: note: expanded from macro 'INTERNAL_CATCH_UNIQUE_NAME'
  478 | #  define INTERNAL_CATCH_UNIQUE_NAME( name ) INTERNAL_CATCH_UNIQUE_NAME_LINE( name, __COUNTER__ )
      |                                                                                     ^
In file included from main.cpp:42:
./test-complex.h:458:3: warning: '__COUNTER__' is a C2y extension [-Wc2y-extensions]
  458 |   test_that("operator[] and at with names") {
      |   ^
/home/pacha/R/x86_64-pc-linux-gnu-library/4.6/testthat/include/testthat/testthat.h:188:20: note: expanded from macro 'test_that'
  188 | # define test_that CATCH_SECTION
      |                    ^
/home/pacha/R/x86_64-pc-linux-gnu-library/4.6/testthat/include/testthat/vendor/catch.hpp:17627:30: note: expanded from macro 'CATCH_SECTION'
 17627 | #define CATCH_SECTION( ... ) INTERNAL_CATCH_SECTION( __VA_ARGS__ )
       |                              ^
/home/pacha/R/x86_64-pc-linux-gnu-library/4.6/testthat/include/testthat/vendor/catch.hpp:2940:31: note: expanded from macro 'INTERNAL_CATCH_SECTION'
 2940 |     if( Catch::Section const& INTERNAL_CATCH_UNIQUE_NAME( catch_internal_Section ) = Catch::SectionInfo( CATCH_INTERNAL_LINEINFO, __VA_ARGS__ ) ) \
      |                               ^
/home/pacha/R/x86_64-pc-linux-gnu-library/4.6/testthat/include/testthat/vendor/catch.hpp:478:85: note: expanded from macro 'INTERNAL_CATCH_UNIQUE_NAME'
  478 | #  define INTERNAL_CATCH_UNIQUE_NAME( name ) INTERNAL_CATCH_UNIQUE_NAME_LINE( name, __COUNTER__ )
      |                                                                                     ^
In file included from main.cpp:42:
./test-complex.h:475:3: warning: '__COUNTER__' is a C2y extension [-Wc2y-extensions]
  475 |   test_that("complexes::find") {
      |   ^
/home/pacha/R/x86_64-pc-linux-gnu-library/4.6/testthat/include/testthat/testthat.h:188:20: note: expanded from macro 'test_that'
  188 | # define test_that CATCH_SECTION
      |                    ^
/home/pacha/R/x86_64-pc-linux-gnu-library/4.6/testthat/include/testthat/vendor/catch.hpp:17627:30: note: expanded from macro 'CATCH_SECTION'
 17627 | #define CATCH_SECTION( ... ) INTERNAL_CATCH_SECTION( __VA_ARGS__ )
       |                              ^
/home/pacha/R/x86_64-pc-linux-gnu-library/4.6/testthat/include/testthat/vendor/catch.hpp:2940:31: note: expanded from macro 'INTERNAL_CATCH_SECTION'
 2940 |     if( Catch::Section const& INTERNAL_CATCH_UNIQUE_NAME( catch_internal_Section ) = Catch::SectionInfo( CATCH_INTERNAL_LINEINFO, __VA_ARGS__ ) ) \
      |                               ^
/home/pacha/R/x86_64-pc-linux-gnu-library/4.6/testthat/include/testthat/vendor/catch.hpp:478:85: note: expanded from macro 'INTERNAL_CATCH_UNIQUE_NAME'
  478 | #  define INTERNAL_CATCH_UNIQUE_NAME( name ) INTERNAL_CATCH_UNIQUE_NAME_LINE( name, __COUNTER__ )
      |                                                                                     ^
In file included from main.cpp:42:
./test-complex.h:492:3: warning: '__COUNTER__' is a C2y extension [-Wc2y-extensions]
  492 |   test_that("writable::complexes compound assignments") {
      |   ^
/home/pacha/R/x86_64-pc-linux-gnu-library/4.6/testthat/include/testthat/testthat.h:188:20: note: expanded from macro 'test_that'
  188 | # define test_that CATCH_SECTION
      |                    ^
/home/pacha/R/x86_64-pc-linux-gnu-library/4.6/testthat/include/testthat/vendor/catch.hpp:17627:30: note: expanded from macro 'CATCH_SECTION'
 17627 | #define CATCH_SECTION( ... ) INTERNAL_CATCH_SECTION( __VA_ARGS__ )
       |                              ^
/home/pacha/R/x86_64-pc-linux-gnu-library/4.6/testthat/include/testthat/vendor/catch.hpp:2940:31: note: expanded from macro 'INTERNAL_CATCH_SECTION'
 2940 |     if( Catch::Section const& INTERNAL_CATCH_UNIQUE_NAME( catch_internal_Section ) = Catch::SectionInfo( CATCH_INTERNAL_LINEINFO, __VA_ARGS__ ) ) \
      |                               ^
/home/pacha/R/x86_64-pc-linux-gnu-library/4.6/testthat/include/testthat/vendor/catch.hpp:478:85: note: expanded from macro 'INTERNAL_CATCH_UNIQUE_NAME'
  478 | #  define INTERNAL_CATCH_UNIQUE_NAME( name ) INTERNAL_CATCH_UNIQUE_NAME_LINE( name, __COUNTER__ )
      |                                                                                     ^
In file included from main.cpp:42:
./test-complex.h:517:3: warning: '__COUNTER__' is a C2y extension [-Wc2y-extensions]
  517 |   test_that("writable::complexes convert to complexes with correct size") {
      |   ^
/home/pacha/R/x86_64-pc-linux-gnu-library/4.6/testthat/include/testthat/testthat.h:188:20: note: expanded from macro 'test_that'
  188 | # define test_that CATCH_SECTION
      |                    ^
/home/pacha/R/x86_64-pc-linux-gnu-library/4.6/testthat/include/testthat/vendor/catch.hpp:17627:30: note: expanded from macro 'CATCH_SECTION'
 17627 | #define CATCH_SECTION( ... ) INTERNAL_CATCH_SECTION( __VA_ARGS__ )
       |                              ^
/home/pacha/R/x86_64-pc-linux-gnu-library/4.6/testthat/include/testthat/vendor/catch.hpp:2940:31: note: expanded from macro 'INTERNAL_CATCH_SECTION'
 2940 |     if( Catch::Section const& INTERNAL_CATCH_UNIQUE_NAME( catch_internal_Section ) = Catch::SectionInfo( CATCH_INTERNAL_LINEINFO, __VA_ARGS__ ) ) \
      |                               ^
/home/pacha/R/x86_64-pc-linux-gnu-library/4.6/testthat/include/testthat/vendor/catch.hpp:478:85: note: expanded from macro 'INTERNAL_CATCH_UNIQUE_NAME'
  478 | #  define INTERNAL_CATCH_UNIQUE_NAME( name ) INTERNAL_CATCH_UNIQUE_NAME_LINE( name, __COUNTER__ )
      |                                                                                     ^
In file included from main.cpp:43:
./test-data_frame.h:3:1: warning: '__COUNTER__' is a C2y extension [-Wc2y-extensions]
    3 | context("data_frame-C++") {
      | ^
/home/pacha/R/x86_64-pc-linux-gnu-library/4.6/testthat/include/testthat/testthat.h:187:25: note: expanded from macro 'context'
  187 | # define context(__X__) CATCH_TEST_CASE(__X__ " | " __FILE__)
      |                         ^
/home/pacha/R/x86_64-pc-linux-gnu-library/4.6/testthat/include/testthat/vendor/catch.hpp:17623:32: note: expanded from macro 'CATCH_TEST_CASE'
 17623 | #define CATCH_TEST_CASE( ... ) INTERNAL_CATCH_TESTCASE( __VA_ARGS__ )
       |                                ^
/home/pacha/R/x86_64-pc-linux-gnu-library/4.6/testthat/include/testthat/vendor/catch.hpp:1062:35: note: expanded from macro 'INTERNAL_CATCH_TESTCASE'
 1062 |         INTERNAL_CATCH_TESTCASE2( INTERNAL_CATCH_UNIQUE_NAME( C_A_T_C_H_T_E_S_T_ ), __VA_ARGS__ )
      |                                   ^
/home/pacha/R/x86_64-pc-linux-gnu-library/4.6/testthat/include/testthat/vendor/catch.hpp:478:85: note: expanded from macro 'INTERNAL_CATCH_UNIQUE_NAME'
  478 | #  define INTERNAL_CATCH_UNIQUE_NAME( name ) INTERNAL_CATCH_UNIQUE_NAME_LINE( name, __COUNTER__ )
      |                                                                                     ^
In file included from main.cpp:43:
./test-data_frame.h:3:1: warning: '__COUNTER__' is a C2y extension [-Wc2y-extensions]
/home/pacha/R/x86_64-pc-linux-gnu-library/4.6/testthat/include/testthat/testthat.h:187:25: note: expanded from macro 'context'
  187 | # define context(__X__) CATCH_TEST_CASE(__X__ " | " __FILE__)
      |                         ^
/home/pacha/R/x86_64-pc-linux-gnu-library/4.6/testthat/include/testthat/vendor/catch.hpp:17623:32: note: expanded from macro 'CATCH_TEST_CASE'
 17623 | #define CATCH_TEST_CASE( ... ) INTERNAL_CATCH_TESTCASE( __VA_ARGS__ )
       |                                ^
/home/pacha/R/x86_64-pc-linux-gnu-library/4.6/testthat/include/testthat/vendor/catch.hpp:1062:9: note: expanded from macro 'INTERNAL_CATCH_TESTCASE'
 1062 |         INTERNAL_CATCH_TESTCASE2( INTERNAL_CATCH_UNIQUE_NAME( C_A_T_C_H_T_E_S_T_ ), __VA_ARGS__ )
      |         ^
/home/pacha/R/x86_64-pc-linux-gnu-library/4.6/testthat/include/testthat/vendor/catch.hpp:1058:35: note: expanded from macro 'INTERNAL_CATCH_TESTCASE2'
 1058 |         namespace{ Catch::AutoReg INTERNAL_CATCH_UNIQUE_NAME( autoRegistrar )( Catch::makeTestInvoker( &TestName ), CATCH_INTERNAL_LINEINFO, Catch::StringRef(), Catch::NameAndTags{ __VA_ARGS__ } ); } /* NOLINT */ \
      |                                   ^
/home/pacha/R/x86_64-pc-linux-gnu-library/4.6/testthat/include/testthat/vendor/catch.hpp:478:85: note: expanded from macro 'INTERNAL_CATCH_UNIQUE_NAME'
  478 | #  define INTERNAL_CATCH_UNIQUE_NAME( name ) INTERNAL_CATCH_UNIQUE_NAME_LINE( name, __COUNTER__ )
      |                                                                                     ^
In file included from main.cpp:43:
./test-data_frame.h:4:3: warning: '__COUNTER__' is a C2y extension [-Wc2y-extensions]
    4 |   test_that("data_frame works") {
      |   ^
/home/pacha/R/x86_64-pc-linux-gnu-library/4.6/testthat/include/testthat/testthat.h:188:20: note: expanded from macro 'test_that'
  188 | # define test_that CATCH_SECTION
      |                    ^
/home/pacha/R/x86_64-pc-linux-gnu-library/4.6/testthat/include/testthat/vendor/catch.hpp:17627:30: note: expanded from macro 'CATCH_SECTION'
 17627 | #define CATCH_SECTION( ... ) INTERNAL_CATCH_SECTION( __VA_ARGS__ )
       |                              ^
/home/pacha/R/x86_64-pc-linux-gnu-library/4.6/testthat/include/testthat/vendor/catch.hpp:2940:31: note: expanded from macro 'INTERNAL_CATCH_SECTION'
 2940 |     if( Catch::Section const& INTERNAL_CATCH_UNIQUE_NAME( catch_internal_Section ) = Catch::SectionInfo( CATCH_INTERNAL_LINEINFO, __VA_ARGS__ ) ) \
      |                               ^
/home/pacha/R/x86_64-pc-linux-gnu-library/4.6/testthat/include/testthat/vendor/catch.hpp:478:85: note: expanded from macro 'INTERNAL_CATCH_UNIQUE_NAME'
  478 | #  define INTERNAL_CATCH_UNIQUE_NAME( name ) INTERNAL_CATCH_UNIQUE_NAME_LINE( name, __COUNTER__ )
      |                                                                                     ^
In file included from main.cpp:43:
./test-data_frame.h:23:3: warning: '__COUNTER__' is a C2y extension [-Wc2y-extensions]
   23 |   test_that("data_frame::nrow works with 0x0 dfs") {
      |   ^
/home/pacha/R/x86_64-pc-linux-gnu-library/4.6/testthat/include/testthat/testthat.h:188:20: note: expanded from macro 'test_that'
  188 | # define test_that CATCH_SECTION
      |                    ^
/home/pacha/R/x86_64-pc-linux-gnu-library/4.6/testthat/include/testthat/vendor/catch.hpp:17627:30: note: expanded from macro 'CATCH_SECTION'
 17627 | #define CATCH_SECTION( ... ) INTERNAL_CATCH_SECTION( __VA_ARGS__ )
       |                              ^
/home/pacha/R/x86_64-pc-linux-gnu-library/4.6/testthat/include/testthat/vendor/catch.hpp:2940:31: note: expanded from macro 'INTERNAL_CATCH_SECTION'
 2940 |     if( Catch::Section const& INTERNAL_CATCH_UNIQUE_NAME( catch_internal_Section ) = Catch::SectionInfo( CATCH_INTERNAL_LINEINFO, __VA_ARGS__ ) ) \
      |                               ^
/home/pacha/R/x86_64-pc-linux-gnu-library/4.6/testthat/include/testthat/vendor/catch.hpp:478:85: note: expanded from macro 'INTERNAL_CATCH_UNIQUE_NAME'
  478 | #  define INTERNAL_CATCH_UNIQUE_NAME( name ) INTERNAL_CATCH_UNIQUE_NAME_LINE( name, __COUNTER__ )
      |                                                                                     ^
In file included from main.cpp:43:
./test-data_frame.h:32:3: warning: '__COUNTER__' is a C2y extension [-Wc2y-extensions]
   32 |   test_that("data_frame::nrow works with 10x0 dfs") {
      |   ^
/home/pacha/R/x86_64-pc-linux-gnu-library/4.6/testthat/include/testthat/testthat.h:188:20: note: expanded from macro 'test_that'
  188 | # define test_that CATCH_SECTION
      |                    ^
/home/pacha/R/x86_64-pc-linux-gnu-library/4.6/testthat/include/testthat/vendor/catch.hpp:17627:30: note: expanded from macro 'CATCH_SECTION'
 17627 | #define CATCH_SECTION( ... ) INTERNAL_CATCH_SECTION( __VA_ARGS__ )
       |                              ^
/home/pacha/R/x86_64-pc-linux-gnu-library/4.6/testthat/include/testthat/vendor/catch.hpp:2940:31: note: expanded from macro 'INTERNAL_CATCH_SECTION'
 2940 |     if( Catch::Section const& INTERNAL_CATCH_UNIQUE_NAME( catch_internal_Section ) = Catch::SectionInfo( CATCH_INTERNAL_LINEINFO, __VA_ARGS__ ) ) \
      |                               ^
/home/pacha/R/x86_64-pc-linux-gnu-library/4.6/testthat/include/testthat/vendor/catch.hpp:478:85: note: expanded from macro 'INTERNAL_CATCH_UNIQUE_NAME'
  478 | #  define INTERNAL_CATCH_UNIQUE_NAME( name ) INTERNAL_CATCH_UNIQUE_NAME_LINE( name, __COUNTER__ )
      |                                                                                     ^
In file included from main.cpp:43:
./test-data_frame.h:41:3: warning: '__COUNTER__' is a C2y extension [-Wc2y-extensions]
   41 |   test_that("writable::data_frame::nrow works with 0x0 dfs") {
      |   ^
/home/pacha/R/x86_64-pc-linux-gnu-library/4.6/testthat/include/testthat/testthat.h:188:20: note: expanded from macro 'test_that'
  188 | # define test_that CATCH_SECTION
      |                    ^
/home/pacha/R/x86_64-pc-linux-gnu-library/4.6/testthat/include/testthat/vendor/catch.hpp:17627:30: note: expanded from macro 'CATCH_SECTION'
 17627 | #define CATCH_SECTION( ... ) INTERNAL_CATCH_SECTION( __VA_ARGS__ )
       |                              ^
/home/pacha/R/x86_64-pc-linux-gnu-library/4.6/testthat/include/testthat/vendor/catch.hpp:2940:31: note: expanded from macro 'INTERNAL_CATCH_SECTION'
 2940 |     if( Catch::Section const& INTERNAL_CATCH_UNIQUE_NAME( catch_internal_Section ) = Catch::SectionInfo( CATCH_INTERNAL_LINEINFO, __VA_ARGS__ ) ) \
      |                               ^
/home/pacha/R/x86_64-pc-linux-gnu-library/4.6/testthat/include/testthat/vendor/catch.hpp:478:85: note: expanded from macro 'INTERNAL_CATCH_UNIQUE_NAME'
  478 | #  define INTERNAL_CATCH_UNIQUE_NAME( name ) INTERNAL_CATCH_UNIQUE_NAME_LINE( name, __COUNTER__ )
      |                                                                                     ^
In file included from main.cpp:43:
./test-data_frame.h:50:3: warning: '__COUNTER__' is a C2y extension [-Wc2y-extensions]
   50 |   test_that("writable::data_frame::nrow works with 10x0 dfs (#272)") {
      |   ^
/home/pacha/R/x86_64-pc-linux-gnu-library/4.6/testthat/include/testthat/testthat.h:188:20: note: expanded from macro 'test_that'
  188 | # define test_that CATCH_SECTION
      |                    ^
/home/pacha/R/x86_64-pc-linux-gnu-library/4.6/testthat/include/testthat/vendor/catch.hpp:17627:30: note: expanded from macro 'CATCH_SECTION'
 17627 | #define CATCH_SECTION( ... ) INTERNAL_CATCH_SECTION( __VA_ARGS__ )
       |                              ^
/home/pacha/R/x86_64-pc-linux-gnu-library/4.6/testthat/include/testthat/vendor/catch.hpp:2940:31: note: expanded from macro 'INTERNAL_CATCH_SECTION'
 2940 |     if( Catch::Section const& INTERNAL_CATCH_UNIQUE_NAME( catch_internal_Section ) = Catch::SectionInfo( CATCH_INTERNAL_LINEINFO, __VA_ARGS__ ) ) \
      |                               ^
/home/pacha/R/x86_64-pc-linux-gnu-library/4.6/testthat/include/testthat/vendor/catch.hpp:478:85: note: expanded from macro 'INTERNAL_CATCH_UNIQUE_NAME'
  478 | #  define INTERNAL_CATCH_UNIQUE_NAME( name ) INTERNAL_CATCH_UNIQUE_NAME_LINE( name, __COUNTER__ )
      |                                                                                     ^
In file included from main.cpp:43:
./test-data_frame.h:63:3: warning: '__COUNTER__' is a C2y extension [-Wc2y-extensions]
   63 |   test_that("writable::data_frame works") {
      |   ^
/home/pacha/R/x86_64-pc-linux-gnu-library/4.6/testthat/include/testthat/testthat.h:188:20: note: expanded from macro 'test_that'
  188 | # define test_that CATCH_SECTION
      |                    ^
/home/pacha/R/x86_64-pc-linux-gnu-library/4.6/testthat/include/testthat/vendor/catch.hpp:17627:30: note: expanded from macro 'CATCH_SECTION'
 17627 | #define CATCH_SECTION( ... ) INTERNAL_CATCH_SECTION( __VA_ARGS__ )
       |                              ^
/home/pacha/R/x86_64-pc-linux-gnu-library/4.6/testthat/include/testthat/vendor/catch.hpp:2940:31: note: expanded from macro 'INTERNAL_CATCH_SECTION'
 2940 |     if( Catch::Section const& INTERNAL_CATCH_UNIQUE_NAME( catch_internal_Section ) = Catch::SectionInfo( CATCH_INTERNAL_LINEINFO, __VA_ARGS__ ) ) \
      |                               ^
/home/pacha/R/x86_64-pc-linux-gnu-library/4.6/testthat/include/testthat/vendor/catch.hpp:478:85: note: expanded from macro 'INTERNAL_CATCH_UNIQUE_NAME'
  478 | #  define INTERNAL_CATCH_UNIQUE_NAME( name ) INTERNAL_CATCH_UNIQUE_NAME_LINE( name, __COUNTER__ )
      |                                                                                     ^
In file included from main.cpp:43:
./test-data_frame.h:96:3: warning: '__COUNTER__' is a C2y extension [-Wc2y-extensions]
   96 |   test_that("can set attributes on a data_frame") {
      |   ^
/home/pacha/R/x86_64-pc-linux-gnu-library/4.6/testthat/include/testthat/testthat.h:188:20: note: expanded from macro 'test_that'
  188 | # define test_that CATCH_SECTION
      |                    ^
/home/pacha/R/x86_64-pc-linux-gnu-library/4.6/testthat/include/testthat/vendor/catch.hpp:17627:30: note: expanded from macro 'CATCH_SECTION'
 17627 | #define CATCH_SECTION( ... ) INTERNAL_CATCH_SECTION( __VA_ARGS__ )
       |                              ^
/home/pacha/R/x86_64-pc-linux-gnu-library/4.6/testthat/include/testthat/vendor/catch.hpp:2940:31: note: expanded from macro 'INTERNAL_CATCH_SECTION'
 2940 |     if( Catch::Section const& INTERNAL_CATCH_UNIQUE_NAME( catch_internal_Section ) = Catch::SectionInfo( CATCH_INTERNAL_LINEINFO, __VA_ARGS__ ) ) \
      |                               ^
/home/pacha/R/x86_64-pc-linux-gnu-library/4.6/testthat/include/testthat/vendor/catch.hpp:478:85: note: expanded from macro 'INTERNAL_CATCH_UNIQUE_NAME'
  478 | #  define INTERNAL_CATCH_UNIQUE_NAME( name ) INTERNAL_CATCH_UNIQUE_NAME_LINE( name, __COUNTER__ )
      |                                                                                     ^
In file included from main.cpp:43:
./test-data_frame.h:112:3: warning: '__COUNTER__' is a C2y extension [-Wc2y-extensions]
  112 |   test_that("growing vectors uses proper length") {
      |   ^
/home/pacha/R/x86_64-pc-linux-gnu-library/4.6/testthat/include/testthat/testthat.h:188:20: note: expanded from macro 'test_that'
  188 | # define test_that CATCH_SECTION
      |                    ^
/home/pacha/R/x86_64-pc-linux-gnu-library/4.6/testthat/include/testthat/vendor/catch.hpp:17627:30: note: expanded from macro 'CATCH_SECTION'
 17627 | #define CATCH_SECTION( ... ) INTERNAL_CATCH_SECTION( __VA_ARGS__ )
       |                              ^
/home/pacha/R/x86_64-pc-linux-gnu-library/4.6/testthat/include/testthat/vendor/catch.hpp:2940:31: note: expanded from macro 'INTERNAL_CATCH_SECTION'
 2940 |     if( Catch::Section const& INTERNAL_CATCH_UNIQUE_NAME( catch_internal_Section ) = Catch::SectionInfo( CATCH_INTERNAL_LINEINFO, __VA_ARGS__ ) ) \
      |                               ^
/home/pacha/R/x86_64-pc-linux-gnu-library/4.6/testthat/include/testthat/vendor/catch.hpp:478:85: note: expanded from macro 'INTERNAL_CATCH_UNIQUE_NAME'
  478 | #  define INTERNAL_CATCH_UNIQUE_NAME( name ) INTERNAL_CATCH_UNIQUE_NAME_LINE( name, __COUNTER__ )
      |                                                                                     ^
In file included from main.cpp:44:
./test-doubles.h:3:1: warning: '__COUNTER__' is a C2y extension [-Wc2y-extensions]
    3 | context("doubles-C++") {
      | ^
/home/pacha/R/x86_64-pc-linux-gnu-library/4.6/testthat/include/testthat/testthat.h:187:25: note: expanded from macro 'context'
  187 | # define context(__X__) CATCH_TEST_CASE(__X__ " | " __FILE__)
      |                         ^
/home/pacha/R/x86_64-pc-linux-gnu-library/4.6/testthat/include/testthat/vendor/catch.hpp:17623:32: note: expanded from macro 'CATCH_TEST_CASE'
 17623 | #define CATCH_TEST_CASE( ... ) INTERNAL_CATCH_TESTCASE( __VA_ARGS__ )
       |                                ^
/home/pacha/R/x86_64-pc-linux-gnu-library/4.6/testthat/include/testthat/vendor/catch.hpp:1062:35: note: expanded from macro 'INTERNAL_CATCH_TESTCASE'
 1062 |         INTERNAL_CATCH_TESTCASE2( INTERNAL_CATCH_UNIQUE_NAME( C_A_T_C_H_T_E_S_T_ ), __VA_ARGS__ )
      |                                   ^
/home/pacha/R/x86_64-pc-linux-gnu-library/4.6/testthat/include/testthat/vendor/catch.hpp:478:85: note: expanded from macro 'INTERNAL_CATCH_UNIQUE_NAME'
  478 | #  define INTERNAL_CATCH_UNIQUE_NAME( name ) INTERNAL_CATCH_UNIQUE_NAME_LINE( name, __COUNTER__ )
      |                                                                                     ^
In file included from main.cpp:44:
./test-doubles.h:3:1: warning: '__COUNTER__' is a C2y extension [-Wc2y-extensions]
/home/pacha/R/x86_64-pc-linux-gnu-library/4.6/testthat/include/testthat/testthat.h:187:25: note: expanded from macro 'context'
  187 | # define context(__X__) CATCH_TEST_CASE(__X__ " | " __FILE__)
      |                         ^
/home/pacha/R/x86_64-pc-linux-gnu-library/4.6/testthat/include/testthat/vendor/catch.hpp:17623:32: note: expanded from macro 'CATCH_TEST_CASE'
 17623 | #define CATCH_TEST_CASE( ... ) INTERNAL_CATCH_TESTCASE( __VA_ARGS__ )
       |                                ^
/home/pacha/R/x86_64-pc-linux-gnu-library/4.6/testthat/include/testthat/vendor/catch.hpp:1062:9: note: expanded from macro 'INTERNAL_CATCH_TESTCASE'
 1062 |         INTERNAL_CATCH_TESTCASE2( INTERNAL_CATCH_UNIQUE_NAME( C_A_T_C_H_T_E_S_T_ ), __VA_ARGS__ )
      |         ^
/home/pacha/R/x86_64-pc-linux-gnu-library/4.6/testthat/include/testthat/vendor/catch.hpp:1058:35: note: expanded from macro 'INTERNAL_CATCH_TESTCASE2'
 1058 |         namespace{ Catch::AutoReg INTERNAL_CATCH_UNIQUE_NAME( autoRegistrar )( Catch::makeTestInvoker( &TestName ), CATCH_INTERNAL_LINEINFO, Catch::StringRef(), Catch::NameAndTags{ __VA_ARGS__ } ); } /* NOLINT */ \
      |                                   ^
/home/pacha/R/x86_64-pc-linux-gnu-library/4.6/testthat/include/testthat/vendor/catch.hpp:478:85: note: expanded from macro 'INTERNAL_CATCH_UNIQUE_NAME'
  478 | #  define INTERNAL_CATCH_UNIQUE_NAME( name ) INTERNAL_CATCH_UNIQUE_NAME_LINE( name, __COUNTER__ )
      |                                                                                     ^
In file included from main.cpp:44:
./test-doubles.h:4:3: warning: '__COUNTER__' is a C2y extension [-Wc2y-extensions]
    4 |   test_that("doubles::r_vector(SEXP)") {
      |   ^
/home/pacha/R/x86_64-pc-linux-gnu-library/4.6/testthat/include/testthat/testthat.h:188:20: note: expanded from macro 'test_that'
  188 | # define test_that CATCH_SECTION
      |                    ^
/home/pacha/R/x86_64-pc-linux-gnu-library/4.6/testthat/include/testthat/vendor/catch.hpp:17627:30: note: expanded from macro 'CATCH_SECTION'
 17627 | #define CATCH_SECTION( ... ) INTERNAL_CATCH_SECTION( __VA_ARGS__ )
       |                              ^
/home/pacha/R/x86_64-pc-linux-gnu-library/4.6/testthat/include/testthat/vendor/catch.hpp:2940:31: note: expanded from macro 'INTERNAL_CATCH_SECTION'
 2940 |     if( Catch::Section const& INTERNAL_CATCH_UNIQUE_NAME( catch_internal_Section ) = Catch::SectionInfo( CATCH_INTERNAL_LINEINFO, __VA_ARGS__ ) ) \
      |                               ^
/home/pacha/R/x86_64-pc-linux-gnu-library/4.6/testthat/include/testthat/vendor/catch.hpp:478:85: note: expanded from macro 'INTERNAL_CATCH_UNIQUE_NAME'
  478 | #  define INTERNAL_CATCH_UNIQUE_NAME( name ) INTERNAL_CATCH_UNIQUE_NAME_LINE( name, __COUNTER__ )
      |                                                                                     ^
In file included from main.cpp:44:
./test-doubles.h:11:3: warning: '__COUNTER__' is a C2y extension [-Wc2y-extensions]
   11 |   test_that("doubles::r_vector::const_iterator()") {
      |   ^
/home/pacha/R/x86_64-pc-linux-gnu-library/4.6/testthat/include/testthat/testthat.h:188:20: note: expanded from macro 'test_that'
  188 | # define test_that CATCH_SECTION
      |                    ^
/home/pacha/R/x86_64-pc-linux-gnu-library/4.6/testthat/include/testthat/vendor/catch.hpp:17627:30: note: expanded from macro 'CATCH_SECTION'
 17627 | #define CATCH_SECTION( ... ) INTERNAL_CATCH_SECTION( __VA_ARGS__ )
       |                              ^
/home/pacha/R/x86_64-pc-linux-gnu-library/4.6/testthat/include/testthat/vendor/catch.hpp:2940:31: note: expanded from macro 'INTERNAL_CATCH_SECTION'
 2940 |     if( Catch::Section const& INTERNAL_CATCH_UNIQUE_NAME( catch_internal_Section ) = Catch::SectionInfo( CATCH_INTERNAL_LINEINFO, __VA_ARGS__ ) ) \
      |                               ^
/home/pacha/R/x86_64-pc-linux-gnu-library/4.6/testthat/include/testthat/vendor/catch.hpp:478:85: note: expanded from macro 'INTERNAL_CATCH_UNIQUE_NAME'
  478 | #  define INTERNAL_CATCH_UNIQUE_NAME( name ) INTERNAL_CATCH_UNIQUE_NAME_LINE( name, __COUNTER__ )
      |                                                                                     ^
In file included from main.cpp:44:
./test-doubles.h:47:3: warning: '__COUNTER__' is a C2y extension [-Wc2y-extensions]
   47 |   test_that("doubles.push_back()") {
      |   ^
/home/pacha/R/x86_64-pc-linux-gnu-library/4.6/testthat/include/testthat/testthat.h:188:20: note: expanded from macro 'test_that'
  188 | # define test_that CATCH_SECTION
      |                    ^
/home/pacha/R/x86_64-pc-linux-gnu-library/4.6/testthat/include/testthat/vendor/catch.hpp:17627:30: note: expanded from macro 'CATCH_SECTION'
 17627 | #define CATCH_SECTION( ... ) INTERNAL_CATCH_SECTION( __VA_ARGS__ )
       |                              ^
/home/pacha/R/x86_64-pc-linux-gnu-library/4.6/testthat/include/testthat/vendor/catch.hpp:2940:31: note: expanded from macro 'INTERNAL_CATCH_SECTION'
 2940 |     if( Catch::Section const& INTERNAL_CATCH_UNIQUE_NAME( catch_internal_Section ) = Catch::SectionInfo( CATCH_INTERNAL_LINEINFO, __VA_ARGS__ ) ) \
      |                               ^
/home/pacha/R/x86_64-pc-linux-gnu-library/4.6/testthat/include/testthat/vendor/catch.hpp:478:85: note: expanded from macro 'INTERNAL_CATCH_UNIQUE_NAME'
  478 | #  define INTERNAL_CATCH_UNIQUE_NAME( name ) INTERNAL_CATCH_UNIQUE_NAME_LINE( name, __COUNTER__ )
      |                                                                                     ^
In file included from main.cpp:44:
./test-doubles.h:56:3: warning: '__COUNTER__' is a C2y extension [-Wc2y-extensions]
   56 |   test_that("doubles.resize()") {
      |   ^
/home/pacha/R/x86_64-pc-linux-gnu-library/4.6/testthat/include/testthat/testthat.h:188:20: note: expanded from macro 'test_that'
  188 | # define test_that CATCH_SECTION
      |                    ^
/home/pacha/R/x86_64-pc-linux-gnu-library/4.6/testthat/include/testthat/vendor/catch.hpp:17627:30: note: expanded from macro 'CATCH_SECTION'
 17627 | #define CATCH_SECTION( ... ) INTERNAL_CATCH_SECTION( __VA_ARGS__ )
       |                              ^
/home/pacha/R/x86_64-pc-linux-gnu-library/4.6/testthat/include/testthat/vendor/catch.hpp:2940:31: note: expanded from macro 'INTERNAL_CATCH_SECTION'
 2940 |     if( Catch::Section const& INTERNAL_CATCH_UNIQUE_NAME( catch_internal_Section ) = Catch::SectionInfo( CATCH_INTERNAL_LINEINFO, __VA_ARGS__ ) ) \
      |                               ^
/home/pacha/R/x86_64-pc-linux-gnu-library/4.6/testthat/include/testthat/vendor/catch.hpp:478:85: note: expanded from macro 'INTERNAL_CATCH_UNIQUE_NAME'
  478 | #  define INTERNAL_CATCH_UNIQUE_NAME( name ) INTERNAL_CATCH_UNIQUE_NAME_LINE( name, __COUNTER__ )
      |                                                                                     ^
In file included from main.cpp:44:
./test-doubles.h:66:3: warning: '__COUNTER__' is a C2y extension [-Wc2y-extensions]
   66 |   test_that("doubles.at()") {
      |   ^
/home/pacha/R/x86_64-pc-linux-gnu-library/4.6/testthat/include/testthat/testthat.h:188:20: note: expanded from macro 'test_that'
  188 | # define test_that CATCH_SECTION
      |                    ^
/home/pacha/R/x86_64-pc-linux-gnu-library/4.6/testthat/include/testthat/vendor/catch.hpp:17627:30: note: expanded from macro 'CATCH_SECTION'
 17627 | #define CATCH_SECTION( ... ) INTERNAL_CATCH_SECTION( __VA_ARGS__ )
       |                              ^
/home/pacha/R/x86_64-pc-linux-gnu-library/4.6/testthat/include/testthat/vendor/catch.hpp:2940:31: note: expanded from macro 'INTERNAL_CATCH_SECTION'
 2940 |     if( Catch::Section const& INTERNAL_CATCH_UNIQUE_NAME( catch_internal_Section ) = Catch::SectionInfo( CATCH_INTERNAL_LINEINFO, __VA_ARGS__ ) ) \
      |                               ^
/home/pacha/R/x86_64-pc-linux-gnu-library/4.6/testthat/include/testthat/vendor/catch.hpp:478:85: note: expanded from macro 'INTERNAL_CATCH_UNIQUE_NAME'
  478 | #  define INTERNAL_CATCH_UNIQUE_NAME( name ) INTERNAL_CATCH_UNIQUE_NAME_LINE( name, __COUNTER__ )
      |                                                                                     ^
In file included from main.cpp:44:
./test-doubles.h:77:3: warning: '__COUNTER__' is a C2y extension [-Wc2y-extensions]
   77 |   test_that("doubles.pop_back()") {
      |   ^
/home/pacha/R/x86_64-pc-linux-gnu-library/4.6/testthat/include/testthat/testthat.h:188:20: note: expanded from macro 'test_that'
  188 | # define test_that CATCH_SECTION
      |                    ^
/home/pacha/R/x86_64-pc-linux-gnu-library/4.6/testthat/include/testthat/vendor/catch.hpp:17627:30: note: expanded from macro 'CATCH_SECTION'
 17627 | #define CATCH_SECTION( ... ) INTERNAL_CATCH_SECTION( __VA_ARGS__ )
       |                              ^
/home/pacha/R/x86_64-pc-linux-gnu-library/4.6/testthat/include/testthat/vendor/catch.hpp:2940:31: note: expanded from macro 'INTERNAL_CATCH_SECTION'
 2940 |     if( Catch::Section const& INTERNAL_CATCH_UNIQUE_NAME( catch_internal_Section ) = Catch::SectionInfo( CATCH_INTERNAL_LINEINFO, __VA_ARGS__ ) ) \
      |                               ^
/home/pacha/R/x86_64-pc-linux-gnu-library/4.6/testthat/include/testthat/vendor/catch.hpp:478:85: note: expanded from macro 'INTERNAL_CATCH_UNIQUE_NAME'
  478 | #  define INTERNAL_CATCH_UNIQUE_NAME( name ) INTERNAL_CATCH_UNIQUE_NAME_LINE( name, __COUNTER__ )
      |                                                                                     ^
In file included from main.cpp:44:
./test-doubles.h:89:3: warning: '__COUNTER__' is a C2y extension [-Wc2y-extensions]
   89 |   test_that("doubles.insert()") {
      |   ^
/home/pacha/R/x86_64-pc-linux-gnu-library/4.6/testthat/include/testthat/testthat.h:188:20: note: expanded from macro 'test_that'
  188 | # define test_that CATCH_SECTION
      |                    ^
/home/pacha/R/x86_64-pc-linux-gnu-library/4.6/testthat/include/testthat/vendor/catch.hpp:17627:30: note: expanded from macro 'CATCH_SECTION'
 17627 | #define CATCH_SECTION( ... ) INTERNAL_CATCH_SECTION( __VA_ARGS__ )
       |                              ^
/home/pacha/R/x86_64-pc-linux-gnu-library/4.6/testthat/include/testthat/vendor/catch.hpp:2940:31: note: expanded from macro 'INTERNAL_CATCH_SECTION'
 2940 |     if( Catch::Section const& INTERNAL_CATCH_UNIQUE_NAME( catch_internal_Section ) = Catch::SectionInfo( CATCH_INTERNAL_LINEINFO, __VA_ARGS__ ) ) \
      |                               ^
/home/pacha/R/x86_64-pc-linux-gnu-library/4.6/testthat/include/testthat/vendor/catch.hpp:478:85: note: expanded from macro 'INTERNAL_CATCH_UNIQUE_NAME'
  478 | #  define INTERNAL_CATCH_UNIQUE_NAME( name ) INTERNAL_CATCH_UNIQUE_NAME_LINE( name, __COUNTER__ )
      |                                                                                     ^
In file included from main.cpp:44:
./test-doubles.h:101:3: warning: '__COUNTER__' is a C2y extension [-Wc2y-extensions]
  101 |   test_that("doubles.erase()") {
      |   ^
/home/pacha/R/x86_64-pc-linux-gnu-library/4.6/testthat/include/testthat/testthat.h:188:20: note: expanded from macro 'test_that'
  188 | # define test_that CATCH_SECTION
      |                    ^
/home/pacha/R/x86_64-pc-linux-gnu-library/4.6/testthat/include/testthat/vendor/catch.hpp:17627:30: note: expanded from macro 'CATCH_SECTION'
 17627 | #define CATCH_SECTION( ... ) INTERNAL_CATCH_SECTION( __VA_ARGS__ )
       |                              ^
/home/pacha/R/x86_64-pc-linux-gnu-library/4.6/testthat/include/testthat/vendor/catch.hpp:2940:31: note: expanded from macro 'INTERNAL_CATCH_SECTION'
 2940 |     if( Catch::Section const& INTERNAL_CATCH_UNIQUE_NAME( catch_internal_Section ) = Catch::SectionInfo( CATCH_INTERNAL_LINEINFO, __VA_ARGS__ ) ) \
      |                               ^
/home/pacha/R/x86_64-pc-linux-gnu-library/4.6/testthat/include/testthat/vendor/catch.hpp:478:85: note: expanded from macro 'INTERNAL_CATCH_UNIQUE_NAME'
  478 | #  define INTERNAL_CATCH_UNIQUE_NAME( name ) INTERNAL_CATCH_UNIQUE_NAME_LINE( name, __COUNTER__ )
      |                                                                                     ^
In file included from main.cpp:44:
./test-doubles.h:127:3: warning: '__COUNTER__' is a C2y extension [-Wc2y-extensions]
  127 |   test_that("doubles.iterator* = ") {
      |   ^
/home/pacha/R/x86_64-pc-linux-gnu-library/4.6/testthat/include/testthat/testthat.h:188:20: note: expanded from macro 'test_that'
  188 | # define test_that CATCH_SECTION
      |                    ^
/home/pacha/R/x86_64-pc-linux-gnu-library/4.6/testthat/include/testthat/vendor/catch.hpp:17627:30: note: expanded from macro 'CATCH_SECTION'
 17627 | #define CATCH_SECTION( ... ) INTERNAL_CATCH_SECTION( __VA_ARGS__ )
       |                              ^
/home/pacha/R/x86_64-pc-linux-gnu-library/4.6/testthat/include/testthat/vendor/catch.hpp:2940:31: note: expanded from macro 'INTERNAL_CATCH_SECTION'
 2940 |     if( Catch::Section const& INTERNAL_CATCH_UNIQUE_NAME( catch_internal_Section ) = Catch::SectionInfo( CATCH_INTERNAL_LINEINFO, __VA_ARGS__ ) ) \
      |                               ^
/home/pacha/R/x86_64-pc-linux-gnu-library/4.6/testthat/include/testthat/vendor/catch.hpp:478:85: note: expanded from macro 'INTERNAL_CATCH_UNIQUE_NAME'
  478 | #  define INTERNAL_CATCH_UNIQUE_NAME( name ) INTERNAL_CATCH_UNIQUE_NAME_LINE( name, __COUNTER__ )
      |                                                                                     ^
In file included from main.cpp:44:
./test-doubles.h:143:3: warning: '__COUNTER__' is a C2y extension [-Wc2y-extensions]
  143 |   test_that("writable::doubles(SEXP)") {
      |   ^
/home/pacha/R/x86_64-pc-linux-gnu-library/4.6/testthat/include/testthat/testthat.h:188:20: note: expanded from macro 'test_that'
  188 | # define test_that CATCH_SECTION
      |                    ^
/home/pacha/R/x86_64-pc-linux-gnu-library/4.6/testthat/include/testthat/vendor/catch.hpp:17627:30: note: expanded from macro 'CATCH_SECTION'
 17627 | #define CATCH_SECTION( ... ) INTERNAL_CATCH_SECTION( __VA_ARGS__ )
       |                              ^
/home/pacha/R/x86_64-pc-linux-gnu-library/4.6/testthat/include/testthat/vendor/catch.hpp:2940:31: note: expanded from macro 'INTERNAL_CATCH_SECTION'
 2940 |     if( Catch::Section const& INTERNAL_CATCH_UNIQUE_NAME( catch_internal_Section ) = Catch::SectionInfo( CATCH_INTERNAL_LINEINFO, __VA_ARGS__ ) ) \
      |                               ^
/home/pacha/R/x86_64-pc-linux-gnu-library/4.6/testthat/include/testthat/vendor/catch.hpp:478:85: note: expanded from macro 'INTERNAL_CATCH_UNIQUE_NAME'
  478 | #  define INTERNAL_CATCH_UNIQUE_NAME( name ) INTERNAL_CATCH_UNIQUE_NAME_LINE( name, __COUNTER__ )
      |                                                                                     ^
In file included from main.cpp:44:
./test-doubles.h:172:3: warning: '__COUNTER__' is a C2y extension [-Wc2y-extensions]
  172 |   test_that("writable::doubles(initializer_list<named_arg>)") {
      |   ^
/home/pacha/R/x86_64-pc-linux-gnu-library/4.6/testthat/include/testthat/testthat.h:188:20: note: expanded from macro 'test_that'
  188 | # define test_that CATCH_SECTION
      |                    ^
/home/pacha/R/x86_64-pc-linux-gnu-library/4.6/testthat/include/testthat/vendor/catch.hpp:17627:30: note: expanded from macro 'CATCH_SECTION'
 17627 | #define CATCH_SECTION( ... ) INTERNAL_CATCH_SECTION( __VA_ARGS__ )
       |                              ^
/home/pacha/R/x86_64-pc-linux-gnu-library/4.6/testthat/include/testthat/vendor/catch.hpp:2940:31: note: expanded from macro 'INTERNAL_CATCH_SECTION'
 2940 |     if( Catch::Section const& INTERNAL_CATCH_UNIQUE_NAME( catch_internal_Section ) = Catch::SectionInfo( CATCH_INTERNAL_LINEINFO, __VA_ARGS__ ) ) \
      |                               ^
/home/pacha/R/x86_64-pc-linux-gnu-library/4.6/testthat/include/testthat/vendor/catch.hpp:478:85: note: expanded from macro 'INTERNAL_CATCH_UNIQUE_NAME'
  478 | #  define INTERNAL_CATCH_UNIQUE_NAME( name ) INTERNAL_CATCH_UNIQUE_NAME_LINE( name, __COUNTER__ )
      |                                                                                     ^
In file included from main.cpp:44:
./test-doubles.h:200:3: warning: '__COUNTER__' is a C2y extension [-Wc2y-extensions]
  200 |   test_that("writable::doubles(initializer_list<named_arg>) type check") {
      |   ^
/home/pacha/R/x86_64-pc-linux-gnu-library/4.6/testthat/include/testthat/testthat.h:188:20: note: expanded from macro 'test_that'
  188 | # define test_that CATCH_SECTION
      |                    ^
/home/pacha/R/x86_64-pc-linux-gnu-library/4.6/testthat/include/testthat/vendor/catch.hpp:17627:30: note: expanded from macro 'CATCH_SECTION'
 17627 | #define CATCH_SECTION( ... ) INTERNAL_CATCH_SECTION( __VA_ARGS__ )
       |                              ^
/home/pacha/R/x86_64-pc-linux-gnu-library/4.6/testthat/include/testthat/vendor/catch.hpp:2940:31: note: expanded from macro 'INTERNAL_CATCH_SECTION'
 2940 |     if( Catch::Section const& INTERNAL_CATCH_UNIQUE_NAME( catch_internal_Section ) = Catch::SectionInfo( CATCH_INTERNAL_LINEINFO, __VA_ARGS__ ) ) \
      |                               ^
/home/pacha/R/x86_64-pc-linux-gnu-library/4.6/testthat/include/testthat/vendor/catch.hpp:478:85: note: expanded from macro 'INTERNAL_CATCH_UNIQUE_NAME'
  478 | #  define INTERNAL_CATCH_UNIQUE_NAME( name ) INTERNAL_CATCH_UNIQUE_NAME_LINE( name, __COUNTER__ )
      |                                                                                     ^
In file included from main.cpp:44:
./test-doubles.h:206:3: warning: '__COUNTER__' is a C2y extension [-Wc2y-extensions]
  206 |   test_that("writable::doubles(initializer_list<named_arg>) length check") {
      |   ^
/home/pacha/R/x86_64-pc-linux-gnu-library/4.6/testthat/include/testthat/testthat.h:188:20: note: expanded from macro 'test_that'
  188 | # define test_that CATCH_SECTION
      |                    ^
/home/pacha/R/x86_64-pc-linux-gnu-library/4.6/testthat/include/testthat/vendor/catch.hpp:17627:30: note: expanded from macro 'CATCH_SECTION'
 17627 | #define CATCH_SECTION( ... ) INTERNAL_CATCH_SECTION( __VA_ARGS__ )
       |                              ^
/home/pacha/R/x86_64-pc-linux-gnu-library/4.6/testthat/include/testthat/vendor/catch.hpp:2940:31: note: expanded from macro 'INTERNAL_CATCH_SECTION'
 2940 |     if( Catch::Section const& INTERNAL_CATCH_UNIQUE_NAME( catch_internal_Section ) = Catch::SectionInfo( CATCH_INTERNAL_LINEINFO, __VA_ARGS__ ) ) \
      |                               ^
/home/pacha/R/x86_64-pc-linux-gnu-library/4.6/testthat/include/testthat/vendor/catch.hpp:478:85: note: expanded from macro 'INTERNAL_CATCH_UNIQUE_NAME'
  478 | #  define INTERNAL_CATCH_UNIQUE_NAME( name ) INTERNAL_CATCH_UNIQUE_NAME_LINE( name, __COUNTER__ )
      |                                                                                     ^
In file included from main.cpp:44:
./test-doubles.h:213:3: warning: '__COUNTER__' is a C2y extension [-Wc2y-extensions]
  213 |   test_that("writable::doubles(initializer_list<double>)") {
      |   ^
/home/pacha/R/x86_64-pc-linux-gnu-library/4.6/testthat/include/testthat/testthat.h:188:20: note: expanded from macro 'test_that'
  188 | # define test_that CATCH_SECTION
      |                    ^
/home/pacha/R/x86_64-pc-linux-gnu-library/4.6/testthat/include/testthat/vendor/catch.hpp:17627:30: note: expanded from macro 'CATCH_SECTION'
 17627 | #define CATCH_SECTION( ... ) INTERNAL_CATCH_SECTION( __VA_ARGS__ )
       |                              ^
/home/pacha/R/x86_64-pc-linux-gnu-library/4.6/testthat/include/testthat/vendor/catch.hpp:2940:31: note: expanded from macro 'INTERNAL_CATCH_SECTION'
 2940 |     if( Catch::Section const& INTERNAL_CATCH_UNIQUE_NAME( catch_internal_Section ) = Catch::SectionInfo( CATCH_INTERNAL_LINEINFO, __VA_ARGS__ ) ) \
      |                               ^
/home/pacha/R/x86_64-pc-linux-gnu-library/4.6/testthat/include/testthat/vendor/catch.hpp:478:85: note: expanded from macro 'INTERNAL_CATCH_UNIQUE_NAME'
  478 | #  define INTERNAL_CATCH_UNIQUE_NAME( name ) INTERNAL_CATCH_UNIQUE_NAME_LINE( name, __COUNTER__ )
      |                                                                                     ^
In file included from main.cpp:44:
./test-doubles.h:220:3: warning: '__COUNTER__' is a C2y extension [-Wc2y-extensions]
  220 |   test_that("writable::doubles(SEXP, bool)") {
      |   ^
/home/pacha/R/x86_64-pc-linux-gnu-library/4.6/testthat/include/testthat/testthat.h:188:20: note: expanded from macro 'test_that'
  188 | # define test_that CATCH_SECTION
      |                    ^
/home/pacha/R/x86_64-pc-linux-gnu-library/4.6/testthat/include/testthat/vendor/catch.hpp:17627:30: note: expanded from macro 'CATCH_SECTION'
 17627 | #define CATCH_SECTION( ... ) INTERNAL_CATCH_SECTION( __VA_ARGS__ )
       |                              ^
/home/pacha/R/x86_64-pc-linux-gnu-library/4.6/testthat/include/testthat/vendor/catch.hpp:2940:31: note: expanded from macro 'INTERNAL_CATCH_SECTION'
 2940 |     if( Catch::Section const& INTERNAL_CATCH_UNIQUE_NAME( catch_internal_Section ) = Catch::SectionInfo( CATCH_INTERNAL_LINEINFO, __VA_ARGS__ ) ) \
      |                               ^
/home/pacha/R/x86_64-pc-linux-gnu-library/4.6/testthat/include/testthat/vendor/catch.hpp:478:85: note: expanded from macro 'INTERNAL_CATCH_UNIQUE_NAME'
  478 | #  define INTERNAL_CATCH_UNIQUE_NAME( name ) INTERNAL_CATCH_UNIQUE_NAME_LINE( name, __COUNTER__ )
      |                                                                                     ^
In file included from main.cpp:44:
./test-doubles.h:312:3: warning: '__COUNTER__' is a C2y extension [-Wc2y-extensions]
  312 |   test_that("doubles::names(empty)") {
      |   ^
/home/pacha/R/x86_64-pc-linux-gnu-library/4.6/testthat/include/testthat/testthat.h:188:20: note: expanded from macro 'test_that'
  188 | # define test_that CATCH_SECTION
      |                    ^
/home/pacha/R/x86_64-pc-linux-gnu-library/4.6/testthat/include/testthat/vendor/catch.hpp:17627:30: note: expanded from macro 'CATCH_SECTION'
 17627 | #define CATCH_SECTION( ... ) INTERNAL_CATCH_SECTION( __VA_ARGS__ )
       |                              ^
/home/pacha/R/x86_64-pc-linux-gnu-library/4.6/testthat/include/testthat/vendor/catch.hpp:2940:31: note: expanded from macro 'INTERNAL_CATCH_SECTION'
 2940 |     if( Catch::Section const& INTERNAL_CATCH_UNIQUE_NAME( catch_internal_Section ) = Catch::SectionInfo( CATCH_INTERNAL_LINEINFO, __VA_ARGS__ ) ) \
      |                               ^
/home/pacha/R/x86_64-pc-linux-gnu-library/4.6/testthat/include/testthat/vendor/catch.hpp:478:85: note: expanded from macro 'INTERNAL_CATCH_UNIQUE_NAME'
  478 | #  define INTERNAL_CATCH_UNIQUE_NAME( name ) INTERNAL_CATCH_UNIQUE_NAME_LINE( name, __COUNTER__ )
      |                                                                                     ^
In file included from main.cpp:44:
./test-doubles.h:318:3: warning: '__COUNTER__' is a C2y extension [-Wc2y-extensions]
  318 |   test_that("doubles::names") {
      |   ^
/home/pacha/R/x86_64-pc-linux-gnu-library/4.6/testthat/include/testthat/testthat.h:188:20: note: expanded from macro 'test_that'
  188 | # define test_that CATCH_SECTION
      |                    ^
/home/pacha/R/x86_64-pc-linux-gnu-library/4.6/testthat/include/testthat/vendor/catch.hpp:17627:30: note: expanded from macro 'CATCH_SECTION'
 17627 | #define CATCH_SECTION( ... ) INTERNAL_CATCH_SECTION( __VA_ARGS__ )
       |                              ^
/home/pacha/R/x86_64-pc-linux-gnu-library/4.6/testthat/include/testthat/vendor/catch.hpp:2940:31: note: expanded from macro 'INTERNAL_CATCH_SECTION'
 2940 |     if( Catch::Section const& INTERNAL_CATCH_UNIQUE_NAME( catch_internal_Section ) = Catch::SectionInfo( CATCH_INTERNAL_LINEINFO, __VA_ARGS__ ) ) \
      |                               ^
/home/pacha/R/x86_64-pc-linux-gnu-library/4.6/testthat/include/testthat/vendor/catch.hpp:478:85: note: expanded from macro 'INTERNAL_CATCH_UNIQUE_NAME'
  478 | #  define INTERNAL_CATCH_UNIQUE_NAME( name ) INTERNAL_CATCH_UNIQUE_NAME_LINE( name, __COUNTER__ )
      |                                                                                     ^
In file included from main.cpp:44:
./test-doubles.h:338:3: warning: '__COUNTER__' is a C2y extension [-Wc2y-extensions]
  338 |   test_that("doubles::attr") {
      |   ^
/home/pacha/R/x86_64-pc-linux-gnu-library/4.6/testthat/include/testthat/testthat.h:188:20: note: expanded from macro 'test_that'
  188 | # define test_that CATCH_SECTION
      |                    ^
/home/pacha/R/x86_64-pc-linux-gnu-library/4.6/testthat/include/testthat/vendor/catch.hpp:17627:30: note: expanded from macro 'CATCH_SECTION'
 17627 | #define CATCH_SECTION( ... ) INTERNAL_CATCH_SECTION( __VA_ARGS__ )
       |                              ^
/home/pacha/R/x86_64-pc-linux-gnu-library/4.6/testthat/include/testthat/vendor/catch.hpp:2940:31: note: expanded from macro 'INTERNAL_CATCH_SECTION'
 2940 |     if( Catch::Section const& INTERNAL_CATCH_UNIQUE_NAME( catch_internal_Section ) = Catch::SectionInfo( CATCH_INTERNAL_LINEINFO, __VA_ARGS__ ) ) \
      |                               ^
/home/pacha/R/x86_64-pc-linux-gnu-library/4.6/testthat/include/testthat/vendor/catch.hpp:478:85: note: expanded from macro 'INTERNAL_CATCH_UNIQUE_NAME'
  478 | #  define INTERNAL_CATCH_UNIQUE_NAME( name ) INTERNAL_CATCH_UNIQUE_NAME_LINE( name, __COUNTER__ )
      |                                                                                     ^
In file included from main.cpp:44:
./test-doubles.h:359:3: warning: '__COUNTER__' is a C2y extension [-Wc2y-extensions]
  359 |   test_that("writable::doubles(std::vector::iterator)") {
      |   ^
/home/pacha/R/x86_64-pc-linux-gnu-library/4.6/testthat/include/testthat/testthat.h:188:20: note: expanded from macro 'test_that'
  188 | # define test_that CATCH_SECTION
      |                    ^
/home/pacha/R/x86_64-pc-linux-gnu-library/4.6/testthat/include/testthat/vendor/catch.hpp:17627:30: note: expanded from macro 'CATCH_SECTION'
 17627 | #define CATCH_SECTION( ... ) INTERNAL_CATCH_SECTION( __VA_ARGS__ )
       |                              ^
/home/pacha/R/x86_64-pc-linux-gnu-library/4.6/testthat/include/testthat/vendor/catch.hpp:2940:31: note: expanded from macro 'INTERNAL_CATCH_SECTION'
 2940 |     if( Catch::Section const& INTERNAL_CATCH_UNIQUE_NAME( catch_internal_Section ) = Catch::SectionInfo( CATCH_INTERNAL_LINEINFO, __VA_ARGS__ ) ) \
      |                               ^
/home/pacha/R/x86_64-pc-linux-gnu-library/4.6/testthat/include/testthat/vendor/catch.hpp:478:85: note: expanded from macro 'INTERNAL_CATCH_UNIQUE_NAME'
  478 | #  define INTERNAL_CATCH_UNIQUE_NAME( name ) INTERNAL_CATCH_UNIQUE_NAME_LINE( name, __COUNTER__ )
      |                                                                                     ^
In file included from main.cpp:44:
./test-doubles.h:367:3: warning: '__COUNTER__' is a C2y extension [-Wc2y-extensions]
  367 |   test_that("writable::doubles(std::vector)") {
      |   ^
/home/pacha/R/x86_64-pc-linux-gnu-library/4.6/testthat/include/testthat/testthat.h:188:20: note: expanded from macro 'test_that'
  188 | # define test_that CATCH_SECTION
      |                    ^
/home/pacha/R/x86_64-pc-linux-gnu-library/4.6/testthat/include/testthat/vendor/catch.hpp:17627:30: note: expanded from macro 'CATCH_SECTION'
 17627 | #define CATCH_SECTION( ... ) INTERNAL_CATCH_SECTION( __VA_ARGS__ )
       |                              ^
/home/pacha/R/x86_64-pc-linux-gnu-library/4.6/testthat/include/testthat/vendor/catch.hpp:2940:31: note: expanded from macro 'INTERNAL_CATCH_SECTION'
 2940 |     if( Catch::Section const& INTERNAL_CATCH_UNIQUE_NAME( catch_internal_Section ) = Catch::SectionInfo( CATCH_INTERNAL_LINEINFO, __VA_ARGS__ ) ) \
      |                               ^
/home/pacha/R/x86_64-pc-linux-gnu-library/4.6/testthat/include/testthat/vendor/catch.hpp:478:85: note: expanded from macro 'INTERNAL_CATCH_UNIQUE_NAME'
  478 | #  define INTERNAL_CATCH_UNIQUE_NAME( name ) INTERNAL_CATCH_UNIQUE_NAME_LINE( name, __COUNTER__ )
      |                                                                                     ^
In file included from main.cpp:44:
./test-doubles.h:375:3: warning: '__COUNTER__' is a C2y extension [-Wc2y-extensions]
  375 |   test_that("writable::doubles attributes are kept when converted to doubles") {
      |   ^
/home/pacha/R/x86_64-pc-linux-gnu-library/4.6/testthat/include/testthat/testthat.h:188:20: note: expanded from macro 'test_that'
  188 | # define test_that CATCH_SECTION
      |                    ^
/home/pacha/R/x86_64-pc-linux-gnu-library/4.6/testthat/include/testthat/vendor/catch.hpp:17627:30: note: expanded from macro 'CATCH_SECTION'
 17627 | #define CATCH_SECTION( ... ) INTERNAL_CATCH_SECTION( __VA_ARGS__ )
       |                              ^
/home/pacha/R/x86_64-pc-linux-gnu-library/4.6/testthat/include/testthat/vendor/catch.hpp:2940:31: note: expanded from macro 'INTERNAL_CATCH_SECTION'
 2940 |     if( Catch::Section const& INTERNAL_CATCH_UNIQUE_NAME( catch_internal_Section ) = Catch::SectionInfo( CATCH_INTERNAL_LINEINFO, __VA_ARGS__ ) ) \
      |                               ^
/home/pacha/R/x86_64-pc-linux-gnu-library/4.6/testthat/include/testthat/vendor/catch.hpp:478:85: note: expanded from macro 'INTERNAL_CATCH_UNIQUE_NAME'
  478 | #  define INTERNAL_CATCH_UNIQUE_NAME( name ) INTERNAL_CATCH_UNIQUE_NAME_LINE( name, __COUNTER__ )
      |                                                                                     ^
In file included from main.cpp:44:
./test-doubles.h:388:3: warning: '__COUNTER__' is a C2y extension [-Wc2y-extensions]
  388 |   test_that("comparison operator works") {
      |   ^
/home/pacha/R/x86_64-pc-linux-gnu-library/4.6/testthat/include/testthat/testthat.h:188:20: note: expanded from macro 'test_that'
  188 | # define test_that CATCH_SECTION
      |                    ^
/home/pacha/R/x86_64-pc-linux-gnu-library/4.6/testthat/include/testthat/vendor/catch.hpp:17627:30: note: expanded from macro 'CATCH_SECTION'
 17627 | #define CATCH_SECTION( ... ) INTERNAL_CATCH_SECTION( __VA_ARGS__ )
       |                              ^
/home/pacha/R/x86_64-pc-linux-gnu-library/4.6/testthat/include/testthat/vendor/catch.hpp:2940:31: note: expanded from macro 'INTERNAL_CATCH_SECTION'
 2940 |     if( Catch::Section const& INTERNAL_CATCH_UNIQUE_NAME( catch_internal_Section ) = Catch::SectionInfo( CATCH_INTERNAL_LINEINFO, __VA_ARGS__ ) ) \
      |                               ^
/home/pacha/R/x86_64-pc-linux-gnu-library/4.6/testthat/include/testthat/vendor/catch.hpp:478:85: note: expanded from macro 'INTERNAL_CATCH_UNIQUE_NAME'
  478 | #  define INTERNAL_CATCH_UNIQUE_NAME( name ) INTERNAL_CATCH_UNIQUE_NAME_LINE( name, __COUNTER__ )
      |                                                                                     ^
In file included from main.cpp:44:
./test-doubles.h:416:3: warning: '__COUNTER__' is a C2y extension [-Wc2y-extensions]
  416 |   test_that("is_na(double)") {
      |   ^
/home/pacha/R/x86_64-pc-linux-gnu-library/4.6/testthat/include/testthat/testthat.h:188:20: note: expanded from macro 'test_that'
  188 | # define test_that CATCH_SECTION
      |                    ^
/home/pacha/R/x86_64-pc-linux-gnu-library/4.6/testthat/include/testthat/vendor/catch.hpp:17627:30: note: expanded from macro 'CATCH_SECTION'
 17627 | #define CATCH_SECTION( ... ) INTERNAL_CATCH_SECTION( __VA_ARGS__ )
       |                              ^
/home/pacha/R/x86_64-pc-linux-gnu-library/4.6/testthat/include/testthat/vendor/catch.hpp:2940:31: note: expanded from macro 'INTERNAL_CATCH_SECTION'
 2940 |     if( Catch::Section const& INTERNAL_CATCH_UNIQUE_NAME( catch_internal_Section ) = Catch::SectionInfo( CATCH_INTERNAL_LINEINFO, __VA_ARGS__ ) ) \
      |                               ^
/home/pacha/R/x86_64-pc-linux-gnu-library/4.6/testthat/include/testthat/vendor/catch.hpp:478:85: note: expanded from macro 'INTERNAL_CATCH_UNIQUE_NAME'
  478 | #  define INTERNAL_CATCH_UNIQUE_NAME( name ) INTERNAL_CATCH_UNIQUE_NAME_LINE( name, __COUNTER__ )
      |                                                                                     ^
In file included from main.cpp:44:
./test-doubles.h:424:3: warning: '__COUNTER__' is a C2y extension [-Wc2y-extensions]
  424 |   test_that("as_doubles(integers)") {
      |   ^
/home/pacha/R/x86_64-pc-linux-gnu-library/4.6/testthat/include/testthat/testthat.h:188:20: note: expanded from macro 'test_that'
  188 | # define test_that CATCH_SECTION
      |                    ^
/home/pacha/R/x86_64-pc-linux-gnu-library/4.6/testthat/include/testthat/vendor/catch.hpp:17627:30: note: expanded from macro 'CATCH_SECTION'
 17627 | #define CATCH_SECTION( ... ) INTERNAL_CATCH_SECTION( __VA_ARGS__ )
       |                              ^
/home/pacha/R/x86_64-pc-linux-gnu-library/4.6/testthat/include/testthat/vendor/catch.hpp:2940:31: note: expanded from macro 'INTERNAL_CATCH_SECTION'
 2940 |     if( Catch::Section const& INTERNAL_CATCH_UNIQUE_NAME( catch_internal_Section ) = Catch::SectionInfo( CATCH_INTERNAL_LINEINFO, __VA_ARGS__ ) ) \
      |                               ^
/home/pacha/R/x86_64-pc-linux-gnu-library/4.6/testthat/include/testthat/vendor/catch.hpp:478:85: note: expanded from macro 'INTERNAL_CATCH_UNIQUE_NAME'
  478 | #  define INTERNAL_CATCH_UNIQUE_NAME( name ) INTERNAL_CATCH_UNIQUE_NAME_LINE( name, __COUNTER__ )
      |                                                                                     ^
In file included from main.cpp:44:
./test-doubles.h:449:3: warning: '__COUNTER__' is a C2y extension [-Wc2y-extensions]
  449 |   test_that("as_doubles(logicals)") {
      |   ^
/home/pacha/R/x86_64-pc-linux-gnu-library/4.6/testthat/include/testthat/testthat.h:188:20: note: expanded from macro 'test_that'
  188 | # define test_that CATCH_SECTION
      |                    ^
/home/pacha/R/x86_64-pc-linux-gnu-library/4.6/testthat/include/testthat/vendor/catch.hpp:17627:30: note: expanded from macro 'CATCH_SECTION'
 17627 | #define CATCH_SECTION( ... ) INTERNAL_CATCH_SECTION( __VA_ARGS__ )
       |                              ^
/home/pacha/R/x86_64-pc-linux-gnu-library/4.6/testthat/include/testthat/vendor/catch.hpp:2940:31: note: expanded from macro 'INTERNAL_CATCH_SECTION'
 2940 |     if( Catch::Section const& INTERNAL_CATCH_UNIQUE_NAME( catch_internal_Section ) = Catch::SectionInfo( CATCH_INTERNAL_LINEINFO, __VA_ARGS__ ) ) \
      |                               ^
/home/pacha/R/x86_64-pc-linux-gnu-library/4.6/testthat/include/testthat/vendor/catch.hpp:478:85: note: expanded from macro 'INTERNAL_CATCH_UNIQUE_NAME'
  478 | #  define INTERNAL_CATCH_UNIQUE_NAME( name ) INTERNAL_CATCH_UNIQUE_NAME_LINE( name, __COUNTER__ )
      |                                                                                     ^
In file included from main.cpp:44:
./test-doubles.h:465:3: warning: '__COUNTER__' is a C2y extension [-Wc2y-extensions]
  465 |   test_that("doubles operator[] and at") {
      |   ^
/home/pacha/R/x86_64-pc-linux-gnu-library/4.6/testthat/include/testthat/testthat.h:188:20: note: expanded from macro 'test_that'
  188 | # define test_that CATCH_SECTION
      |                    ^
/home/pacha/R/x86_64-pc-linux-gnu-library/4.6/testthat/include/testthat/vendor/catch.hpp:17627:30: note: expanded from macro 'CATCH_SECTION'
 17627 | #define CATCH_SECTION( ... ) INTERNAL_CATCH_SECTION( __VA_ARGS__ )
       |                              ^
/home/pacha/R/x86_64-pc-linux-gnu-library/4.6/testthat/include/testthat/vendor/catch.hpp:2940:31: note: expanded from macro 'INTERNAL_CATCH_SECTION'
 2940 |     if( Catch::Section const& INTERNAL_CATCH_UNIQUE_NAME( catch_internal_Section ) = Catch::SectionInfo( CATCH_INTERNAL_LINEINFO, __VA_ARGS__ ) ) \
      |                               ^
/home/pacha/R/x86_64-pc-linux-gnu-library/4.6/testthat/include/testthat/vendor/catch.hpp:478:85: note: expanded from macro 'INTERNAL_CATCH_UNIQUE_NAME'
  478 | #  define INTERNAL_CATCH_UNIQUE_NAME( name ) INTERNAL_CATCH_UNIQUE_NAME_LINE( name, __COUNTER__ )
      |                                                                                     ^
In file included from main.cpp:44:
./test-doubles.h:483:3: warning: '__COUNTER__' is a C2y extension [-Wc2y-extensions]
  483 |   test_that("writable::doubles operator[] and at") {
      |   ^
/home/pacha/R/x86_64-pc-linux-gnu-library/4.6/testthat/include/testthat/testthat.h:188:20: note: expanded from macro 'test_that'
  188 | # define test_that CATCH_SECTION
      |                    ^
/home/pacha/R/x86_64-pc-linux-gnu-library/4.6/testthat/include/testthat/vendor/catch.hpp:17627:30: note: expanded from macro 'CATCH_SECTION'
 17627 | #define CATCH_SECTION( ... ) INTERNAL_CATCH_SECTION( __VA_ARGS__ )
       |                              ^
/home/pacha/R/x86_64-pc-linux-gnu-library/4.6/testthat/include/testthat/vendor/catch.hpp:2940:31: note: expanded from macro 'INTERNAL_CATCH_SECTION'
 2940 |     if( Catch::Section const& INTERNAL_CATCH_UNIQUE_NAME( catch_internal_Section ) = Catch::SectionInfo( CATCH_INTERNAL_LINEINFO, __VA_ARGS__ ) ) \
      |                               ^
/home/pacha/R/x86_64-pc-linux-gnu-library/4.6/testthat/include/testthat/vendor/catch.hpp:478:85: note: expanded from macro 'INTERNAL_CATCH_UNIQUE_NAME'
  478 | #  define INTERNAL_CATCH_UNIQUE_NAME( name ) INTERNAL_CATCH_UNIQUE_NAME_LINE( name, __COUNTER__ )
      |                                                                                     ^
In file included from main.cpp:44:
./test-doubles.h:501:3: warning: '__COUNTER__' is a C2y extension [-Wc2y-extensions]
  501 |   test_that("operator[] and at with names") {
      |   ^
/home/pacha/R/x86_64-pc-linux-gnu-library/4.6/testthat/include/testthat/testthat.h:188:20: note: expanded from macro 'test_that'
  188 | # define test_that CATCH_SECTION
      |                    ^
/home/pacha/R/x86_64-pc-linux-gnu-library/4.6/testthat/include/testthat/vendor/catch.hpp:17627:30: note: expanded from macro 'CATCH_SECTION'
 17627 | #define CATCH_SECTION( ... ) INTERNAL_CATCH_SECTION( __VA_ARGS__ )
       |                              ^
/home/pacha/R/x86_64-pc-linux-gnu-library/4.6/testthat/include/testthat/vendor/catch.hpp:2940:31: note: expanded from macro 'INTERNAL_CATCH_SECTION'
 2940 |     if( Catch::Section const& INTERNAL_CATCH_UNIQUE_NAME( catch_internal_Section ) = Catch::SectionInfo( CATCH_INTERNAL_LINEINFO, __VA_ARGS__ ) ) \
      |                               ^
/home/pacha/R/x86_64-pc-linux-gnu-library/4.6/testthat/include/testthat/vendor/catch.hpp:478:85: note: expanded from macro 'INTERNAL_CATCH_UNIQUE_NAME'
  478 | #  define INTERNAL_CATCH_UNIQUE_NAME( name ) INTERNAL_CATCH_UNIQUE_NAME_LINE( name, __COUNTER__ )
      |                                                                                     ^
In file included from main.cpp:44:
./test-doubles.h:523:3: warning: '__COUNTER__' is a C2y extension [-Wc2y-extensions]
  523 |   test_that("doubles::find") {
      |   ^
/home/pacha/R/x86_64-pc-linux-gnu-library/4.6/testthat/include/testthat/testthat.h:188:20: note: expanded from macro 'test_that'
  188 | # define test_that CATCH_SECTION
      |                    ^
/home/pacha/R/x86_64-pc-linux-gnu-library/4.6/testthat/include/testthat/vendor/catch.hpp:17627:30: note: expanded from macro 'CATCH_SECTION'
 17627 | #define CATCH_SECTION( ... ) INTERNAL_CATCH_SECTION( __VA_ARGS__ )
       |                              ^
/home/pacha/R/x86_64-pc-linux-gnu-library/4.6/testthat/include/testthat/vendor/catch.hpp:2940:31: note: expanded from macro 'INTERNAL_CATCH_SECTION'
 2940 |     if( Catch::Section const& INTERNAL_CATCH_UNIQUE_NAME( catch_internal_Section ) = Catch::SectionInfo( CATCH_INTERNAL_LINEINFO, __VA_ARGS__ ) ) \
      |                               ^
/home/pacha/R/x86_64-pc-linux-gnu-library/4.6/testthat/include/testthat/vendor/catch.hpp:478:85: note: expanded from macro 'INTERNAL_CATCH_UNIQUE_NAME'
  478 | #  define INTERNAL_CATCH_UNIQUE_NAME( name ) INTERNAL_CATCH_UNIQUE_NAME_LINE( name, __COUNTER__ )
      |                                                                                     ^
In file included from main.cpp:44:
./test-doubles.h:537:3: warning: '__COUNTER__' is a C2y extension [-Wc2y-extensions]
  537 |   test_that("writable::doubles compound assignments") {
      |   ^
/home/pacha/R/x86_64-pc-linux-gnu-library/4.6/testthat/include/testthat/testthat.h:188:20: note: expanded from macro 'test_that'
  188 | # define test_that CATCH_SECTION
      |                    ^
/home/pacha/R/x86_64-pc-linux-gnu-library/4.6/testthat/include/testthat/vendor/catch.hpp:17627:30: note: expanded from macro 'CATCH_SECTION'
 17627 | #define CATCH_SECTION( ... ) INTERNAL_CATCH_SECTION( __VA_ARGS__ )
       |                              ^
/home/pacha/R/x86_64-pc-linux-gnu-library/4.6/testthat/include/testthat/vendor/catch.hpp:2940:31: note: expanded from macro 'INTERNAL_CATCH_SECTION'
 2940 |     if( Catch::Section const& INTERNAL_CATCH_UNIQUE_NAME( catch_internal_Section ) = Catch::SectionInfo( CATCH_INTERNAL_LINEINFO, __VA_ARGS__ ) ) \
      |                               ^
/home/pacha/R/x86_64-pc-linux-gnu-library/4.6/testthat/include/testthat/vendor/catch.hpp:478:85: note: expanded from macro 'INTERNAL_CATCH_UNIQUE_NAME'
  478 | #  define INTERNAL_CATCH_UNIQUE_NAME( name ) INTERNAL_CATCH_UNIQUE_NAME_LINE( name, __COUNTER__ )
      |                                                                                     ^
In file included from main.cpp:44:
./test-doubles.h:568:3: warning: '__COUNTER__' is a C2y extension [-Wc2y-extensions]
  568 |   test_that("writable::doubles convert to doubles with correct size (#128)") {
      |   ^
/home/pacha/R/x86_64-pc-linux-gnu-library/4.6/testthat/include/testthat/testthat.h:188:20: note: expanded from macro 'test_that'
  188 | # define test_that CATCH_SECTION
      |                    ^
/home/pacha/R/x86_64-pc-linux-gnu-library/4.6/testthat/include/testthat/vendor/catch.hpp:17627:30: note: expanded from macro 'CATCH_SECTION'
 17627 | #define CATCH_SECTION( ... ) INTERNAL_CATCH_SECTION( __VA_ARGS__ )
       |                              ^
/home/pacha/R/x86_64-pc-linux-gnu-library/4.6/testthat/include/testthat/vendor/catch.hpp:2940:31: note: expanded from macro 'INTERNAL_CATCH_SECTION'
 2940 |     if( Catch::Section const& INTERNAL_CATCH_UNIQUE_NAME( catch_internal_Section ) = Catch::SectionInfo( CATCH_INTERNAL_LINEINFO, __VA_ARGS__ ) ) \
      |                               ^
/home/pacha/R/x86_64-pc-linux-gnu-library/4.6/testthat/include/testthat/vendor/catch.hpp:478:85: note: expanded from macro 'INTERNAL_CATCH_UNIQUE_NAME'
  478 | #  define INTERNAL_CATCH_UNIQUE_NAME( name ) INTERNAL_CATCH_UNIQUE_NAME_LINE( name, __COUNTER__ )
      |                                                                                     ^
In file included from main.cpp:45:
./test-environment.h:3:1: warning: '__COUNTER__' is a C2y extension [-Wc2y-extensions]
    3 | context("environment-C++") {
      | ^
/home/pacha/R/x86_64-pc-linux-gnu-library/4.6/testthat/include/testthat/testthat.h:187:25: note: expanded from macro 'context'
  187 | # define context(__X__) CATCH_TEST_CASE(__X__ " | " __FILE__)
      |                         ^
/home/pacha/R/x86_64-pc-linux-gnu-library/4.6/testthat/include/testthat/vendor/catch.hpp:17623:32: note: expanded from macro 'CATCH_TEST_CASE'
 17623 | #define CATCH_TEST_CASE( ... ) INTERNAL_CATCH_TESTCASE( __VA_ARGS__ )
       |                                ^
/home/pacha/R/x86_64-pc-linux-gnu-library/4.6/testthat/include/testthat/vendor/catch.hpp:1062:35: note: expanded from macro 'INTERNAL_CATCH_TESTCASE'
 1062 |         INTERNAL_CATCH_TESTCASE2( INTERNAL_CATCH_UNIQUE_NAME( C_A_T_C_H_T_E_S_T_ ), __VA_ARGS__ )
      |                                   ^
/home/pacha/R/x86_64-pc-linux-gnu-library/4.6/testthat/include/testthat/vendor/catch.hpp:478:85: note: expanded from macro 'INTERNAL_CATCH_UNIQUE_NAME'
  478 | #  define INTERNAL_CATCH_UNIQUE_NAME( name ) INTERNAL_CATCH_UNIQUE_NAME_LINE( name, __COUNTER__ )
      |                                                                                     ^
In file included from main.cpp:45:
./test-environment.h:3:1: warning: '__COUNTER__' is a C2y extension [-Wc2y-extensions]
/home/pacha/R/x86_64-pc-linux-gnu-library/4.6/testthat/include/testthat/testthat.h:187:25: note: expanded from macro 'context'
  187 | # define context(__X__) CATCH_TEST_CASE(__X__ " | " __FILE__)
      |                         ^
/home/pacha/R/x86_64-pc-linux-gnu-library/4.6/testthat/include/testthat/vendor/catch.hpp:17623:32: note: expanded from macro 'CATCH_TEST_CASE'
 17623 | #define CATCH_TEST_CASE( ... ) INTERNAL_CATCH_TESTCASE( __VA_ARGS__ )
       |                                ^
/home/pacha/R/x86_64-pc-linux-gnu-library/4.6/testthat/include/testthat/vendor/catch.hpp:1062:9: note: expanded from macro 'INTERNAL_CATCH_TESTCASE'
 1062 |         INTERNAL_CATCH_TESTCASE2( INTERNAL_CATCH_UNIQUE_NAME( C_A_T_C_H_T_E_S_T_ ), __VA_ARGS__ )
      |         ^
/home/pacha/R/x86_64-pc-linux-gnu-library/4.6/testthat/include/testthat/vendor/catch.hpp:1058:35: note: expanded from macro 'INTERNAL_CATCH_TESTCASE2'
 1058 |         namespace{ Catch::AutoReg INTERNAL_CATCH_UNIQUE_NAME( autoRegistrar )( Catch::makeTestInvoker( &TestName ), CATCH_INTERNAL_LINEINFO, Catch::StringRef(), Catch::NameAndTags{ __VA_ARGS__ } ); } /* NOLINT */ \
      |                                   ^
/home/pacha/R/x86_64-pc-linux-gnu-library/4.6/testthat/include/testthat/vendor/catch.hpp:478:85: note: expanded from macro 'INTERNAL_CATCH_UNIQUE_NAME'
  478 | #  define INTERNAL_CATCH_UNIQUE_NAME( name ) INTERNAL_CATCH_UNIQUE_NAME_LINE( name, __COUNTER__ )
      |                                                                                     ^
In file included from main.cpp:45:
./test-environment.h:4:3: warning: '__COUNTER__' is a C2y extension [-Wc2y-extensions]
    4 |   test_that("environment works") {
      |   ^
/home/pacha/R/x86_64-pc-linux-gnu-library/4.6/testthat/include/testthat/testthat.h:188:20: note: expanded from macro 'test_that'
  188 | # define test_that CATCH_SECTION
      |                    ^
/home/pacha/R/x86_64-pc-linux-gnu-library/4.6/testthat/include/testthat/vendor/catch.hpp:17627:30: note: expanded from macro 'CATCH_SECTION'
 17627 | #define CATCH_SECTION( ... ) INTERNAL_CATCH_SECTION( __VA_ARGS__ )
       |                              ^
/home/pacha/R/x86_64-pc-linux-gnu-library/4.6/testthat/include/testthat/vendor/catch.hpp:2940:31: note: expanded from macro 'INTERNAL_CATCH_SECTION'
 2940 |     if( Catch::Section const& INTERNAL_CATCH_UNIQUE_NAME( catch_internal_Section ) = Catch::SectionInfo( CATCH_INTERNAL_LINEINFO, __VA_ARGS__ ) ) \
      |                               ^
/home/pacha/R/x86_64-pc-linux-gnu-library/4.6/testthat/include/testthat/vendor/catch.hpp:478:85: note: expanded from macro 'INTERNAL_CATCH_UNIQUE_NAME'
  478 | #  define INTERNAL_CATCH_UNIQUE_NAME( name ) INTERNAL_CATCH_UNIQUE_NAME_LINE( name, __COUNTER__ )
      |                                                                                     ^
In file included from main.cpp:45:
./test-environment.h:37:3: warning: '__COUNTER__' is a C2y extension [-Wc2y-extensions]
   37 |   test_that("environment doesn't leak `R_MissingArg`") {
      |   ^
/home/pacha/R/x86_64-pc-linux-gnu-library/4.6/testthat/include/testthat/testthat.h:188:20: note: expanded from macro 'test_that'
  188 | # define test_that CATCH_SECTION
      |                    ^
/home/pacha/R/x86_64-pc-linux-gnu-library/4.6/testthat/include/testthat/vendor/catch.hpp:17627:30: note: expanded from macro 'CATCH_SECTION'
 17627 | #define CATCH_SECTION( ... ) INTERNAL_CATCH_SECTION( __VA_ARGS__ )
       |                              ^
/home/pacha/R/x86_64-pc-linux-gnu-library/4.6/testthat/include/testthat/vendor/catch.hpp:2940:31: note: expanded from macro 'INTERNAL_CATCH_SECTION'
 2940 |     if( Catch::Section const& INTERNAL_CATCH_UNIQUE_NAME( catch_internal_Section ) = Catch::SectionInfo( CATCH_INTERNAL_LINEINFO, __VA_ARGS__ ) ) \
      |                               ^
/home/pacha/R/x86_64-pc-linux-gnu-library/4.6/testthat/include/testthat/vendor/catch.hpp:478:85: note: expanded from macro 'INTERNAL_CATCH_UNIQUE_NAME'
  478 | #  define INTERNAL_CATCH_UNIQUE_NAME( name ) INTERNAL_CATCH_UNIQUE_NAME_LINE( name, __COUNTER__ )
      |                                                                                     ^
In file included from main.cpp:46:
./test-environment_advanced.h:3:1: warning: '__COUNTER__' is a C2y extension [-Wc2y-extensions]
    3 | context("environment-advanced-C++") {
      | ^
/home/pacha/R/x86_64-pc-linux-gnu-library/4.6/testthat/include/testthat/testthat.h:187:25: note: expanded from macro 'context'
  187 | # define context(__X__) CATCH_TEST_CASE(__X__ " | " __FILE__)
      |                         ^
/home/pacha/R/x86_64-pc-linux-gnu-library/4.6/testthat/include/testthat/vendor/catch.hpp:17623:32: note: expanded from macro 'CATCH_TEST_CASE'
 17623 | #define CATCH_TEST_CASE( ... ) INTERNAL_CATCH_TESTCASE( __VA_ARGS__ )
       |                                ^
/home/pacha/R/x86_64-pc-linux-gnu-library/4.6/testthat/include/testthat/vendor/catch.hpp:1062:35: note: expanded from macro 'INTERNAL_CATCH_TESTCASE'
 1062 |         INTERNAL_CATCH_TESTCASE2( INTERNAL_CATCH_UNIQUE_NAME( C_A_T_C_H_T_E_S_T_ ), __VA_ARGS__ )
      |                                   ^
/home/pacha/R/x86_64-pc-linux-gnu-library/4.6/testthat/include/testthat/vendor/catch.hpp:478:85: note: expanded from macro 'INTERNAL_CATCH_UNIQUE_NAME'
  478 | #  define INTERNAL_CATCH_UNIQUE_NAME( name ) INTERNAL_CATCH_UNIQUE_NAME_LINE( name, __COUNTER__ )
      |                                                                                     ^
In file included from main.cpp:46:
./test-environment_advanced.h:3:1: warning: '__COUNTER__' is a C2y extension [-Wc2y-extensions]
/home/pacha/R/x86_64-pc-linux-gnu-library/4.6/testthat/include/testthat/testthat.h:187:25: note: expanded from macro 'context'
  187 | # define context(__X__) CATCH_TEST_CASE(__X__ " | " __FILE__)
      |                         ^
/home/pacha/R/x86_64-pc-linux-gnu-library/4.6/testthat/include/testthat/vendor/catch.hpp:17623:32: note: expanded from macro 'CATCH_TEST_CASE'
 17623 | #define CATCH_TEST_CASE( ... ) INTERNAL_CATCH_TESTCASE( __VA_ARGS__ )
       |                                ^
/home/pacha/R/x86_64-pc-linux-gnu-library/4.6/testthat/include/testthat/vendor/catch.hpp:1062:9: note: expanded from macro 'INTERNAL_CATCH_TESTCASE'
 1062 |         INTERNAL_CATCH_TESTCASE2( INTERNAL_CATCH_UNIQUE_NAME( C_A_T_C_H_T_E_S_T_ ), __VA_ARGS__ )
      |         ^
/home/pacha/R/x86_64-pc-linux-gnu-library/4.6/testthat/include/testthat/vendor/catch.hpp:1058:35: note: expanded from macro 'INTERNAL_CATCH_TESTCASE2'
 1058 |         namespace{ Catch::AutoReg INTERNAL_CATCH_UNIQUE_NAME( autoRegistrar )( Catch::makeTestInvoker( &TestName ), CATCH_INTERNAL_LINEINFO, Catch::StringRef(), Catch::NameAndTags{ __VA_ARGS__ } ); } /* NOLINT */ \
      |                                   ^
/home/pacha/R/x86_64-pc-linux-gnu-library/4.6/testthat/include/testthat/vendor/catch.hpp:478:85: note: expanded from macro 'INTERNAL_CATCH_UNIQUE_NAME'
  478 | #  define INTERNAL_CATCH_UNIQUE_NAME( name ) INTERNAL_CATCH_UNIQUE_NAME_LINE( name, __COUNTER__ )
      |                                                                                     ^
In file included from main.cpp:46:
./test-environment_advanced.h:4:3: warning: '__COUNTER__' is a C2y extension [-Wc2y-extensions]
    4 |   test_that("environment::exists() works") {
      |   ^
/home/pacha/R/x86_64-pc-linux-gnu-library/4.6/testthat/include/testthat/testthat.h:188:20: note: expanded from macro 'test_that'
  188 | # define test_that CATCH_SECTION
      |                    ^
/home/pacha/R/x86_64-pc-linux-gnu-library/4.6/testthat/include/testthat/vendor/catch.hpp:17627:30: note: expanded from macro 'CATCH_SECTION'
 17627 | #define CATCH_SECTION( ... ) INTERNAL_CATCH_SECTION( __VA_ARGS__ )
       |                              ^
/home/pacha/R/x86_64-pc-linux-gnu-library/4.6/testthat/include/testthat/vendor/catch.hpp:2940:31: note: expanded from macro 'INTERNAL_CATCH_SECTION'
 2940 |     if( Catch::Section const& INTERNAL_CATCH_UNIQUE_NAME( catch_internal_Section ) = Catch::SectionInfo( CATCH_INTERNAL_LINEINFO, __VA_ARGS__ ) ) \
      |                               ^
/home/pacha/R/x86_64-pc-linux-gnu-library/4.6/testthat/include/testthat/vendor/catch.hpp:478:85: note: expanded from macro 'INTERNAL_CATCH_UNIQUE_NAME'
  478 | #  define INTERNAL_CATCH_UNIQUE_NAME( name ) INTERNAL_CATCH_UNIQUE_NAME_LINE( name, __COUNTER__ )
      |                                                                                     ^
In file included from main.cpp:46:
./test-environment_advanced.h:13:3: warning: '__COUNTER__' is a C2y extension [-Wc2y-extensions]
   13 |   test_that("environment::exists() with SEXP symbol") {
      |   ^
/home/pacha/R/x86_64-pc-linux-gnu-library/4.6/testthat/include/testthat/testthat.h:188:20: note: expanded from macro 'test_that'
  188 | # define test_that CATCH_SECTION
      |                    ^
/home/pacha/R/x86_64-pc-linux-gnu-library/4.6/testthat/include/testthat/vendor/catch.hpp:17627:30: note: expanded from macro 'CATCH_SECTION'
 17627 | #define CATCH_SECTION( ... ) INTERNAL_CATCH_SECTION( __VA_ARGS__ )
       |                              ^
/home/pacha/R/x86_64-pc-linux-gnu-library/4.6/testthat/include/testthat/vendor/catch.hpp:2940:31: note: expanded from macro 'INTERNAL_CATCH_SECTION'
 2940 |     if( Catch::Section const& INTERNAL_CATCH_UNIQUE_NAME( catch_internal_Section ) = Catch::SectionInfo( CATCH_INTERNAL_LINEINFO, __VA_ARGS__ ) ) \
      |                               ^
/home/pacha/R/x86_64-pc-linux-gnu-library/4.6/testthat/include/testthat/vendor/catch.hpp:478:85: note: expanded from macro 'INTERNAL_CATCH_UNIQUE_NAME'
  478 | #  define INTERNAL_CATCH_UNIQUE_NAME( name ) INTERNAL_CATCH_UNIQUE_NAME_LINE( name, __COUNTER__ )
      |                                                                                     ^
In file included from main.cpp:46:
./test-environment_advanced.h:23:3: warning: '__COUNTER__' is a C2y extension [-Wc2y-extensions]
   23 |   test_that("environment::exists() with std::string") {
      |   ^
/home/pacha/R/x86_64-pc-linux-gnu-library/4.6/testthat/include/testthat/testthat.h:188:20: note: expanded from macro 'test_that'
  188 | # define test_that CATCH_SECTION
      |                    ^
/home/pacha/R/x86_64-pc-linux-gnu-library/4.6/testthat/include/testthat/vendor/catch.hpp:17627:30: note: expanded from macro 'CATCH_SECTION'
 17627 | #define CATCH_SECTION( ... ) INTERNAL_CATCH_SECTION( __VA_ARGS__ )
       |                              ^
/home/pacha/R/x86_64-pc-linux-gnu-library/4.6/testthat/include/testthat/vendor/catch.hpp:2940:31: note: expanded from macro 'INTERNAL_CATCH_SECTION'
 2940 |     if( Catch::Section const& INTERNAL_CATCH_UNIQUE_NAME( catch_internal_Section ) = Catch::SectionInfo( CATCH_INTERNAL_LINEINFO, __VA_ARGS__ ) ) \
      |                               ^
/home/pacha/R/x86_64-pc-linux-gnu-library/4.6/testthat/include/testthat/vendor/catch.hpp:478:85: note: expanded from macro 'INTERNAL_CATCH_UNIQUE_NAME'
  478 | #  define INTERNAL_CATCH_UNIQUE_NAME( name ) INTERNAL_CATCH_UNIQUE_NAME_LINE( name, __COUNTER__ )
      |                                                                                     ^
In file included from main.cpp:46:
./test-environment_advanced.h:33:3: warning: '__COUNTER__' is a C2y extension [-Wc2y-extensions]
   33 |   test_that("environment::remove() with SEXP symbol") {
      |   ^
/home/pacha/R/x86_64-pc-linux-gnu-library/4.6/testthat/include/testthat/testthat.h:188:20: note: expanded from macro 'test_that'
  188 | # define test_that CATCH_SECTION
      |                    ^
/home/pacha/R/x86_64-pc-linux-gnu-library/4.6/testthat/include/testthat/vendor/catch.hpp:17627:30: note: expanded from macro 'CATCH_SECTION'
 17627 | #define CATCH_SECTION( ... ) INTERNAL_CATCH_SECTION( __VA_ARGS__ )
       |                              ^
/home/pacha/R/x86_64-pc-linux-gnu-library/4.6/testthat/include/testthat/vendor/catch.hpp:2940:31: note: expanded from macro 'INTERNAL_CATCH_SECTION'
 2940 |     if( Catch::Section const& INTERNAL_CATCH_UNIQUE_NAME( catch_internal_Section ) = Catch::SectionInfo( CATCH_INTERNAL_LINEINFO, __VA_ARGS__ ) ) \
      |                               ^
/home/pacha/R/x86_64-pc-linux-gnu-library/4.6/testthat/include/testthat/vendor/catch.hpp:478:85: note: expanded from macro 'INTERNAL_CATCH_UNIQUE_NAME'
  478 | #  define INTERNAL_CATCH_UNIQUE_NAME( name ) INTERNAL_CATCH_UNIQUE_NAME_LINE( name, __COUNTER__ )
      |                                                                                     ^
In file included from main.cpp:46:
./test-environment_advanced.h:45:3: warning: '__COUNTER__' is a C2y extension [-Wc2y-extensions]
   45 |   test_that("environment::new_env() creates an empty environment") {
      |   ^
/home/pacha/R/x86_64-pc-linux-gnu-library/4.6/testthat/include/testthat/testthat.h:188:20: note: expanded from macro 'test_that'
  188 | # define test_that CATCH_SECTION
      |                    ^
/home/pacha/R/x86_64-pc-linux-gnu-library/4.6/testthat/include/testthat/vendor/catch.hpp:17627:30: note: expanded from macro 'CATCH_SECTION'
 17627 | #define CATCH_SECTION( ... ) INTERNAL_CATCH_SECTION( __VA_ARGS__ )
       |                              ^
/home/pacha/R/x86_64-pc-linux-gnu-library/4.6/testthat/include/testthat/vendor/catch.hpp:2940:31: note: expanded from macro 'INTERNAL_CATCH_SECTION'
 2940 |     if( Catch::Section const& INTERNAL_CATCH_UNIQUE_NAME( catch_internal_Section ) = Catch::SectionInfo( CATCH_INTERNAL_LINEINFO, __VA_ARGS__ ) ) \
      |                               ^
/home/pacha/R/x86_64-pc-linux-gnu-library/4.6/testthat/include/testthat/vendor/catch.hpp:478:85: note: expanded from macro 'INTERNAL_CATCH_UNIQUE_NAME'
  478 | #  define INTERNAL_CATCH_UNIQUE_NAME( name ) INTERNAL_CATCH_UNIQUE_NAME_LINE( name, __COUNTER__ )
      |                                                                                     ^
In file included from main.cpp:46:
./test-environment_advanced.h:53:3: warning: '__COUNTER__' is a C2y extension [-Wc2y-extensions]
   53 |   test_that("environment::new_env() respects enclosing environment") {
      |   ^
/home/pacha/R/x86_64-pc-linux-gnu-library/4.6/testthat/include/testthat/testthat.h:188:20: note: expanded from macro 'test_that'
  188 | # define test_that CATCH_SECTION
      |                    ^
/home/pacha/R/x86_64-pc-linux-gnu-library/4.6/testthat/include/testthat/vendor/catch.hpp:17627:30: note: expanded from macro 'CATCH_SECTION'
 17627 | #define CATCH_SECTION( ... ) INTERNAL_CATCH_SECTION( __VA_ARGS__ )
       |                              ^
/home/pacha/R/x86_64-pc-linux-gnu-library/4.6/testthat/include/testthat/vendor/catch.hpp:2940:31: note: expanded from macro 'INTERNAL_CATCH_SECTION'
 2940 |     if( Catch::Section const& INTERNAL_CATCH_UNIQUE_NAME( catch_internal_Section ) = Catch::SectionInfo( CATCH_INTERNAL_LINEINFO, __VA_ARGS__ ) ) \
      |                               ^
/home/pacha/R/x86_64-pc-linux-gnu-library/4.6/testthat/include/testthat/vendor/catch.hpp:478:85: note: expanded from macro 'INTERNAL_CATCH_UNIQUE_NAME'
  478 | #  define INTERNAL_CATCH_UNIQUE_NAME( name ) INTERNAL_CATCH_UNIQUE_NAME_LINE( name, __COUNTER__ )
      |                                                                                     ^
In file included from main.cpp:46:
./test-environment_advanced.h:64:3: warning: '__COUNTER__' is a C2y extension [-Wc2y-extensions]
   64 |   test_that("environment::global_env() wraps R_GlobalEnv") {
      |   ^
/home/pacha/R/x86_64-pc-linux-gnu-library/4.6/testthat/include/testthat/testthat.h:188:20: note: expanded from macro 'test_that'
  188 | # define test_that CATCH_SECTION
      |                    ^
/home/pacha/R/x86_64-pc-linux-gnu-library/4.6/testthat/include/testthat/vendor/catch.hpp:17627:30: note: expanded from macro 'CATCH_SECTION'
 17627 | #define CATCH_SECTION( ... ) INTERNAL_CATCH_SECTION( __VA_ARGS__ )
       |                              ^
/home/pacha/R/x86_64-pc-linux-gnu-library/4.6/testthat/include/testthat/vendor/catch.hpp:2940:31: note: expanded from macro 'INTERNAL_CATCH_SECTION'
 2940 |     if( Catch::Section const& INTERNAL_CATCH_UNIQUE_NAME( catch_internal_Section ) = Catch::SectionInfo( CATCH_INTERNAL_LINEINFO, __VA_ARGS__ ) ) \
      |                               ^
/home/pacha/R/x86_64-pc-linux-gnu-library/4.6/testthat/include/testthat/vendor/catch.hpp:478:85: note: expanded from macro 'INTERNAL_CATCH_UNIQUE_NAME'
  478 | #  define INTERNAL_CATCH_UNIQUE_NAME( name ) INTERNAL_CATCH_UNIQUE_NAME_LINE( name, __COUNTER__ )
      |                                                                                     ^
In file included from main.cpp:46:
./test-environment_advanced.h:69:3: warning: '__COUNTER__' is a C2y extension [-Wc2y-extensions]
   69 |   test_that("environment::base_env() wraps R_BaseEnv") {
      |   ^
/home/pacha/R/x86_64-pc-linux-gnu-library/4.6/testthat/include/testthat/testthat.h:188:20: note: expanded from macro 'test_that'
  188 | # define test_that CATCH_SECTION
      |                    ^
/home/pacha/R/x86_64-pc-linux-gnu-library/4.6/testthat/include/testthat/vendor/catch.hpp:17627:30: note: expanded from macro 'CATCH_SECTION'
 17627 | #define CATCH_SECTION( ... ) INTERNAL_CATCH_SECTION( __VA_ARGS__ )
       |                              ^
/home/pacha/R/x86_64-pc-linux-gnu-library/4.6/testthat/include/testthat/vendor/catch.hpp:2940:31: note: expanded from macro 'INTERNAL_CATCH_SECTION'
 2940 |     if( Catch::Section const& INTERNAL_CATCH_UNIQUE_NAME( catch_internal_Section ) = Catch::SectionInfo( CATCH_INTERNAL_LINEINFO, __VA_ARGS__ ) ) \
      |                               ^
/home/pacha/R/x86_64-pc-linux-gnu-library/4.6/testthat/include/testthat/vendor/catch.hpp:478:85: note: expanded from macro 'INTERNAL_CATCH_UNIQUE_NAME'
  478 | #  define INTERNAL_CATCH_UNIQUE_NAME( name ) INTERNAL_CATCH_UNIQUE_NAME_LINE( name, __COUNTER__ )
      |                                                                                     ^
In file included from main.cpp:46:
./test-environment_advanced.h:74:3: warning: '__COUNTER__' is a C2y extension [-Wc2y-extensions]
   74 |   test_that("environment::empty_env() wraps R_EmptyEnv") {
      |   ^
/home/pacha/R/x86_64-pc-linux-gnu-library/4.6/testthat/include/testthat/testthat.h:188:20: note: expanded from macro 'test_that'
  188 | # define test_that CATCH_SECTION
      |                    ^
/home/pacha/R/x86_64-pc-linux-gnu-library/4.6/testthat/include/testthat/vendor/catch.hpp:17627:30: note: expanded from macro 'CATCH_SECTION'
 17627 | #define CATCH_SECTION( ... ) INTERNAL_CATCH_SECTION( __VA_ARGS__ )
       |                              ^
/home/pacha/R/x86_64-pc-linux-gnu-library/4.6/testthat/include/testthat/vendor/catch.hpp:2940:31: note: expanded from macro 'INTERNAL_CATCH_SECTION'
 2940 |     if( Catch::Section const& INTERNAL_CATCH_UNIQUE_NAME( catch_internal_Section ) = Catch::SectionInfo( CATCH_INTERNAL_LINEINFO, __VA_ARGS__ ) ) \
      |                               ^
/home/pacha/R/x86_64-pc-linux-gnu-library/4.6/testthat/include/testthat/vendor/catch.hpp:478:85: note: expanded from macro 'INTERNAL_CATCH_UNIQUE_NAME'
  478 | #  define INTERNAL_CATCH_UNIQUE_NAME( name ) INTERNAL_CATCH_UNIQUE_NAME_LINE( name, __COUNTER__ )
      |                                                                                     ^
In file included from main.cpp:46:
./test-environment_advanced.h:79:3: warning: '__COUNTER__' is a C2y extension [-Wc2y-extensions]
   79 |   test_that("environment::lock() prevents new bindings") {
      |   ^
/home/pacha/R/x86_64-pc-linux-gnu-library/4.6/testthat/include/testthat/testthat.h:188:20: note: expanded from macro 'test_that'
  188 | # define test_that CATCH_SECTION
      |                    ^
/home/pacha/R/x86_64-pc-linux-gnu-library/4.6/testthat/include/testthat/vendor/catch.hpp:17627:30: note: expanded from macro 'CATCH_SECTION'
 17627 | #define CATCH_SECTION( ... ) INTERNAL_CATCH_SECTION( __VA_ARGS__ )
       |                              ^
/home/pacha/R/x86_64-pc-linux-gnu-library/4.6/testthat/include/testthat/vendor/catch.hpp:2940:31: note: expanded from macro 'INTERNAL_CATCH_SECTION'
 2940 |     if( Catch::Section const& INTERNAL_CATCH_UNIQUE_NAME( catch_internal_Section ) = Catch::SectionInfo( CATCH_INTERNAL_LINEINFO, __VA_ARGS__ ) ) \
      |                               ^
/home/pacha/R/x86_64-pc-linux-gnu-library/4.6/testthat/include/testthat/vendor/catch.hpp:478:85: note: expanded from macro 'INTERNAL_CATCH_UNIQUE_NAME'
  478 | #  define INTERNAL_CATCH_UNIQUE_NAME( name ) INTERNAL_CATCH_UNIQUE_NAME_LINE( name, __COUNTER__ )
      |                                                                                     ^
In file included from main.cpp:46:
./test-environment_advanced.h:87:3: warning: '__COUNTER__' is a C2y extension [-Wc2y-extensions]
   87 |   test_that("environment::ls() returns sorted binding names") {
      |   ^
/home/pacha/R/x86_64-pc-linux-gnu-library/4.6/testthat/include/testthat/testthat.h:188:20: note: expanded from macro 'test_that'
  188 | # define test_that CATCH_SECTION
      |                    ^
/home/pacha/R/x86_64-pc-linux-gnu-library/4.6/testthat/include/testthat/vendor/catch.hpp:17627:30: note: expanded from macro 'CATCH_SECTION'
 17627 | #define CATCH_SECTION( ... ) INTERNAL_CATCH_SECTION( __VA_ARGS__ )
       |                              ^
/home/pacha/R/x86_64-pc-linux-gnu-library/4.6/testthat/include/testthat/vendor/catch.hpp:2940:31: note: expanded from macro 'INTERNAL_CATCH_SECTION'
 2940 |     if( Catch::Section const& INTERNAL_CATCH_UNIQUE_NAME( catch_internal_Section ) = Catch::SectionInfo( CATCH_INTERNAL_LINEINFO, __VA_ARGS__ ) ) \
      |                               ^
/home/pacha/R/x86_64-pc-linux-gnu-library/4.6/testthat/include/testthat/vendor/catch.hpp:478:85: note: expanded from macro 'INTERNAL_CATCH_UNIQUE_NAME'
  478 | #  define INTERNAL_CATCH_UNIQUE_NAME( name ) INTERNAL_CATCH_UNIQUE_NAME_LINE( name, __COUNTER__ )
      |                                                                                     ^
In file included from main.cpp:46:
./test-environment_advanced.h:101:3: warning: '__COUNTER__' is a C2y extension [-Wc2y-extensions]
  101 |   test_that("environment::ls() respects all_names for dot names") {
      |   ^
/home/pacha/R/x86_64-pc-linux-gnu-library/4.6/testthat/include/testthat/testthat.h:188:20: note: expanded from macro 'test_that'
  188 | # define test_that CATCH_SECTION
      |                    ^
/home/pacha/R/x86_64-pc-linux-gnu-library/4.6/testthat/include/testthat/vendor/catch.hpp:17627:30: note: expanded from macro 'CATCH_SECTION'
 17627 | #define CATCH_SECTION( ... ) INTERNAL_CATCH_SECTION( __VA_ARGS__ )
       |                              ^
/home/pacha/R/x86_64-pc-linux-gnu-library/4.6/testthat/include/testthat/vendor/catch.hpp:2940:31: note: expanded from macro 'INTERNAL_CATCH_SECTION'
 2940 |     if( Catch::Section const& INTERNAL_CATCH_UNIQUE_NAME( catch_internal_Section ) = Catch::SectionInfo( CATCH_INTERNAL_LINEINFO, __VA_ARGS__ ) ) \
      |                               ^
/home/pacha/R/x86_64-pc-linux-gnu-library/4.6/testthat/include/testthat/vendor/catch.hpp:478:85: note: expanded from macro 'INTERNAL_CATCH_UNIQUE_NAME'
  478 | #  define INTERNAL_CATCH_UNIQUE_NAME( name ) INTERNAL_CATCH_UNIQUE_NAME_LINE( name, __COUNTER__ )
      |                                                                                     ^
In file included from main.cpp:47:
./test-external_pointer.h:19:1: warning: '__COUNTER__' is a C2y extension [-Wc2y-extensions]
   19 | context("external_pointer-C++") {
      | ^
/home/pacha/R/x86_64-pc-linux-gnu-library/4.6/testthat/include/testthat/testthat.h:187:25: note: expanded from macro 'context'
  187 | # define context(__X__) CATCH_TEST_CASE(__X__ " | " __FILE__)
      |                         ^
/home/pacha/R/x86_64-pc-linux-gnu-library/4.6/testthat/include/testthat/vendor/catch.hpp:17623:32: note: expanded from macro 'CATCH_TEST_CASE'
 17623 | #define CATCH_TEST_CASE( ... ) INTERNAL_CATCH_TESTCASE( __VA_ARGS__ )
       |                                ^
/home/pacha/R/x86_64-pc-linux-gnu-library/4.6/testthat/include/testthat/vendor/catch.hpp:1062:35: note: expanded from macro 'INTERNAL_CATCH_TESTCASE'
 1062 |         INTERNAL_CATCH_TESTCASE2( INTERNAL_CATCH_UNIQUE_NAME( C_A_T_C_H_T_E_S_T_ ), __VA_ARGS__ )
      |                                   ^
/home/pacha/R/x86_64-pc-linux-gnu-library/4.6/testthat/include/testthat/vendor/catch.hpp:478:85: note: expanded from macro 'INTERNAL_CATCH_UNIQUE_NAME'
  478 | #  define INTERNAL_CATCH_UNIQUE_NAME( name ) INTERNAL_CATCH_UNIQUE_NAME_LINE( name, __COUNTER__ )
      |                                                                                     ^
In file included from main.cpp:47:
./test-external_pointer.h:19:1: warning: '__COUNTER__' is a C2y extension [-Wc2y-extensions]
/home/pacha/R/x86_64-pc-linux-gnu-library/4.6/testthat/include/testthat/testthat.h:187:25: note: expanded from macro 'context'
  187 | # define context(__X__) CATCH_TEST_CASE(__X__ " | " __FILE__)
      |                         ^
/home/pacha/R/x86_64-pc-linux-gnu-library/4.6/testthat/include/testthat/vendor/catch.hpp:17623:32: note: expanded from macro 'CATCH_TEST_CASE'
 17623 | #define CATCH_TEST_CASE( ... ) INTERNAL_CATCH_TESTCASE( __VA_ARGS__ )
       |                                ^
/home/pacha/R/x86_64-pc-linux-gnu-library/4.6/testthat/include/testthat/vendor/catch.hpp:1062:9: note: expanded from macro 'INTERNAL_CATCH_TESTCASE'
 1062 |         INTERNAL_CATCH_TESTCASE2( INTERNAL_CATCH_UNIQUE_NAME( C_A_T_C_H_T_E_S_T_ ), __VA_ARGS__ )
      |         ^
/home/pacha/R/x86_64-pc-linux-gnu-library/4.6/testthat/include/testthat/vendor/catch.hpp:1058:35: note: expanded from macro 'INTERNAL_CATCH_TESTCASE2'
 1058 |         namespace{ Catch::AutoReg INTERNAL_CATCH_UNIQUE_NAME( autoRegistrar )( Catch::makeTestInvoker( &TestName ), CATCH_INTERNAL_LINEINFO, Catch::StringRef(), Catch::NameAndTags{ __VA_ARGS__ } ); } /* NOLINT */ \
      |                                   ^
/home/pacha/R/x86_64-pc-linux-gnu-library/4.6/testthat/include/testthat/vendor/catch.hpp:478:85: note: expanded from macro 'INTERNAL_CATCH_UNIQUE_NAME'
  478 | #  define INTERNAL_CATCH_UNIQUE_NAME( name ) INTERNAL_CATCH_UNIQUE_NAME_LINE( name, __COUNTER__ )
      |                                                                                     ^
In file included from main.cpp:47:
./test-external_pointer.h:20:3: warning: '__COUNTER__' is a C2y extension [-Wc2y-extensions]
   20 |   test_that("external_pointer works") {
      |   ^
/home/pacha/R/x86_64-pc-linux-gnu-library/4.6/testthat/include/testthat/testthat.h:188:20: note: expanded from macro 'test_that'
  188 | # define test_that CATCH_SECTION
      |                    ^
/home/pacha/R/x86_64-pc-linux-gnu-library/4.6/testthat/include/testthat/vendor/catch.hpp:17627:30: note: expanded from macro 'CATCH_SECTION'
 17627 | #define CATCH_SECTION( ... ) INTERNAL_CATCH_SECTION( __VA_ARGS__ )
       |                              ^
/home/pacha/R/x86_64-pc-linux-gnu-library/4.6/testthat/include/testthat/vendor/catch.hpp:2940:31: note: expanded from macro 'INTERNAL_CATCH_SECTION'
 2940 |     if( Catch::Section const& INTERNAL_CATCH_UNIQUE_NAME( catch_internal_Section ) = Catch::SectionInfo( CATCH_INTERNAL_LINEINFO, __VA_ARGS__ ) ) \
      |                               ^
/home/pacha/R/x86_64-pc-linux-gnu-library/4.6/testthat/include/testthat/vendor/catch.hpp:478:85: note: expanded from macro 'INTERNAL_CATCH_UNIQUE_NAME'
  478 | #  define INTERNAL_CATCH_UNIQUE_NAME( name ) INTERNAL_CATCH_UNIQUE_NAME_LINE( name, __COUNTER__ )
      |                                                                                     ^
In file included from main.cpp:47:
./test-external_pointer.h:38:3: warning: '__COUNTER__' is a C2y extension [-Wc2y-extensions]
   38 |   test_that("external_pointer works with a custom deleter") {
      |   ^
/home/pacha/R/x86_64-pc-linux-gnu-library/4.6/testthat/include/testthat/testthat.h:188:20: note: expanded from macro 'test_that'
  188 | # define test_that CATCH_SECTION
      |                    ^
/home/pacha/R/x86_64-pc-linux-gnu-library/4.6/testthat/include/testthat/vendor/catch.hpp:17627:30: note: expanded from macro 'CATCH_SECTION'
 17627 | #define CATCH_SECTION( ... ) INTERNAL_CATCH_SECTION( __VA_ARGS__ )
       |                              ^
/home/pacha/R/x86_64-pc-linux-gnu-library/4.6/testthat/include/testthat/vendor/catch.hpp:2940:31: note: expanded from macro 'INTERNAL_CATCH_SECTION'
 2940 |     if( Catch::Section const& INTERNAL_CATCH_UNIQUE_NAME( catch_internal_Section ) = Catch::SectionInfo( CATCH_INTERNAL_LINEINFO, __VA_ARGS__ ) ) \
      |                               ^
/home/pacha/R/x86_64-pc-linux-gnu-library/4.6/testthat/include/testthat/vendor/catch.hpp:478:85: note: expanded from macro 'INTERNAL_CATCH_UNIQUE_NAME'
  478 | #  define INTERNAL_CATCH_UNIQUE_NAME( name ) INTERNAL_CATCH_UNIQUE_NAME_LINE( name, __COUNTER__ )
      |                                                                                     ^
In file included from main.cpp:48:
./test-function.h:3:1: warning: '__COUNTER__' is a C2y extension [-Wc2y-extensions]
    3 | context("function-C++") {
      | ^
/home/pacha/R/x86_64-pc-linux-gnu-library/4.6/testthat/include/testthat/testthat.h:187:25: note: expanded from macro 'context'
  187 | # define context(__X__) CATCH_TEST_CASE(__X__ " | " __FILE__)
      |                         ^
/home/pacha/R/x86_64-pc-linux-gnu-library/4.6/testthat/include/testthat/vendor/catch.hpp:17623:32: note: expanded from macro 'CATCH_TEST_CASE'
 17623 | #define CATCH_TEST_CASE( ... ) INTERNAL_CATCH_TESTCASE( __VA_ARGS__ )
       |                                ^
/home/pacha/R/x86_64-pc-linux-gnu-library/4.6/testthat/include/testthat/vendor/catch.hpp:1062:35: note: expanded from macro 'INTERNAL_CATCH_TESTCASE'
 1062 |         INTERNAL_CATCH_TESTCASE2( INTERNAL_CATCH_UNIQUE_NAME( C_A_T_C_H_T_E_S_T_ ), __VA_ARGS__ )
      |                                   ^
/home/pacha/R/x86_64-pc-linux-gnu-library/4.6/testthat/include/testthat/vendor/catch.hpp:478:85: note: expanded from macro 'INTERNAL_CATCH_UNIQUE_NAME'
  478 | #  define INTERNAL_CATCH_UNIQUE_NAME( name ) INTERNAL_CATCH_UNIQUE_NAME_LINE( name, __COUNTER__ )
      |                                                                                     ^
In file included from main.cpp:48:
./test-function.h:3:1: warning: '__COUNTER__' is a C2y extension [-Wc2y-extensions]
/home/pacha/R/x86_64-pc-linux-gnu-library/4.6/testthat/include/testthat/testthat.h:187:25: note: expanded from macro 'context'
  187 | # define context(__X__) CATCH_TEST_CASE(__X__ " | " __FILE__)
      |                         ^
/home/pacha/R/x86_64-pc-linux-gnu-library/4.6/testthat/include/testthat/vendor/catch.hpp:17623:32: note: expanded from macro 'CATCH_TEST_CASE'
 17623 | #define CATCH_TEST_CASE( ... ) INTERNAL_CATCH_TESTCASE( __VA_ARGS__ )
       |                                ^
/home/pacha/R/x86_64-pc-linux-gnu-library/4.6/testthat/include/testthat/vendor/catch.hpp:1062:9: note: expanded from macro 'INTERNAL_CATCH_TESTCASE'
 1062 |         INTERNAL_CATCH_TESTCASE2( INTERNAL_CATCH_UNIQUE_NAME( C_A_T_C_H_T_E_S_T_ ), __VA_ARGS__ )
      |         ^
/home/pacha/R/x86_64-pc-linux-gnu-library/4.6/testthat/include/testthat/vendor/catch.hpp:1058:35: note: expanded from macro 'INTERNAL_CATCH_TESTCASE2'
 1058 |         namespace{ Catch::AutoReg INTERNAL_CATCH_UNIQUE_NAME( autoRegistrar )( Catch::makeTestInvoker( &TestName ), CATCH_INTERNAL_LINEINFO, Catch::StringRef(), Catch::NameAndTags{ __VA_ARGS__ } ); } /* NOLINT */ \
      |                                   ^
/home/pacha/R/x86_64-pc-linux-gnu-library/4.6/testthat/include/testthat/vendor/catch.hpp:478:85: note: expanded from macro 'INTERNAL_CATCH_UNIQUE_NAME'
  478 | #  define INTERNAL_CATCH_UNIQUE_NAME( name ) INTERNAL_CATCH_UNIQUE_NAME_LINE( name, __COUNTER__ )
      |                                                                                     ^
In file included from main.cpp:48:
./test-function.h:4:3: warning: '__COUNTER__' is a C2y extension [-Wc2y-extensions]
    4 |   test_that("functions can be called") {
      |   ^
/home/pacha/R/x86_64-pc-linux-gnu-library/4.6/testthat/include/testthat/testthat.h:188:20: note: expanded from macro 'test_that'
  188 | # define test_that CATCH_SECTION
      |                    ^
/home/pacha/R/x86_64-pc-linux-gnu-library/4.6/testthat/include/testthat/vendor/catch.hpp:17627:30: note: expanded from macro 'CATCH_SECTION'
 17627 | #define CATCH_SECTION( ... ) INTERNAL_CATCH_SECTION( __VA_ARGS__ )
       |                              ^
/home/pacha/R/x86_64-pc-linux-gnu-library/4.6/testthat/include/testthat/vendor/catch.hpp:2940:31: note: expanded from macro 'INTERNAL_CATCH_SECTION'
 2940 |     if( Catch::Section const& INTERNAL_CATCH_UNIQUE_NAME( catch_internal_Section ) = Catch::SectionInfo( CATCH_INTERNAL_LINEINFO, __VA_ARGS__ ) ) \
      |                               ^
/home/pacha/R/x86_64-pc-linux-gnu-library/4.6/testthat/include/testthat/vendor/catch.hpp:478:85: note: expanded from macro 'INTERNAL_CATCH_UNIQUE_NAME'
  478 | #  define INTERNAL_CATCH_UNIQUE_NAME( name ) INTERNAL_CATCH_UNIQUE_NAME_LINE( name, __COUNTER__ )
      |                                                                                     ^
In file included from main.cpp:48:
./test-function.h:13:3: warning: '__COUNTER__' is a C2y extension [-Wc2y-extensions]
   13 |   test_that("functions can be called with named arguments") {
      |   ^
/home/pacha/R/x86_64-pc-linux-gnu-library/4.6/testthat/include/testthat/testthat.h:188:20: note: expanded from macro 'test_that'
  188 | # define test_that CATCH_SECTION
      |                    ^
/home/pacha/R/x86_64-pc-linux-gnu-library/4.6/testthat/include/testthat/vendor/catch.hpp:17627:30: note: expanded from macro 'CATCH_SECTION'
 17627 | #define CATCH_SECTION( ... ) INTERNAL_CATCH_SECTION( __VA_ARGS__ )
       |                              ^
/home/pacha/R/x86_64-pc-linux-gnu-library/4.6/testthat/include/testthat/vendor/catch.hpp:2940:31: note: expanded from macro 'INTERNAL_CATCH_SECTION'
 2940 |     if( Catch::Section const& INTERNAL_CATCH_UNIQUE_NAME( catch_internal_Section ) = Catch::SectionInfo( CATCH_INTERNAL_LINEINFO, __VA_ARGS__ ) ) \
      |                               ^
/home/pacha/R/x86_64-pc-linux-gnu-library/4.6/testthat/include/testthat/vendor/catch.hpp:478:85: note: expanded from macro 'INTERNAL_CATCH_UNIQUE_NAME'
  478 | #  define INTERNAL_CATCH_UNIQUE_NAME( name ) INTERNAL_CATCH_UNIQUE_NAME_LINE( name, __COUNTER__ )
      |                                                                                     ^
In file included from main.cpp:48:
./test-function.h:24:3: warning: '__COUNTER__' is a C2y extension [-Wc2y-extensions]
   24 |   test_that("base functions can be called") {
      |   ^
/home/pacha/R/x86_64-pc-linux-gnu-library/4.6/testthat/include/testthat/testthat.h:188:20: note: expanded from macro 'test_that'
  188 | # define test_that CATCH_SECTION
      |                    ^
/home/pacha/R/x86_64-pc-linux-gnu-library/4.6/testthat/include/testthat/vendor/catch.hpp:17627:30: note: expanded from macro 'CATCH_SECTION'
 17627 | #define CATCH_SECTION( ... ) INTERNAL_CATCH_SECTION( __VA_ARGS__ )
       |                              ^
/home/pacha/R/x86_64-pc-linux-gnu-library/4.6/testthat/include/testthat/vendor/catch.hpp:2940:31: note: expanded from macro 'INTERNAL_CATCH_SECTION'
 2940 |     if( Catch::Section const& INTERNAL_CATCH_UNIQUE_NAME( catch_internal_Section ) = Catch::SectionInfo( CATCH_INTERNAL_LINEINFO, __VA_ARGS__ ) ) \
      |                               ^
/home/pacha/R/x86_64-pc-linux-gnu-library/4.6/testthat/include/testthat/vendor/catch.hpp:478:85: note: expanded from macro 'INTERNAL_CATCH_UNIQUE_NAME'
  478 | #  define INTERNAL_CATCH_UNIQUE_NAME( name ) INTERNAL_CATCH_UNIQUE_NAME_LINE( name, __COUNTER__ )
      |                                                                                     ^
In file included from main.cpp:48:
./test-function.h:38:3: warning: '__COUNTER__' is a C2y extension [-Wc2y-extensions]
   38 |   test_that("unknown packages cause an error (#317)") {
      |   ^
/home/pacha/R/x86_64-pc-linux-gnu-library/4.6/testthat/include/testthat/testthat.h:188:20: note: expanded from macro 'test_that'
  188 | # define test_that CATCH_SECTION
      |                    ^
/home/pacha/R/x86_64-pc-linux-gnu-library/4.6/testthat/include/testthat/vendor/catch.hpp:17627:30: note: expanded from macro 'CATCH_SECTION'
 17627 | #define CATCH_SECTION( ... ) INTERNAL_CATCH_SECTION( __VA_ARGS__ )
       |                              ^
/home/pacha/R/x86_64-pc-linux-gnu-library/4.6/testthat/include/testthat/vendor/catch.hpp:2940:31: note: expanded from macro 'INTERNAL_CATCH_SECTION'
 2940 |     if( Catch::Section const& INTERNAL_CATCH_UNIQUE_NAME( catch_internal_Section ) = Catch::SectionInfo( CATCH_INTERNAL_LINEINFO, __VA_ARGS__ ) ) \
      |                               ^
/home/pacha/R/x86_64-pc-linux-gnu-library/4.6/testthat/include/testthat/vendor/catch.hpp:478:85: note: expanded from macro 'INTERNAL_CATCH_UNIQUE_NAME'
  478 | #  define INTERNAL_CATCH_UNIQUE_NAME( name ) INTERNAL_CATCH_UNIQUE_NAME_LINE( name, __COUNTER__ )
      |                                                                                     ^
In file included from main.cpp:49:
./test-function_advanced.h:3:1: warning: '__COUNTER__' is a C2y extension [-Wc2y-extensions]
    3 | context("function-advanced-C++") {
      | ^
/home/pacha/R/x86_64-pc-linux-gnu-library/4.6/testthat/include/testthat/testthat.h:187:25: note: expanded from macro 'context'
  187 | # define context(__X__) CATCH_TEST_CASE(__X__ " | " __FILE__)
      |                         ^
/home/pacha/R/x86_64-pc-linux-gnu-library/4.6/testthat/include/testthat/vendor/catch.hpp:17623:32: note: expanded from macro 'CATCH_TEST_CASE'
 17623 | #define CATCH_TEST_CASE( ... ) INTERNAL_CATCH_TESTCASE( __VA_ARGS__ )
       |                                ^
/home/pacha/R/x86_64-pc-linux-gnu-library/4.6/testthat/include/testthat/vendor/catch.hpp:1062:35: note: expanded from macro 'INTERNAL_CATCH_TESTCASE'
 1062 |         INTERNAL_CATCH_TESTCASE2( INTERNAL_CATCH_UNIQUE_NAME( C_A_T_C_H_T_E_S_T_ ), __VA_ARGS__ )
      |                                   ^
/home/pacha/R/x86_64-pc-linux-gnu-library/4.6/testthat/include/testthat/vendor/catch.hpp:478:85: note: expanded from macro 'INTERNAL_CATCH_UNIQUE_NAME'
  478 | #  define INTERNAL_CATCH_UNIQUE_NAME( name ) INTERNAL_CATCH_UNIQUE_NAME_LINE( name, __COUNTER__ )
      |                                                                                     ^
In file included from main.cpp:49:
./test-function_advanced.h:3:1: warning: '__COUNTER__' is a C2y extension [-Wc2y-extensions]
/home/pacha/R/x86_64-pc-linux-gnu-library/4.6/testthat/include/testthat/testthat.h:187:25: note: expanded from macro 'context'
  187 | # define context(__X__) CATCH_TEST_CASE(__X__ " | " __FILE__)
      |                         ^
/home/pacha/R/x86_64-pc-linux-gnu-library/4.6/testthat/include/testthat/vendor/catch.hpp:17623:32: note: expanded from macro 'CATCH_TEST_CASE'
 17623 | #define CATCH_TEST_CASE( ... ) INTERNAL_CATCH_TESTCASE( __VA_ARGS__ )
       |                                ^
/home/pacha/R/x86_64-pc-linux-gnu-library/4.6/testthat/include/testthat/vendor/catch.hpp:1062:9: note: expanded from macro 'INTERNAL_CATCH_TESTCASE'
 1062 |         INTERNAL_CATCH_TESTCASE2( INTERNAL_CATCH_UNIQUE_NAME( C_A_T_C_H_T_E_S_T_ ), __VA_ARGS__ )
      |         ^
/home/pacha/R/x86_64-pc-linux-gnu-library/4.6/testthat/include/testthat/vendor/catch.hpp:1058:35: note: expanded from macro 'INTERNAL_CATCH_TESTCASE2'
 1058 |         namespace{ Catch::AutoReg INTERNAL_CATCH_UNIQUE_NAME( autoRegistrar )( Catch::makeTestInvoker( &TestName ), CATCH_INTERNAL_LINEINFO, Catch::StringRef(), Catch::NameAndTags{ __VA_ARGS__ } ); } /* NOLINT */ \
      |                                   ^
/home/pacha/R/x86_64-pc-linux-gnu-library/4.6/testthat/include/testthat/vendor/catch.hpp:478:85: note: expanded from macro 'INTERNAL_CATCH_UNIQUE_NAME'
  478 | #  define INTERNAL_CATCH_UNIQUE_NAME( name ) INTERNAL_CATCH_UNIQUE_NAME_LINE( name, __COUNTER__ )
      |                                                                                     ^
In file included from main.cpp:49:
./test-function_advanced.h:4:3: warning: '__COUNTER__' is a C2y extension [-Wc2y-extensions]
    4 |   test_that("function with multiple named arguments") {
      |   ^
/home/pacha/R/x86_64-pc-linux-gnu-library/4.6/testthat/include/testthat/testthat.h:188:20: note: expanded from macro 'test_that'
  188 | # define test_that CATCH_SECTION
      |                    ^
/home/pacha/R/x86_64-pc-linux-gnu-library/4.6/testthat/include/testthat/vendor/catch.hpp:17627:30: note: expanded from macro 'CATCH_SECTION'
 17627 | #define CATCH_SECTION( ... ) INTERNAL_CATCH_SECTION( __VA_ARGS__ )
       |                              ^
/home/pacha/R/x86_64-pc-linux-gnu-library/4.6/testthat/include/testthat/vendor/catch.hpp:2940:31: note: expanded from macro 'INTERNAL_CATCH_SECTION'
 2940 |     if( Catch::Section const& INTERNAL_CATCH_UNIQUE_NAME( catch_internal_Section ) = Catch::SectionInfo( CATCH_INTERNAL_LINEINFO, __VA_ARGS__ ) ) \
      |                               ^
/home/pacha/R/x86_64-pc-linux-gnu-library/4.6/testthat/include/testthat/vendor/catch.hpp:478:85: note: expanded from macro 'INTERNAL_CATCH_UNIQUE_NAME'
  478 | #  define INTERNAL_CATCH_UNIQUE_NAME( name ) INTERNAL_CATCH_UNIQUE_NAME_LINE( name, __COUNTER__ )
      |                                                                                     ^
In file included from main.cpp:49:
./test-function_advanced.h:12:3: warning: '__COUNTER__' is a C2y extension [-Wc2y-extensions]
   12 |   test_that("package::operator[] with std::string") {
      |   ^
/home/pacha/R/x86_64-pc-linux-gnu-library/4.6/testthat/include/testthat/testthat.h:188:20: note: expanded from macro 'test_that'
  188 | # define test_that CATCH_SECTION
      |                    ^
/home/pacha/R/x86_64-pc-linux-gnu-library/4.6/testthat/include/testthat/vendor/catch.hpp:17627:30: note: expanded from macro 'CATCH_SECTION'
 17627 | #define CATCH_SECTION( ... ) INTERNAL_CATCH_SECTION( __VA_ARGS__ )
       |                              ^
/home/pacha/R/x86_64-pc-linux-gnu-library/4.6/testthat/include/testthat/vendor/catch.hpp:2940:31: note: expanded from macro 'INTERNAL_CATCH_SECTION'
 2940 |     if( Catch::Section const& INTERNAL_CATCH_UNIQUE_NAME( catch_internal_Section ) = Catch::SectionInfo( CATCH_INTERNAL_LINEINFO, __VA_ARGS__ ) ) \
      |                               ^
/home/pacha/R/x86_64-pc-linux-gnu-library/4.6/testthat/include/testthat/vendor/catch.hpp:478:85: note: expanded from macro 'INTERNAL_CATCH_UNIQUE_NAME'
  478 | #  define INTERNAL_CATCH_UNIQUE_NAME( name ) INTERNAL_CATCH_UNIQUE_NAME_LINE( name, __COUNTER__ )
      |                                                                                     ^
In file included from main.cpp:49:
./test-function_advanced.h:19:3: warning: '__COUNTER__' is a C2y extension [-Wc2y-extensions]
   19 |   test_that("cpp4r::message works") {
      |   ^
/home/pacha/R/x86_64-pc-linux-gnu-library/4.6/testthat/include/testthat/testthat.h:188:20: note: expanded from macro 'test_that'
  188 | # define test_that CATCH_SECTION
      |                    ^
/home/pacha/R/x86_64-pc-linux-gnu-library/4.6/testthat/include/testthat/vendor/catch.hpp:17627:30: note: expanded from macro 'CATCH_SECTION'
 17627 | #define CATCH_SECTION( ... ) INTERNAL_CATCH_SECTION( __VA_ARGS__ )
       |                              ^
/home/pacha/R/x86_64-pc-linux-gnu-library/4.6/testthat/include/testthat/vendor/catch.hpp:2940:31: note: expanded from macro 'INTERNAL_CATCH_SECTION'
 2940 |     if( Catch::Section const& INTERNAL_CATCH_UNIQUE_NAME( catch_internal_Section ) = Catch::SectionInfo( CATCH_INTERNAL_LINEINFO, __VA_ARGS__ ) ) \
      |                               ^
/home/pacha/R/x86_64-pc-linux-gnu-library/4.6/testthat/include/testthat/vendor/catch.hpp:478:85: note: expanded from macro 'INTERNAL_CATCH_UNIQUE_NAME'
  478 | #  define INTERNAL_CATCH_UNIQUE_NAME( name ) INTERNAL_CATCH_UNIQUE_NAME_LINE( name, __COUNTER__ )
      |                                                                                     ^
In file included from main.cpp:49:
./test-function_advanced.h:25:3: warning: '__COUNTER__' is a C2y extension [-Wc2y-extensions]
   25 |   test_that("cpp4r::message with format args") {
      |   ^
/home/pacha/R/x86_64-pc-linux-gnu-library/4.6/testthat/include/testthat/testthat.h:188:20: note: expanded from macro 'test_that'
  188 | # define test_that CATCH_SECTION
      |                    ^
/home/pacha/R/x86_64-pc-linux-gnu-library/4.6/testthat/include/testthat/vendor/catch.hpp:17627:30: note: expanded from macro 'CATCH_SECTION'
 17627 | #define CATCH_SECTION( ... ) INTERNAL_CATCH_SECTION( __VA_ARGS__ )
       |                              ^
/home/pacha/R/x86_64-pc-linux-gnu-library/4.6/testthat/include/testthat/vendor/catch.hpp:2940:31: note: expanded from macro 'INTERNAL_CATCH_SECTION'
 2940 |     if( Catch::Section const& INTERNAL_CATCH_UNIQUE_NAME( catch_internal_Section ) = Catch::SectionInfo( CATCH_INTERNAL_LINEINFO, __VA_ARGS__ ) ) \
      |                               ^
/home/pacha/R/x86_64-pc-linux-gnu-library/4.6/testthat/include/testthat/vendor/catch.hpp:478:85: note: expanded from macro 'INTERNAL_CATCH_UNIQUE_NAME'
  478 | #  define INTERNAL_CATCH_UNIQUE_NAME( name ) INTERNAL_CATCH_UNIQUE_NAME_LINE( name, __COUNTER__ )
      |                                                                                     ^
In file included from main.cpp:49:
./test-function_advanced.h:30:3: warning: '__COUNTER__' is a C2y extension [-Wc2y-extensions]
   30 |   test_that("cpp4r::message with std::string") {
      |   ^
/home/pacha/R/x86_64-pc-linux-gnu-library/4.6/testthat/include/testthat/testthat.h:188:20: note: expanded from macro 'test_that'
  188 | # define test_that CATCH_SECTION
      |                    ^
/home/pacha/R/x86_64-pc-linux-gnu-library/4.6/testthat/include/testthat/vendor/catch.hpp:17627:30: note: expanded from macro 'CATCH_SECTION'
 17627 | #define CATCH_SECTION( ... ) INTERNAL_CATCH_SECTION( __VA_ARGS__ )
       |                              ^
/home/pacha/R/x86_64-pc-linux-gnu-library/4.6/testthat/include/testthat/vendor/catch.hpp:2940:31: note: expanded from macro 'INTERNAL_CATCH_SECTION'
 2940 |     if( Catch::Section const& INTERNAL_CATCH_UNIQUE_NAME( catch_internal_Section ) = Catch::SectionInfo( CATCH_INTERNAL_LINEINFO, __VA_ARGS__ ) ) \
      |                               ^
/home/pacha/R/x86_64-pc-linux-gnu-library/4.6/testthat/include/testthat/vendor/catch.hpp:478:85: note: expanded from macro 'INTERNAL_CATCH_UNIQUE_NAME'
  478 | #  define INTERNAL_CATCH_UNIQUE_NAME( name ) INTERNAL_CATCH_UNIQUE_NAME_LINE( name, __COUNTER__ )
      |                                                                                     ^
In file included from main.cpp:49:
./test-function_advanced.h:36:3: warning: '__COUNTER__' is a C2y extension [-Wc2y-extensions]
   36 |   test_that("function::try_call() succeeds and returns value") {
      |   ^
/home/pacha/R/x86_64-pc-linux-gnu-library/4.6/testthat/include/testthat/testthat.h:188:20: note: expanded from macro 'test_that'
  188 | # define test_that CATCH_SECTION
      |                    ^
/home/pacha/R/x86_64-pc-linux-gnu-library/4.6/testthat/include/testthat/vendor/catch.hpp:17627:30: note: expanded from macro 'CATCH_SECTION'
 17627 | #define CATCH_SECTION( ... ) INTERNAL_CATCH_SECTION( __VA_ARGS__ )
       |                              ^
/home/pacha/R/x86_64-pc-linux-gnu-library/4.6/testthat/include/testthat/vendor/catch.hpp:2940:31: note: expanded from macro 'INTERNAL_CATCH_SECTION'
 2940 |     if( Catch::Section const& INTERNAL_CATCH_UNIQUE_NAME( catch_internal_Section ) = Catch::SectionInfo( CATCH_INTERNAL_LINEINFO, __VA_ARGS__ ) ) \
      |                               ^
/home/pacha/R/x86_64-pc-linux-gnu-library/4.6/testthat/include/testthat/vendor/catch.hpp:478:85: note: expanded from macro 'INTERNAL_CATCH_UNIQUE_NAME'
  478 | #  define INTERNAL_CATCH_UNIQUE_NAME( name ) INTERNAL_CATCH_UNIQUE_NAME_LINE( name, __COUNTER__ )
      |                                                                                     ^
In file included from main.cpp:49:
./test-function_advanced.h:48:3: warning: '__COUNTER__' is a C2y extension [-Wc2y-extensions]
   48 |   test_that("function::try_call() captures R errors silently") {
      |   ^
/home/pacha/R/x86_64-pc-linux-gnu-library/4.6/testthat/include/testthat/testthat.h:188:20: note: expanded from macro 'test_that'
  188 | # define test_that CATCH_SECTION
      |                    ^
/home/pacha/R/x86_64-pc-linux-gnu-library/4.6/testthat/include/testthat/vendor/catch.hpp:17627:30: note: expanded from macro 'CATCH_SECTION'
 17627 | #define CATCH_SECTION( ... ) INTERNAL_CATCH_SECTION( __VA_ARGS__ )
       |                              ^
/home/pacha/R/x86_64-pc-linux-gnu-library/4.6/testthat/include/testthat/vendor/catch.hpp:2940:31: note: expanded from macro 'INTERNAL_CATCH_SECTION'
 2940 |     if( Catch::Section const& INTERNAL_CATCH_UNIQUE_NAME( catch_internal_Section ) = Catch::SectionInfo( CATCH_INTERNAL_LINEINFO, __VA_ARGS__ ) ) \
      |                               ^
/home/pacha/R/x86_64-pc-linux-gnu-library/4.6/testthat/include/testthat/vendor/catch.hpp:478:85: note: expanded from macro 'INTERNAL_CATCH_UNIQUE_NAME'
  478 | #  define INTERNAL_CATCH_UNIQUE_NAME( name ) INTERNAL_CATCH_UNIQUE_NAME_LINE( name, __COUNTER__ )
      |                                                                                     ^
In file included from main.cpp:49:
./test-function_advanced.h:58:3: warning: '__COUNTER__' is a C2y extension [-Wc2y-extensions]
   58 |   test_that("function::call_in() evaluates in given environment") {
      |   ^
/home/pacha/R/x86_64-pc-linux-gnu-library/4.6/testthat/include/testthat/testthat.h:188:20: note: expanded from macro 'test_that'
  188 | # define test_that CATCH_SECTION
      |                    ^
/home/pacha/R/x86_64-pc-linux-gnu-library/4.6/testthat/include/testthat/vendor/catch.hpp:17627:30: note: expanded from macro 'CATCH_SECTION'
 17627 | #define CATCH_SECTION( ... ) INTERNAL_CATCH_SECTION( __VA_ARGS__ )
       |                              ^
/home/pacha/R/x86_64-pc-linux-gnu-library/4.6/testthat/include/testthat/vendor/catch.hpp:2940:31: note: expanded from macro 'INTERNAL_CATCH_SECTION'
 2940 |     if( Catch::Section const& INTERNAL_CATCH_UNIQUE_NAME( catch_internal_Section ) = Catch::SectionInfo( CATCH_INTERNAL_LINEINFO, __VA_ARGS__ ) ) \
      |                               ^
/home/pacha/R/x86_64-pc-linux-gnu-library/4.6/testthat/include/testthat/vendor/catch.hpp:478:85: note: expanded from macro 'INTERNAL_CATCH_UNIQUE_NAME'
  478 | #  define INTERNAL_CATCH_UNIQUE_NAME( name ) INTERNAL_CATCH_UNIQUE_NAME_LINE( name, __COUNTER__ )
      |                                                                                     ^
In file included from main.cpp:49:
./test-function_advanced.h:69:3: warning: '__COUNTER__' is a C2y extension [-Wc2y-extensions]
   69 |   test_that("function::try_call_in() fails silently in given environment") {
      |   ^
/home/pacha/R/x86_64-pc-linux-gnu-library/4.6/testthat/include/testthat/testthat.h:188:20: note: expanded from macro 'test_that'
  188 | # define test_that CATCH_SECTION
      |                    ^
/home/pacha/R/x86_64-pc-linux-gnu-library/4.6/testthat/include/testthat/vendor/catch.hpp:17627:30: note: expanded from macro 'CATCH_SECTION'
 17627 | #define CATCH_SECTION( ... ) INTERNAL_CATCH_SECTION( __VA_ARGS__ )
       |                              ^
/home/pacha/R/x86_64-pc-linux-gnu-library/4.6/testthat/include/testthat/vendor/catch.hpp:2940:31: note: expanded from macro 'INTERNAL_CATCH_SECTION'
 2940 |     if( Catch::Section const& INTERNAL_CATCH_UNIQUE_NAME( catch_internal_Section ) = Catch::SectionInfo( CATCH_INTERNAL_LINEINFO, __VA_ARGS__ ) ) \
      |                               ^
/home/pacha/R/x86_64-pc-linux-gnu-library/4.6/testthat/include/testthat/vendor/catch.hpp:478:85: note: expanded from macro 'INTERNAL_CATCH_UNIQUE_NAME'
  478 | #  define INTERNAL_CATCH_UNIQUE_NAME( name ) INTERNAL_CATCH_UNIQUE_NAME_LINE( name, __COUNTER__ )
      |                                                                                     ^
In file included from main.cpp:50:
./test-integers.h:3:1: warning: '__COUNTER__' is a C2y extension [-Wc2y-extensions]
    3 | context("integers-C++") {
      | ^
/home/pacha/R/x86_64-pc-linux-gnu-library/4.6/testthat/include/testthat/testthat.h:187:25: note: expanded from macro 'context'
  187 | # define context(__X__) CATCH_TEST_CASE(__X__ " | " __FILE__)
      |                         ^
/home/pacha/R/x86_64-pc-linux-gnu-library/4.6/testthat/include/testthat/vendor/catch.hpp:17623:32: note: expanded from macro 'CATCH_TEST_CASE'
 17623 | #define CATCH_TEST_CASE( ... ) INTERNAL_CATCH_TESTCASE( __VA_ARGS__ )
       |                                ^
/home/pacha/R/x86_64-pc-linux-gnu-library/4.6/testthat/include/testthat/vendor/catch.hpp:1062:35: note: expanded from macro 'INTERNAL_CATCH_TESTCASE'
 1062 |         INTERNAL_CATCH_TESTCASE2( INTERNAL_CATCH_UNIQUE_NAME( C_A_T_C_H_T_E_S_T_ ), __VA_ARGS__ )
      |                                   ^
/home/pacha/R/x86_64-pc-linux-gnu-library/4.6/testthat/include/testthat/vendor/catch.hpp:478:85: note: expanded from macro 'INTERNAL_CATCH_UNIQUE_NAME'
  478 | #  define INTERNAL_CATCH_UNIQUE_NAME( name ) INTERNAL_CATCH_UNIQUE_NAME_LINE( name, __COUNTER__ )
      |                                                                                     ^
In file included from main.cpp:50:
./test-integers.h:3:1: warning: '__COUNTER__' is a C2y extension [-Wc2y-extensions]
/home/pacha/R/x86_64-pc-linux-gnu-library/4.6/testthat/include/testthat/testthat.h:187:25: note: expanded from macro 'context'
  187 | # define context(__X__) CATCH_TEST_CASE(__X__ " | " __FILE__)
      |                         ^
/home/pacha/R/x86_64-pc-linux-gnu-library/4.6/testthat/include/testthat/vendor/catch.hpp:17623:32: note: expanded from macro 'CATCH_TEST_CASE'
 17623 | #define CATCH_TEST_CASE( ... ) INTERNAL_CATCH_TESTCASE( __VA_ARGS__ )
       |                                ^
/home/pacha/R/x86_64-pc-linux-gnu-library/4.6/testthat/include/testthat/vendor/catch.hpp:1062:9: note: expanded from macro 'INTERNAL_CATCH_TESTCASE'
 1062 |         INTERNAL_CATCH_TESTCASE2( INTERNAL_CATCH_UNIQUE_NAME( C_A_T_C_H_T_E_S_T_ ), __VA_ARGS__ )
      |         ^
/home/pacha/R/x86_64-pc-linux-gnu-library/4.6/testthat/include/testthat/vendor/catch.hpp:1058:35: note: expanded from macro 'INTERNAL_CATCH_TESTCASE2'
 1058 |         namespace{ Catch::AutoReg INTERNAL_CATCH_UNIQUE_NAME( autoRegistrar )( Catch::makeTestInvoker( &TestName ), CATCH_INTERNAL_LINEINFO, Catch::StringRef(), Catch::NameAndTags{ __VA_ARGS__ } ); } /* NOLINT */ \
      |                                   ^
/home/pacha/R/x86_64-pc-linux-gnu-library/4.6/testthat/include/testthat/vendor/catch.hpp:478:85: note: expanded from macro 'INTERNAL_CATCH_UNIQUE_NAME'
  478 | #  define INTERNAL_CATCH_UNIQUE_NAME( name ) INTERNAL_CATCH_UNIQUE_NAME_LINE( name, __COUNTER__ )
      |                                                                                     ^
In file included from main.cpp:50:
./test-integers.h:4:3: warning: '__COUNTER__' is a C2y extension [-Wc2y-extensions]
    4 |   test_that("as_integers(doubles)") {
      |   ^
/home/pacha/R/x86_64-pc-linux-gnu-library/4.6/testthat/include/testthat/testthat.h:188:20: note: expanded from macro 'test_that'
  188 | # define test_that CATCH_SECTION
      |                    ^
/home/pacha/R/x86_64-pc-linux-gnu-library/4.6/testthat/include/testthat/vendor/catch.hpp:17627:30: note: expanded from macro 'CATCH_SECTION'
 17627 | #define CATCH_SECTION( ... ) INTERNAL_CATCH_SECTION( __VA_ARGS__ )
       |                              ^
/home/pacha/R/x86_64-pc-linux-gnu-library/4.6/testthat/include/testthat/vendor/catch.hpp:2940:31: note: expanded from macro 'INTERNAL_CATCH_SECTION'
 2940 |     if( Catch::Section const& INTERNAL_CATCH_UNIQUE_NAME( catch_internal_Section ) = Catch::SectionInfo( CATCH_INTERNAL_LINEINFO, __VA_ARGS__ ) ) \
      |                               ^
/home/pacha/R/x86_64-pc-linux-gnu-library/4.6/testthat/include/testthat/vendor/catch.hpp:478:85: note: expanded from macro 'INTERNAL_CATCH_UNIQUE_NAME'
  478 | #  define INTERNAL_CATCH_UNIQUE_NAME( name ) INTERNAL_CATCH_UNIQUE_NAME_LINE( name, __COUNTER__ )
      |                                                                                     ^
In file included from main.cpp:50:
./test-integers.h:40:3: warning: '__COUNTER__' is a C2y extension [-Wc2y-extensions]
   40 |   test_that("as_integers(logicals)") {
      |   ^
/home/pacha/R/x86_64-pc-linux-gnu-library/4.6/testthat/include/testthat/testthat.h:188:20: note: expanded from macro 'test_that'
  188 | # define test_that CATCH_SECTION
      |                    ^
/home/pacha/R/x86_64-pc-linux-gnu-library/4.6/testthat/include/testthat/vendor/catch.hpp:17627:30: note: expanded from macro 'CATCH_SECTION'
 17627 | #define CATCH_SECTION( ... ) INTERNAL_CATCH_SECTION( __VA_ARGS__ )
       |                              ^
/home/pacha/R/x86_64-pc-linux-gnu-library/4.6/testthat/include/testthat/vendor/catch.hpp:2940:31: note: expanded from macro 'INTERNAL_CATCH_SECTION'
 2940 |     if( Catch::Section const& INTERNAL_CATCH_UNIQUE_NAME( catch_internal_Section ) = Catch::SectionInfo( CATCH_INTERNAL_LINEINFO, __VA_ARGS__ ) ) \
      |                               ^
/home/pacha/R/x86_64-pc-linux-gnu-library/4.6/testthat/include/testthat/vendor/catch.hpp:478:85: note: expanded from macro 'INTERNAL_CATCH_UNIQUE_NAME'
  478 | #  define INTERNAL_CATCH_UNIQUE_NAME( name ) INTERNAL_CATCH_UNIQUE_NAME_LINE( name, __COUNTER__ )
      |                                                                                     ^
In file included from main.cpp:50:
./test-integers.h:56:3: warning: '__COUNTER__' is a C2y extension [-Wc2y-extensions]
   56 |   test_that("integers.push_back()") {
      |   ^
/home/pacha/R/x86_64-pc-linux-gnu-library/4.6/testthat/include/testthat/testthat.h:188:20: note: expanded from macro 'test_that'
  188 | # define test_that CATCH_SECTION
      |                    ^
/home/pacha/R/x86_64-pc-linux-gnu-library/4.6/testthat/include/testthat/vendor/catch.hpp:17627:30: note: expanded from macro 'CATCH_SECTION'
 17627 | #define CATCH_SECTION( ... ) INTERNAL_CATCH_SECTION( __VA_ARGS__ )
       |                              ^
/home/pacha/R/x86_64-pc-linux-gnu-library/4.6/testthat/include/testthat/vendor/catch.hpp:2940:31: note: expanded from macro 'INTERNAL_CATCH_SECTION'
 2940 |     if( Catch::Section const& INTERNAL_CATCH_UNIQUE_NAME( catch_internal_Section ) = Catch::SectionInfo( CATCH_INTERNAL_LINEINFO, __VA_ARGS__ ) ) \
      |                               ^
/home/pacha/R/x86_64-pc-linux-gnu-library/4.6/testthat/include/testthat/vendor/catch.hpp:478:85: note: expanded from macro 'INTERNAL_CATCH_UNIQUE_NAME'
  478 | #  define INTERNAL_CATCH_UNIQUE_NAME( name ) INTERNAL_CATCH_UNIQUE_NAME_LINE( name, __COUNTER__ )
      |                                                                                     ^
In file included from main.cpp:50:
./test-integers.h:65:3: warning: '__COUNTER__' is a C2y extension [-Wc2y-extensions]
   65 |   test_that("integers.resize()") {
      |   ^
/home/pacha/R/x86_64-pc-linux-gnu-library/4.6/testthat/include/testthat/testthat.h:188:20: note: expanded from macro 'test_that'
  188 | # define test_that CATCH_SECTION
      |                    ^
/home/pacha/R/x86_64-pc-linux-gnu-library/4.6/testthat/include/testthat/vendor/catch.hpp:17627:30: note: expanded from macro 'CATCH_SECTION'
 17627 | #define CATCH_SECTION( ... ) INTERNAL_CATCH_SECTION( __VA_ARGS__ )
       |                              ^
/home/pacha/R/x86_64-pc-linux-gnu-library/4.6/testthat/include/testthat/vendor/catch.hpp:2940:31: note: expanded from macro 'INTERNAL_CATCH_SECTION'
 2940 |     if( Catch::Section const& INTERNAL_CATCH_UNIQUE_NAME( catch_internal_Section ) = Catch::SectionInfo( CATCH_INTERNAL_LINEINFO, __VA_ARGS__ ) ) \
      |                               ^
/home/pacha/R/x86_64-pc-linux-gnu-library/4.6/testthat/include/testthat/vendor/catch.hpp:478:85: note: expanded from macro 'INTERNAL_CATCH_UNIQUE_NAME'
  478 | #  define INTERNAL_CATCH_UNIQUE_NAME( name ) INTERNAL_CATCH_UNIQUE_NAME_LINE( name, __COUNTER__ )
      |                                                                                     ^
In file included from main.cpp:50:
./test-integers.h:75:3: warning: '__COUNTER__' is a C2y extension [-Wc2y-extensions]
   75 |   test_that("integers.at()") {
      |   ^
/home/pacha/R/x86_64-pc-linux-gnu-library/4.6/testthat/include/testthat/testthat.h:188:20: note: expanded from macro 'test_that'
  188 | # define test_that CATCH_SECTION
      |                    ^
/home/pacha/R/x86_64-pc-linux-gnu-library/4.6/testthat/include/testthat/vendor/catch.hpp:17627:30: note: expanded from macro 'CATCH_SECTION'
 17627 | #define CATCH_SECTION( ... ) INTERNAL_CATCH_SECTION( __VA_ARGS__ )
       |                              ^
/home/pacha/R/x86_64-pc-linux-gnu-library/4.6/testthat/include/testthat/vendor/catch.hpp:2940:31: note: expanded from macro 'INTERNAL_CATCH_SECTION'
 2940 |     if( Catch::Section const& INTERNAL_CATCH_UNIQUE_NAME( catch_internal_Section ) = Catch::SectionInfo( CATCH_INTERNAL_LINEINFO, __VA_ARGS__ ) ) \
      |                               ^
/home/pacha/R/x86_64-pc-linux-gnu-library/4.6/testthat/include/testthat/vendor/catch.hpp:478:85: note: expanded from macro 'INTERNAL_CATCH_UNIQUE_NAME'
  478 | #  define INTERNAL_CATCH_UNIQUE_NAME( name ) INTERNAL_CATCH_UNIQUE_NAME_LINE( name, __COUNTER__ )
      |                                                                                     ^
In file included from main.cpp:50:
./test-integers.h:86:3: warning: '__COUNTER__' is a C2y extension [-Wc2y-extensions]
   86 |   test_that("integers.pop_back()") {
      |   ^
/home/pacha/R/x86_64-pc-linux-gnu-library/4.6/testthat/include/testthat/testthat.h:188:20: note: expanded from macro 'test_that'
  188 | # define test_that CATCH_SECTION
      |                    ^
/home/pacha/R/x86_64-pc-linux-gnu-library/4.6/testthat/include/testthat/vendor/catch.hpp:17627:30: note: expanded from macro 'CATCH_SECTION'
 17627 | #define CATCH_SECTION( ... ) INTERNAL_CATCH_SECTION( __VA_ARGS__ )
       |                              ^
/home/pacha/R/x86_64-pc-linux-gnu-library/4.6/testthat/include/testthat/vendor/catch.hpp:2940:31: note: expanded from macro 'INTERNAL_CATCH_SECTION'
 2940 |     if( Catch::Section const& INTERNAL_CATCH_UNIQUE_NAME( catch_internal_Section ) = Catch::SectionInfo( CATCH_INTERNAL_LINEINFO, __VA_ARGS__ ) ) \
      |                               ^
/home/pacha/R/x86_64-pc-linux-gnu-library/4.6/testthat/include/testthat/vendor/catch.hpp:478:85: note: expanded from macro 'INTERNAL_CATCH_UNIQUE_NAME'
  478 | #  define INTERNAL_CATCH_UNIQUE_NAME( name ) INTERNAL_CATCH_UNIQUE_NAME_LINE( name, __COUNTER__ )
      |                                                                                     ^
In file included from main.cpp:50:
./test-integers.h:98:3: warning: '__COUNTER__' is a C2y extension [-Wc2y-extensions]
   98 |   test_that("integers.insert()") {
      |   ^
/home/pacha/R/x86_64-pc-linux-gnu-library/4.6/testthat/include/testthat/testthat.h:188:20: note: expanded from macro 'test_that'
  188 | # define test_that CATCH_SECTION
      |                    ^
/home/pacha/R/x86_64-pc-linux-gnu-library/4.6/testthat/include/testthat/vendor/catch.hpp:17627:30: note: expanded from macro 'CATCH_SECTION'
 17627 | #define CATCH_SECTION( ... ) INTERNAL_CATCH_SECTION( __VA_ARGS__ )
       |                              ^
/home/pacha/R/x86_64-pc-linux-gnu-library/4.6/testthat/include/testthat/vendor/catch.hpp:2940:31: note: expanded from macro 'INTERNAL_CATCH_SECTION'
 2940 |     if( Catch::Section const& INTERNAL_CATCH_UNIQUE_NAME( catch_internal_Section ) = Catch::SectionInfo( CATCH_INTERNAL_LINEINFO, __VA_ARGS__ ) ) \
      |                               ^
/home/pacha/R/x86_64-pc-linux-gnu-library/4.6/testthat/include/testthat/vendor/catch.hpp:478:85: note: expanded from macro 'INTERNAL_CATCH_UNIQUE_NAME'
  478 | #  define INTERNAL_CATCH_UNIQUE_NAME( name ) INTERNAL_CATCH_UNIQUE_NAME_LINE( name, __COUNTER__ )
      |                                                                                     ^
In file included from main.cpp:50:
./test-integers.h:110:3: warning: '__COUNTER__' is a C2y extension [-Wc2y-extensions]
  110 |   test_that("integers.erase()") {
      |   ^
/home/pacha/R/x86_64-pc-linux-gnu-library/4.6/testthat/include/testthat/testthat.h:188:20: note: expanded from macro 'test_that'
  188 | # define test_that CATCH_SECTION
      |                    ^
/home/pacha/R/x86_64-pc-linux-gnu-library/4.6/testthat/include/testthat/vendor/catch.hpp:17627:30: note: expanded from macro 'CATCH_SECTION'
 17627 | #define CATCH_SECTION( ... ) INTERNAL_CATCH_SECTION( __VA_ARGS__ )
       |                              ^
/home/pacha/R/x86_64-pc-linux-gnu-library/4.6/testthat/include/testthat/vendor/catch.hpp:2940:31: note: expanded from macro 'INTERNAL_CATCH_SECTION'
 2940 |     if( Catch::Section const& INTERNAL_CATCH_UNIQUE_NAME( catch_internal_Section ) = Catch::SectionInfo( CATCH_INTERNAL_LINEINFO, __VA_ARGS__ ) ) \
      |                               ^
/home/pacha/R/x86_64-pc-linux-gnu-library/4.6/testthat/include/testthat/vendor/catch.hpp:478:85: note: expanded from macro 'INTERNAL_CATCH_UNIQUE_NAME'
  478 | #  define INTERNAL_CATCH_UNIQUE_NAME( name ) INTERNAL_CATCH_UNIQUE_NAME_LINE( name, __COUNTER__ )
      |                                                                                     ^
In file included from main.cpp:50:
./test-integers.h:136:3: warning: '__COUNTER__' is a C2y extension [-Wc2y-extensions]
  136 |   test_that("integers.iterator* = ") {
      |   ^
/home/pacha/R/x86_64-pc-linux-gnu-library/4.6/testthat/include/testthat/testthat.h:188:20: note: expanded from macro 'test_that'
  188 | # define test_that CATCH_SECTION
      |                    ^
/home/pacha/R/x86_64-pc-linux-gnu-library/4.6/testthat/include/testthat/vendor/catch.hpp:17627:30: note: expanded from macro 'CATCH_SECTION'
 17627 | #define CATCH_SECTION( ... ) INTERNAL_CATCH_SECTION( __VA_ARGS__ )
       |                              ^
/home/pacha/R/x86_64-pc-linux-gnu-library/4.6/testthat/include/testthat/vendor/catch.hpp:2940:31: note: expanded from macro 'INTERNAL_CATCH_SECTION'
 2940 |     if( Catch::Section const& INTERNAL_CATCH_UNIQUE_NAME( catch_internal_Section ) = Catch::SectionInfo( CATCH_INTERNAL_LINEINFO, __VA_ARGS__ ) ) \
      |                               ^
/home/pacha/R/x86_64-pc-linux-gnu-library/4.6/testthat/include/testthat/vendor/catch.hpp:478:85: note: expanded from macro 'INTERNAL_CATCH_UNIQUE_NAME'
  478 | #  define INTERNAL_CATCH_UNIQUE_NAME( name ) INTERNAL_CATCH_UNIQUE_NAME_LINE( name, __COUNTER__ )
      |                                                                                     ^
In file included from main.cpp:50:
./test-integers.h:152:3: warning: '__COUNTER__' is a C2y extension [-Wc2y-extensions]
  152 |   test_that("writable::integers(SEXP)") {
      |   ^
/home/pacha/R/x86_64-pc-linux-gnu-library/4.6/testthat/include/testthat/testthat.h:188:20: note: expanded from macro 'test_that'
  188 | # define test_that CATCH_SECTION
      |                    ^
/home/pacha/R/x86_64-pc-linux-gnu-library/4.6/testthat/include/testthat/vendor/catch.hpp:17627:30: note: expanded from macro 'CATCH_SECTION'
 17627 | #define CATCH_SECTION( ... ) INTERNAL_CATCH_SECTION( __VA_ARGS__ )
       |                              ^
/home/pacha/R/x86_64-pc-linux-gnu-library/4.6/testthat/include/testthat/vendor/catch.hpp:2940:31: note: expanded from macro 'INTERNAL_CATCH_SECTION'
 2940 |     if( Catch::Section const& INTERNAL_CATCH_UNIQUE_NAME( catch_internal_Section ) = Catch::SectionInfo( CATCH_INTERNAL_LINEINFO, __VA_ARGS__ ) ) \
      |                               ^
/home/pacha/R/x86_64-pc-linux-gnu-library/4.6/testthat/include/testthat/vendor/catch.hpp:478:85: note: expanded from macro 'INTERNAL_CATCH_UNIQUE_NAME'
  478 | #  define INTERNAL_CATCH_UNIQUE_NAME( name ) INTERNAL_CATCH_UNIQUE_NAME_LINE( name, __COUNTER__ )
      |                                                                                     ^
In file included from main.cpp:50:
./test-integers.h:181:3: warning: '__COUNTER__' is a C2y extension [-Wc2y-extensions]
  181 |   test_that("writable::integers(initializer_list<named_arg>)") {
      |   ^
/home/pacha/R/x86_64-pc-linux-gnu-library/4.6/testthat/include/testthat/testthat.h:188:20: note: expanded from macro 'test_that'
  188 | # define test_that CATCH_SECTION
      |                    ^
/home/pacha/R/x86_64-pc-linux-gnu-library/4.6/testthat/include/testthat/vendor/catch.hpp:17627:30: note: expanded from macro 'CATCH_SECTION'
 17627 | #define CATCH_SECTION( ... ) INTERNAL_CATCH_SECTION( __VA_ARGS__ )
       |                              ^
/home/pacha/R/x86_64-pc-linux-gnu-library/4.6/testthat/include/testthat/vendor/catch.hpp:2940:31: note: expanded from macro 'INTERNAL_CATCH_SECTION'
 2940 |     if( Catch::Section const& INTERNAL_CATCH_UNIQUE_NAME( catch_internal_Section ) = Catch::SectionInfo( CATCH_INTERNAL_LINEINFO, __VA_ARGS__ ) ) \
      |                               ^
/home/pacha/R/x86_64-pc-linux-gnu-library/4.6/testthat/include/testthat/vendor/catch.hpp:478:85: note: expanded from macro 'INTERNAL_CATCH_UNIQUE_NAME'
  478 | #  define INTERNAL_CATCH_UNIQUE_NAME( name ) INTERNAL_CATCH_UNIQUE_NAME_LINE( name, __COUNTER__ )
      |                                                                                     ^
In file included from main.cpp:50:
./test-integers.h:209:3: warning: '__COUNTER__' is a C2y extension [-Wc2y-extensions]
  209 |   test_that("writable::integers(initializer_list<named_arg>) type check") {
      |   ^
/home/pacha/R/x86_64-pc-linux-gnu-library/4.6/testthat/include/testthat/testthat.h:188:20: note: expanded from macro 'test_that'
  188 | # define test_that CATCH_SECTION
      |                    ^
/home/pacha/R/x86_64-pc-linux-gnu-library/4.6/testthat/include/testthat/vendor/catch.hpp:17627:30: note: expanded from macro 'CATCH_SECTION'
 17627 | #define CATCH_SECTION( ... ) INTERNAL_CATCH_SECTION( __VA_ARGS__ )
       |                              ^
/home/pacha/R/x86_64-pc-linux-gnu-library/4.6/testthat/include/testthat/vendor/catch.hpp:2940:31: note: expanded from macro 'INTERNAL_CATCH_SECTION'
 2940 |     if( Catch::Section const& INTERNAL_CATCH_UNIQUE_NAME( catch_internal_Section ) = Catch::SectionInfo( CATCH_INTERNAL_LINEINFO, __VA_ARGS__ ) ) \
      |                               ^
/home/pacha/R/x86_64-pc-linux-gnu-library/4.6/testthat/include/testthat/vendor/catch.hpp:478:85: note: expanded from macro 'INTERNAL_CATCH_UNIQUE_NAME'
  478 | #  define INTERNAL_CATCH_UNIQUE_NAME( name ) INTERNAL_CATCH_UNIQUE_NAME_LINE( name, __COUNTER__ )
      |                                                                                     ^
In file included from main.cpp:50:
./test-integers.h:216:3: warning: '__COUNTER__' is a C2y extension [-Wc2y-extensions]
  216 |   test_that("writable::integers(initializer_list<named_arg>) length check") {
      |   ^
/home/pacha/R/x86_64-pc-linux-gnu-library/4.6/testthat/include/testthat/testthat.h:188:20: note: expanded from macro 'test_that'
  188 | # define test_that CATCH_SECTION
      |                    ^
/home/pacha/R/x86_64-pc-linux-gnu-library/4.6/testthat/include/testthat/vendor/catch.hpp:17627:30: note: expanded from macro 'CATCH_SECTION'
 17627 | #define CATCH_SECTION( ... ) INTERNAL_CATCH_SECTION( __VA_ARGS__ )
       |                              ^
/home/pacha/R/x86_64-pc-linux-gnu-library/4.6/testthat/include/testthat/vendor/catch.hpp:2940:31: note: expanded from macro 'INTERNAL_CATCH_SECTION'
 2940 |     if( Catch::Section const& INTERNAL_CATCH_UNIQUE_NAME( catch_internal_Section ) = Catch::SectionInfo( CATCH_INTERNAL_LINEINFO, __VA_ARGS__ ) ) \
      |                               ^
/home/pacha/R/x86_64-pc-linux-gnu-library/4.6/testthat/include/testthat/vendor/catch.hpp:478:85: note: expanded from macro 'INTERNAL_CATCH_UNIQUE_NAME'
  478 | #  define INTERNAL_CATCH_UNIQUE_NAME( name ) INTERNAL_CATCH_UNIQUE_NAME_LINE( name, __COUNTER__ )
      |                                                                                     ^
In file included from main.cpp:50:
./test-integers.h:223:3: warning: '__COUNTER__' is a C2y extension [-Wc2y-extensions]
  223 |   test_that("writable::integers(initializer_list<int>)") {
      |   ^
/home/pacha/R/x86_64-pc-linux-gnu-library/4.6/testthat/include/testthat/testthat.h:188:20: note: expanded from macro 'test_that'
  188 | # define test_that CATCH_SECTION
      |                    ^
/home/pacha/R/x86_64-pc-linux-gnu-library/4.6/testthat/include/testthat/vendor/catch.hpp:17627:30: note: expanded from macro 'CATCH_SECTION'
 17627 | #define CATCH_SECTION( ... ) INTERNAL_CATCH_SECTION( __VA_ARGS__ )
       |                              ^
/home/pacha/R/x86_64-pc-linux-gnu-library/4.6/testthat/include/testthat/vendor/catch.hpp:2940:31: note: expanded from macro 'INTERNAL_CATCH_SECTION'
 2940 |     if( Catch::Section const& INTERNAL_CATCH_UNIQUE_NAME( catch_internal_Section ) = Catch::SectionInfo( CATCH_INTERNAL_LINEINFO, __VA_ARGS__ ) ) \
      |                               ^
/home/pacha/R/x86_64-pc-linux-gnu-library/4.6/testthat/include/testthat/vendor/catch.hpp:478:85: note: expanded from macro 'INTERNAL_CATCH_UNIQUE_NAME'
  478 | #  define INTERNAL_CATCH_UNIQUE_NAME( name ) INTERNAL_CATCH_UNIQUE_NAME_LINE( name, __COUNTER__ )
      |                                                                                     ^
In file included from main.cpp:50:
./test-integers.h:262:3: warning: '__COUNTER__' is a C2y extension [-Wc2y-extensions]
  262 |   test_that("operator[] and at with names") {
      |   ^
/home/pacha/R/x86_64-pc-linux-gnu-library/4.6/testthat/include/testthat/testthat.h:188:20: note: expanded from macro 'test_that'
  188 | # define test_that CATCH_SECTION
      |                    ^
/home/pacha/R/x86_64-pc-linux-gnu-library/4.6/testthat/include/testthat/vendor/catch.hpp:17627:30: note: expanded from macro 'CATCH_SECTION'
 17627 | #define CATCH_SECTION( ... ) INTERNAL_CATCH_SECTION( __VA_ARGS__ )
       |                              ^
/home/pacha/R/x86_64-pc-linux-gnu-library/4.6/testthat/include/testthat/vendor/catch.hpp:2940:31: note: expanded from macro 'INTERNAL_CATCH_SECTION'
 2940 |     if( Catch::Section const& INTERNAL_CATCH_UNIQUE_NAME( catch_internal_Section ) = Catch::SectionInfo( CATCH_INTERNAL_LINEINFO, __VA_ARGS__ ) ) \
      |                               ^
/home/pacha/R/x86_64-pc-linux-gnu-library/4.6/testthat/include/testthat/vendor/catch.hpp:478:85: note: expanded from macro 'INTERNAL_CATCH_UNIQUE_NAME'
  478 | #  define INTERNAL_CATCH_UNIQUE_NAME( name ) INTERNAL_CATCH_UNIQUE_NAME_LINE( name, __COUNTER__ )
      |                                                                                     ^
In file included from main.cpp:50:
./test-integers.h:284:3: warning: '__COUNTER__' is a C2y extension [-Wc2y-extensions]
  284 |   test_that("is_na(integer)") {
      |   ^
/home/pacha/R/x86_64-pc-linux-gnu-library/4.6/testthat/include/testthat/testthat.h:188:20: note: expanded from macro 'test_that'
  188 | # define test_that CATCH_SECTION
      |                    ^
/home/pacha/R/x86_64-pc-linux-gnu-library/4.6/testthat/include/testthat/vendor/catch.hpp:17627:30: note: expanded from macro 'CATCH_SECTION'
 17627 | #define CATCH_SECTION( ... ) INTERNAL_CATCH_SECTION( __VA_ARGS__ )
       |                              ^
/home/pacha/R/x86_64-pc-linux-gnu-library/4.6/testthat/include/testthat/vendor/catch.hpp:2940:31: note: expanded from macro 'INTERNAL_CATCH_SECTION'
 2940 |     if( Catch::Section const& INTERNAL_CATCH_UNIQUE_NAME( catch_internal_Section ) = Catch::SectionInfo( CATCH_INTERNAL_LINEINFO, __VA_ARGS__ ) ) \
      |                               ^
/home/pacha/R/x86_64-pc-linux-gnu-library/4.6/testthat/include/testthat/vendor/catch.hpp:478:85: note: expanded from macro 'INTERNAL_CATCH_UNIQUE_NAME'
  478 | #  define INTERNAL_CATCH_UNIQUE_NAME( name ) INTERNAL_CATCH_UNIQUE_NAME_LINE( name, __COUNTER__ )
      |                                                                                     ^
In file included from main.cpp:51:
./test-list.h:3:1: warning: '__COUNTER__' is a C2y extension [-Wc2y-extensions]
    3 | context("list-C++") {
      | ^
/home/pacha/R/x86_64-pc-linux-gnu-library/4.6/testthat/include/testthat/testthat.h:187:25: note: expanded from macro 'context'
  187 | # define context(__X__) CATCH_TEST_CASE(__X__ " | " __FILE__)
      |                         ^
/home/pacha/R/x86_64-pc-linux-gnu-library/4.6/testthat/include/testthat/vendor/catch.hpp:17623:32: note: expanded from macro 'CATCH_TEST_CASE'
 17623 | #define CATCH_TEST_CASE( ... ) INTERNAL_CATCH_TESTCASE( __VA_ARGS__ )
       |                                ^
/home/pacha/R/x86_64-pc-linux-gnu-library/4.6/testthat/include/testthat/vendor/catch.hpp:1062:35: note: expanded from macro 'INTERNAL_CATCH_TESTCASE'
 1062 |         INTERNAL_CATCH_TESTCASE2( INTERNAL_CATCH_UNIQUE_NAME( C_A_T_C_H_T_E_S_T_ ), __VA_ARGS__ )
      |                                   ^
/home/pacha/R/x86_64-pc-linux-gnu-library/4.6/testthat/include/testthat/vendor/catch.hpp:478:85: note: expanded from macro 'INTERNAL_CATCH_UNIQUE_NAME'
  478 | #  define INTERNAL_CATCH_UNIQUE_NAME( name ) INTERNAL_CATCH_UNIQUE_NAME_LINE( name, __COUNTER__ )
      |                                                                                     ^
In file included from main.cpp:51:
./test-list.h:3:1: warning: '__COUNTER__' is a C2y extension [-Wc2y-extensions]
/home/pacha/R/x86_64-pc-linux-gnu-library/4.6/testthat/include/testthat/testthat.h:187:25: note: expanded from macro 'context'
  187 | # define context(__X__) CATCH_TEST_CASE(__X__ " | " __FILE__)
      |                         ^
/home/pacha/R/x86_64-pc-linux-gnu-library/4.6/testthat/include/testthat/vendor/catch.hpp:17623:32: note: expanded from macro 'CATCH_TEST_CASE'
 17623 | #define CATCH_TEST_CASE( ... ) INTERNAL_CATCH_TESTCASE( __VA_ARGS__ )
       |                                ^
/home/pacha/R/x86_64-pc-linux-gnu-library/4.6/testthat/include/testthat/vendor/catch.hpp:1062:9: note: expanded from macro 'INTERNAL_CATCH_TESTCASE'
 1062 |         INTERNAL_CATCH_TESTCASE2( INTERNAL_CATCH_UNIQUE_NAME( C_A_T_C_H_T_E_S_T_ ), __VA_ARGS__ )
      |         ^
/home/pacha/R/x86_64-pc-linux-gnu-library/4.6/testthat/include/testthat/vendor/catch.hpp:1058:35: note: expanded from macro 'INTERNAL_CATCH_TESTCASE2'
 1058 |         namespace{ Catch::AutoReg INTERNAL_CATCH_UNIQUE_NAME( autoRegistrar )( Catch::makeTestInvoker( &TestName ), CATCH_INTERNAL_LINEINFO, Catch::StringRef(), Catch::NameAndTags{ __VA_ARGS__ } ); } /* NOLINT */ \
      |                                   ^
/home/pacha/R/x86_64-pc-linux-gnu-library/4.6/testthat/include/testthat/vendor/catch.hpp:478:85: note: expanded from macro 'INTERNAL_CATCH_UNIQUE_NAME'
  478 | #  define INTERNAL_CATCH_UNIQUE_NAME( name ) INTERNAL_CATCH_UNIQUE_NAME_LINE( name, __COUNTER__ )
      |                                                                                     ^
In file included from main.cpp:51:
./test-list.h:4:3: warning: '__COUNTER__' is a C2y extension [-Wc2y-extensions]
    4 |   test_that("list.push_back()") {
      |   ^
/home/pacha/R/x86_64-pc-linux-gnu-library/4.6/testthat/include/testthat/testthat.h:188:20: note: expanded from macro 'test_that'
  188 | # define test_that CATCH_SECTION
      |                    ^
/home/pacha/R/x86_64-pc-linux-gnu-library/4.6/testthat/include/testthat/vendor/catch.hpp:17627:30: note: expanded from macro 'CATCH_SECTION'
 17627 | #define CATCH_SECTION( ... ) INTERNAL_CATCH_SECTION( __VA_ARGS__ )
       |                              ^
/home/pacha/R/x86_64-pc-linux-gnu-library/4.6/testthat/include/testthat/vendor/catch.hpp:2940:31: note: expanded from macro 'INTERNAL_CATCH_SECTION'
 2940 |     if( Catch::Section const& INTERNAL_CATCH_UNIQUE_NAME( catch_internal_Section ) = Catch::SectionInfo( CATCH_INTERNAL_LINEINFO, __VA_ARGS__ ) ) \
      |                               ^
/home/pacha/R/x86_64-pc-linux-gnu-library/4.6/testthat/include/testthat/vendor/catch.hpp:478:85: note: expanded from macro 'INTERNAL_CATCH_UNIQUE_NAME'
  478 | #  define INTERNAL_CATCH_UNIQUE_NAME( name ) INTERNAL_CATCH_UNIQUE_NAME_LINE( name, __COUNTER__ )
      |                                                                                     ^
In file included from main.cpp:51:
./test-list.h:44:3: warning: '__COUNTER__' is a C2y extension [-Wc2y-extensions]
   44 |   test_that("unnamed_list.push_back(unnamed_arg)") {
      |   ^
/home/pacha/R/x86_64-pc-linux-gnu-library/4.6/testthat/include/testthat/testthat.h:188:20: note: expanded from macro 'test_that'
  188 | # define test_that CATCH_SECTION
      |                    ^
/home/pacha/R/x86_64-pc-linux-gnu-library/4.6/testthat/include/testthat/vendor/catch.hpp:17627:30: note: expanded from macro 'CATCH_SECTION'
 17627 | #define CATCH_SECTION( ... ) INTERNAL_CATCH_SECTION( __VA_ARGS__ )
       |                              ^
/home/pacha/R/x86_64-pc-linux-gnu-library/4.6/testthat/include/testthat/vendor/catch.hpp:2940:31: note: expanded from macro 'INTERNAL_CATCH_SECTION'
 2940 |     if( Catch::Section const& INTERNAL_CATCH_UNIQUE_NAME( catch_internal_Section ) = Catch::SectionInfo( CATCH_INTERNAL_LINEINFO, __VA_ARGS__ ) ) \
      |                               ^
/home/pacha/R/x86_64-pc-linux-gnu-library/4.6/testthat/include/testthat/vendor/catch.hpp:478:85: note: expanded from macro 'INTERNAL_CATCH_UNIQUE_NAME'
  478 | #  define INTERNAL_CATCH_UNIQUE_NAME( name ) INTERNAL_CATCH_UNIQUE_NAME_LINE( name, __COUNTER__ )
      |                                                                                     ^
In file included from main.cpp:51:
./test-list.h:51:3: warning: '__COUNTER__' is a C2y extension [-Wc2y-extensions]
   51 |   test_that("unnamed_list.push_back(named_arg)") {
      |   ^
/home/pacha/R/x86_64-pc-linux-gnu-library/4.6/testthat/include/testthat/testthat.h:188:20: note: expanded from macro 'test_that'
  188 | # define test_that CATCH_SECTION
      |                    ^
/home/pacha/R/x86_64-pc-linux-gnu-library/4.6/testthat/include/testthat/vendor/catch.hpp:17627:30: note: expanded from macro 'CATCH_SECTION'
 17627 | #define CATCH_SECTION( ... ) INTERNAL_CATCH_SECTION( __VA_ARGS__ )
       |                              ^
/home/pacha/R/x86_64-pc-linux-gnu-library/4.6/testthat/include/testthat/vendor/catch.hpp:2940:31: note: expanded from macro 'INTERNAL_CATCH_SECTION'
 2940 |     if( Catch::Section const& INTERNAL_CATCH_UNIQUE_NAME( catch_internal_Section ) = Catch::SectionInfo( CATCH_INTERNAL_LINEINFO, __VA_ARGS__ ) ) \
      |                               ^
/home/pacha/R/x86_64-pc-linux-gnu-library/4.6/testthat/include/testthat/vendor/catch.hpp:478:85: note: expanded from macro 'INTERNAL_CATCH_UNIQUE_NAME'
  478 | #  define INTERNAL_CATCH_UNIQUE_NAME( name ) INTERNAL_CATCH_UNIQUE_NAME_LINE( name, __COUNTER__ )
      |                                                                                     ^
In file included from main.cpp:51:
./test-list.h:64:3: warning: '__COUNTER__' is a C2y extension [-Wc2y-extensions]
   64 |   test_that("named_list.push_back(unnamed_arg)") {
      |   ^
/home/pacha/R/x86_64-pc-linux-gnu-library/4.6/testthat/include/testthat/testthat.h:188:20: note: expanded from macro 'test_that'
  188 | # define test_that CATCH_SECTION
      |                    ^
/home/pacha/R/x86_64-pc-linux-gnu-library/4.6/testthat/include/testthat/vendor/catch.hpp:17627:30: note: expanded from macro 'CATCH_SECTION'
 17627 | #define CATCH_SECTION( ... ) INTERNAL_CATCH_SECTION( __VA_ARGS__ )
       |                              ^
/home/pacha/R/x86_64-pc-linux-gnu-library/4.6/testthat/include/testthat/vendor/catch.hpp:2940:31: note: expanded from macro 'INTERNAL_CATCH_SECTION'
 2940 |     if( Catch::Section const& INTERNAL_CATCH_UNIQUE_NAME( catch_internal_Section ) = Catch::SectionInfo( CATCH_INTERNAL_LINEINFO, __VA_ARGS__ ) ) \
      |                               ^
/home/pacha/R/x86_64-pc-linux-gnu-library/4.6/testthat/include/testthat/vendor/catch.hpp:478:85: note: expanded from macro 'INTERNAL_CATCH_UNIQUE_NAME'
  478 | #  define INTERNAL_CATCH_UNIQUE_NAME( name ) INTERNAL_CATCH_UNIQUE_NAME_LINE( name, __COUNTER__ )
      |                                                                                     ^
In file included from main.cpp:51:
./test-list.h:77:3: warning: '__COUNTER__' is a C2y extension [-Wc2y-extensions]
   77 |   test_that("named_list.push_back(named_arg)") {
      |   ^
/home/pacha/R/x86_64-pc-linux-gnu-library/4.6/testthat/include/testthat/testthat.h:188:20: note: expanded from macro 'test_that'
  188 | # define test_that CATCH_SECTION
      |                    ^
/home/pacha/R/x86_64-pc-linux-gnu-library/4.6/testthat/include/testthat/vendor/catch.hpp:17627:30: note: expanded from macro 'CATCH_SECTION'
 17627 | #define CATCH_SECTION( ... ) INTERNAL_CATCH_SECTION( __VA_ARGS__ )
       |                              ^
/home/pacha/R/x86_64-pc-linux-gnu-library/4.6/testthat/include/testthat/vendor/catch.hpp:2940:31: note: expanded from macro 'INTERNAL_CATCH_SECTION'
 2940 |     if( Catch::Section const& INTERNAL_CATCH_UNIQUE_NAME( catch_internal_Section ) = Catch::SectionInfo( CATCH_INTERNAL_LINEINFO, __VA_ARGS__ ) ) \
      |                               ^
/home/pacha/R/x86_64-pc-linux-gnu-library/4.6/testthat/include/testthat/vendor/catch.hpp:478:85: note: expanded from macro 'INTERNAL_CATCH_UNIQUE_NAME'
  478 | #  define INTERNAL_CATCH_UNIQUE_NAME( name ) INTERNAL_CATCH_UNIQUE_NAME_LINE( name, __COUNTER__ )
      |                                                                                     ^
In file included from main.cpp:51:
./test-list.h:90:3: warning: '__COUNTER__' is a C2y extension [-Wc2y-extensions]
   90 |   test_that("empty_list.push_back(unnamed_arg)") {
      |   ^
/home/pacha/R/x86_64-pc-linux-gnu-library/4.6/testthat/include/testthat/testthat.h:188:20: note: expanded from macro 'test_that'
  188 | # define test_that CATCH_SECTION
      |                    ^
/home/pacha/R/x86_64-pc-linux-gnu-library/4.6/testthat/include/testthat/vendor/catch.hpp:17627:30: note: expanded from macro 'CATCH_SECTION'
 17627 | #define CATCH_SECTION( ... ) INTERNAL_CATCH_SECTION( __VA_ARGS__ )
       |                              ^
/home/pacha/R/x86_64-pc-linux-gnu-library/4.6/testthat/include/testthat/vendor/catch.hpp:2940:31: note: expanded from macro 'INTERNAL_CATCH_SECTION'
 2940 |     if( Catch::Section const& INTERNAL_CATCH_UNIQUE_NAME( catch_internal_Section ) = Catch::SectionInfo( CATCH_INTERNAL_LINEINFO, __VA_ARGS__ ) ) \
      |                               ^
/home/pacha/R/x86_64-pc-linux-gnu-library/4.6/testthat/include/testthat/vendor/catch.hpp:478:85: note: expanded from macro 'INTERNAL_CATCH_UNIQUE_NAME'
  478 | #  define INTERNAL_CATCH_UNIQUE_NAME( name ) INTERNAL_CATCH_UNIQUE_NAME_LINE( name, __COUNTER__ )
      |                                                                                     ^
In file included from main.cpp:51:
./test-list.h:97:3: warning: '__COUNTER__' is a C2y extension [-Wc2y-extensions]
   97 |   test_that("empty_list.push_back(named_arg)") {
      |   ^
/home/pacha/R/x86_64-pc-linux-gnu-library/4.6/testthat/include/testthat/testthat.h:188:20: note: expanded from macro 'test_that'
  188 | # define test_that CATCH_SECTION
      |                    ^
/home/pacha/R/x86_64-pc-linux-gnu-library/4.6/testthat/include/testthat/vendor/catch.hpp:17627:30: note: expanded from macro 'CATCH_SECTION'
 17627 | #define CATCH_SECTION( ... ) INTERNAL_CATCH_SECTION( __VA_ARGS__ )
       |                              ^
/home/pacha/R/x86_64-pc-linux-gnu-library/4.6/testthat/include/testthat/vendor/catch.hpp:2940:31: note: expanded from macro 'INTERNAL_CATCH_SECTION'
 2940 |     if( Catch::Section const& INTERNAL_CATCH_UNIQUE_NAME( catch_internal_Section ) = Catch::SectionInfo( CATCH_INTERNAL_LINEINFO, __VA_ARGS__ ) ) \
      |                               ^
/home/pacha/R/x86_64-pc-linux-gnu-library/4.6/testthat/include/testthat/vendor/catch.hpp:478:85: note: expanded from macro 'INTERNAL_CATCH_UNIQUE_NAME'
  478 | #  define INTERNAL_CATCH_UNIQUE_NAME( name ) INTERNAL_CATCH_UNIQUE_NAME_LINE( name, __COUNTER__ )
      |                                                                                     ^
In file included from main.cpp:51:
./test-list.h:109:3: warning: '__COUNTER__' is a C2y extension [-Wc2y-extensions]
  109 |   test_that("attribute setting works") {
      |   ^
/home/pacha/R/x86_64-pc-linux-gnu-library/4.6/testthat/include/testthat/testthat.h:188:20: note: expanded from macro 'test_that'
  188 | # define test_that CATCH_SECTION
      |                    ^
/home/pacha/R/x86_64-pc-linux-gnu-library/4.6/testthat/include/testthat/vendor/catch.hpp:17627:30: note: expanded from macro 'CATCH_SECTION'
 17627 | #define CATCH_SECTION( ... ) INTERNAL_CATCH_SECTION( __VA_ARGS__ )
       |                              ^
/home/pacha/R/x86_64-pc-linux-gnu-library/4.6/testthat/include/testthat/vendor/catch.hpp:2940:31: note: expanded from macro 'INTERNAL_CATCH_SECTION'
 2940 |     if( Catch::Section const& INTERNAL_CATCH_UNIQUE_NAME( catch_internal_Section ) = Catch::SectionInfo( CATCH_INTERNAL_LINEINFO, __VA_ARGS__ ) ) \
      |                               ^
/home/pacha/R/x86_64-pc-linux-gnu-library/4.6/testthat/include/testthat/vendor/catch.hpp:478:85: note: expanded from macro 'INTERNAL_CATCH_UNIQUE_NAME'
  478 | #  define INTERNAL_CATCH_UNIQUE_NAME( name ) INTERNAL_CATCH_UNIQUE_NAME_LINE( name, __COUNTER__ )
      |                                                                                     ^
In file included from main.cpp:51:
./test-list.h:120:3: warning: '__COUNTER__' is a C2y extension [-Wc2y-extensions]
  120 |   test_that("list::iterator uses VECTOR_ELT") {
      |   ^
/home/pacha/R/x86_64-pc-linux-gnu-library/4.6/testthat/include/testthat/testthat.h:188:20: note: expanded from macro 'test_that'
  188 | # define test_that CATCH_SECTION
      |                    ^
/home/pacha/R/x86_64-pc-linux-gnu-library/4.6/testthat/include/testthat/vendor/catch.hpp:17627:30: note: expanded from macro 'CATCH_SECTION'
 17627 | #define CATCH_SECTION( ... ) INTERNAL_CATCH_SECTION( __VA_ARGS__ )
       |                              ^
/home/pacha/R/x86_64-pc-linux-gnu-library/4.6/testthat/include/testthat/vendor/catch.hpp:2940:31: note: expanded from macro 'INTERNAL_CATCH_SECTION'
 2940 |     if( Catch::Section const& INTERNAL_CATCH_UNIQUE_NAME( catch_internal_Section ) = Catch::SectionInfo( CATCH_INTERNAL_LINEINFO, __VA_ARGS__ ) ) \
      |                               ^
/home/pacha/R/x86_64-pc-linux-gnu-library/4.6/testthat/include/testthat/vendor/catch.hpp:478:85: note: expanded from macro 'INTERNAL_CATCH_UNIQUE_NAME'
  478 | #  define INTERNAL_CATCH_UNIQUE_NAME( name ) INTERNAL_CATCH_UNIQUE_NAME_LINE( name, __COUNTER__ )
      |                                                                                     ^
In file included from main.cpp:51:
./test-list.h:127:3: warning: '__COUNTER__' is a C2y extension [-Wc2y-extensions]
  127 |   test_that("list.named() works") {
      |   ^
/home/pacha/R/x86_64-pc-linux-gnu-library/4.6/testthat/include/testthat/testthat.h:188:20: note: expanded from macro 'test_that'
  188 | # define test_that CATCH_SECTION
      |                    ^
/home/pacha/R/x86_64-pc-linux-gnu-library/4.6/testthat/include/testthat/vendor/catch.hpp:17627:30: note: expanded from macro 'CATCH_SECTION'
 17627 | #define CATCH_SECTION( ... ) INTERNAL_CATCH_SECTION( __VA_ARGS__ )
       |                              ^
/home/pacha/R/x86_64-pc-linux-gnu-library/4.6/testthat/include/testthat/vendor/catch.hpp:2940:31: note: expanded from macro 'INTERNAL_CATCH_SECTION'
 2940 |     if( Catch::Section const& INTERNAL_CATCH_UNIQUE_NAME( catch_internal_Section ) = Catch::SectionInfo( CATCH_INTERNAL_LINEINFO, __VA_ARGS__ ) ) \
      |                               ^
/home/pacha/R/x86_64-pc-linux-gnu-library/4.6/testthat/include/testthat/vendor/catch.hpp:478:85: note: expanded from macro 'INTERNAL_CATCH_UNIQUE_NAME'
  478 | #  define INTERNAL_CATCH_UNIQUE_NAME( name ) INTERNAL_CATCH_UNIQUE_NAME_LINE( name, __COUNTER__ )
      |                                                                                     ^
In file included from main.cpp:51:
./test-list.h:137:3: warning: '__COUNTER__' is a C2y extension [-Wc2y-extensions]
  137 |   test_that("list.empty() works") {
      |   ^
/home/pacha/R/x86_64-pc-linux-gnu-library/4.6/testthat/include/testthat/testthat.h:188:20: note: expanded from macro 'test_that'
  188 | # define test_that CATCH_SECTION
      |                    ^
/home/pacha/R/x86_64-pc-linux-gnu-library/4.6/testthat/include/testthat/vendor/catch.hpp:17627:30: note: expanded from macro 'CATCH_SECTION'
 17627 | #define CATCH_SECTION( ... ) INTERNAL_CATCH_SECTION( __VA_ARGS__ )
       |                              ^
/home/pacha/R/x86_64-pc-linux-gnu-library/4.6/testthat/include/testthat/vendor/catch.hpp:2940:31: note: expanded from macro 'INTERNAL_CATCH_SECTION'
 2940 |     if( Catch::Section const& INTERNAL_CATCH_UNIQUE_NAME( catch_internal_Section ) = Catch::SectionInfo( CATCH_INTERNAL_LINEINFO, __VA_ARGS__ ) ) \
      |                               ^
/home/pacha/R/x86_64-pc-linux-gnu-library/4.6/testthat/include/testthat/vendor/catch.hpp:478:85: note: expanded from macro 'INTERNAL_CATCH_UNIQUE_NAME'
  478 | #  define INTERNAL_CATCH_UNIQUE_NAME( name ) INTERNAL_CATCH_UNIQUE_NAME_LINE( name, __COUNTER__ )
      |                                                                                     ^
In file included from main.cpp:51:
./test-list.h:147:3: warning: '__COUNTER__' is a C2y extension [-Wc2y-extensions]
  147 |   test_that("names of named lists are also resized") {
      |   ^
/home/pacha/R/x86_64-pc-linux-gnu-library/4.6/testthat/include/testthat/testthat.h:188:20: note: expanded from macro 'test_that'
  188 | # define test_that CATCH_SECTION
      |                    ^
/home/pacha/R/x86_64-pc-linux-gnu-library/4.6/testthat/include/testthat/vendor/catch.hpp:17627:30: note: expanded from macro 'CATCH_SECTION'
 17627 | #define CATCH_SECTION( ... ) INTERNAL_CATCH_SECTION( __VA_ARGS__ )
       |                              ^
/home/pacha/R/x86_64-pc-linux-gnu-library/4.6/testthat/include/testthat/vendor/catch.hpp:2940:31: note: expanded from macro 'INTERNAL_CATCH_SECTION'
 2940 |     if( Catch::Section const& INTERNAL_CATCH_UNIQUE_NAME( catch_internal_Section ) = Catch::SectionInfo( CATCH_INTERNAL_LINEINFO, __VA_ARGS__ ) ) \
      |                               ^
/home/pacha/R/x86_64-pc-linux-gnu-library/4.6/testthat/include/testthat/vendor/catch.hpp:478:85: note: expanded from macro 'INTERNAL_CATCH_UNIQUE_NAME'
  478 | #  define INTERNAL_CATCH_UNIQUE_NAME( name ) INTERNAL_CATCH_UNIQUE_NAME_LINE( name, __COUNTER__ )
      |                                                                                     ^
In file included from main.cpp:51:
./test-list.h:162:3: warning: '__COUNTER__' is a C2y extension [-Wc2y-extensions]
  162 |   test_that("list::operator[] and at by name") {
      |   ^
/home/pacha/R/x86_64-pc-linux-gnu-library/4.6/testthat/include/testthat/testthat.h:188:20: note: expanded from macro 'test_that'
  188 | # define test_that CATCH_SECTION
      |                    ^
/home/pacha/R/x86_64-pc-linux-gnu-library/4.6/testthat/include/testthat/vendor/catch.hpp:17627:30: note: expanded from macro 'CATCH_SECTION'
 17627 | #define CATCH_SECTION( ... ) INTERNAL_CATCH_SECTION( __VA_ARGS__ )
       |                              ^
/home/pacha/R/x86_64-pc-linux-gnu-library/4.6/testthat/include/testthat/vendor/catch.hpp:2940:31: note: expanded from macro 'INTERNAL_CATCH_SECTION'
 2940 |     if( Catch::Section const& INTERNAL_CATCH_UNIQUE_NAME( catch_internal_Section ) = Catch::SectionInfo( CATCH_INTERNAL_LINEINFO, __VA_ARGS__ ) ) \
      |                               ^
/home/pacha/R/x86_64-pc-linux-gnu-library/4.6/testthat/include/testthat/vendor/catch.hpp:478:85: note: expanded from macro 'INTERNAL_CATCH_UNIQUE_NAME'
  478 | #  define INTERNAL_CATCH_UNIQUE_NAME( name ) INTERNAL_CATCH_UNIQUE_NAME_LINE( name, __COUNTER__ )
      |                                                                                     ^
In file included from main.cpp:51:
./test-list.h:186:3: warning: '__COUNTER__' is a C2y extension [-Wc2y-extensions]
  186 |   test_that("We don't return NULL for default constructed vectors") {
      |   ^
/home/pacha/R/x86_64-pc-linux-gnu-library/4.6/testthat/include/testthat/testthat.h:188:20: note: expanded from macro 'test_that'
  188 | # define test_that CATCH_SECTION
      |                    ^
/home/pacha/R/x86_64-pc-linux-gnu-library/4.6/testthat/include/testthat/vendor/catch.hpp:17627:30: note: expanded from macro 'CATCH_SECTION'
 17627 | #define CATCH_SECTION( ... ) INTERNAL_CATCH_SECTION( __VA_ARGS__ )
       |                              ^
/home/pacha/R/x86_64-pc-linux-gnu-library/4.6/testthat/include/testthat/vendor/catch.hpp:2940:31: note: expanded from macro 'INTERNAL_CATCH_SECTION'
 2940 |     if( Catch::Section const& INTERNAL_CATCH_UNIQUE_NAME( catch_internal_Section ) = Catch::SectionInfo( CATCH_INTERNAL_LINEINFO, __VA_ARGS__ ) ) \
      |                               ^
/home/pacha/R/x86_64-pc-linux-gnu-library/4.6/testthat/include/testthat/vendor/catch.hpp:478:85: note: expanded from macro 'INTERNAL_CATCH_UNIQUE_NAME'
  478 | #  define INTERNAL_CATCH_UNIQUE_NAME( name ) INTERNAL_CATCH_UNIQUE_NAME_LINE( name, __COUNTER__ )
      |                                                                                     ^
In file included from main.cpp:51:
./test-list.h:194:3: warning: '__COUNTER__' is a C2y extension [-Wc2y-extensions]
  194 |   test_that("writable::list(initializer_list<named_arg>)") {
      |   ^
/home/pacha/R/x86_64-pc-linux-gnu-library/4.6/testthat/include/testthat/testthat.h:188:20: note: expanded from macro 'test_that'
  188 | # define test_that CATCH_SECTION
      |                    ^
/home/pacha/R/x86_64-pc-linux-gnu-library/4.6/testthat/include/testthat/vendor/catch.hpp:17627:30: note: expanded from macro 'CATCH_SECTION'
 17627 | #define CATCH_SECTION( ... ) INTERNAL_CATCH_SECTION( __VA_ARGS__ )
       |                              ^
/home/pacha/R/x86_64-pc-linux-gnu-library/4.6/testthat/include/testthat/vendor/catch.hpp:2940:31: note: expanded from macro 'INTERNAL_CATCH_SECTION'
 2940 |     if( Catch::Section const& INTERNAL_CATCH_UNIQUE_NAME( catch_internal_Section ) = Catch::SectionInfo( CATCH_INTERNAL_LINEINFO, __VA_ARGS__ ) ) \
      |                               ^
/home/pacha/R/x86_64-pc-linux-gnu-library/4.6/testthat/include/testthat/vendor/catch.hpp:478:85: note: expanded from macro 'INTERNAL_CATCH_UNIQUE_NAME'
  478 | #  define INTERNAL_CATCH_UNIQUE_NAME( name ) INTERNAL_CATCH_UNIQUE_NAME_LINE( name, __COUNTER__ )
      |                                                                                     ^
In file included from main.cpp:51:
./test-list.h:218:3: warning: '__COUNTER__' is a C2y extension [-Wc2y-extensions]
  218 |   test_that("writable::list(initializer_list<SEXP>)") {
      |   ^
/home/pacha/R/x86_64-pc-linux-gnu-library/4.6/testthat/include/testthat/testthat.h:188:20: note: expanded from macro 'test_that'
  188 | # define test_that CATCH_SECTION
      |                    ^
/home/pacha/R/x86_64-pc-linux-gnu-library/4.6/testthat/include/testthat/vendor/catch.hpp:17627:30: note: expanded from macro 'CATCH_SECTION'
 17627 | #define CATCH_SECTION( ... ) INTERNAL_CATCH_SECTION( __VA_ARGS__ )
       |                              ^
/home/pacha/R/x86_64-pc-linux-gnu-library/4.6/testthat/include/testthat/vendor/catch.hpp:2940:31: note: expanded from macro 'INTERNAL_CATCH_SECTION'
 2940 |     if( Catch::Section const& INTERNAL_CATCH_UNIQUE_NAME( catch_internal_Section ) = Catch::SectionInfo( CATCH_INTERNAL_LINEINFO, __VA_ARGS__ ) ) \
      |                               ^
/home/pacha/R/x86_64-pc-linux-gnu-library/4.6/testthat/include/testthat/vendor/catch.hpp:478:85: note: expanded from macro 'INTERNAL_CATCH_UNIQUE_NAME'
  478 | #  define INTERNAL_CATCH_UNIQUE_NAME( name ) INTERNAL_CATCH_UNIQUE_NAME_LINE( name, __COUNTER__ )
      |                                                                                     ^
In file included from main.cpp:52:
./test-list_of.h:3:1: warning: '__COUNTER__' is a C2y extension [-Wc2y-extensions]
    3 | context("list_of-C++") {
      | ^
/home/pacha/R/x86_64-pc-linux-gnu-library/4.6/testthat/include/testthat/testthat.h:187:25: note: expanded from macro 'context'
  187 | # define context(__X__) CATCH_TEST_CASE(__X__ " | " __FILE__)
      |                         ^
/home/pacha/R/x86_64-pc-linux-gnu-library/4.6/testthat/include/testthat/vendor/catch.hpp:17623:32: note: expanded from macro 'CATCH_TEST_CASE'
 17623 | #define CATCH_TEST_CASE( ... ) INTERNAL_CATCH_TESTCASE( __VA_ARGS__ )
       |                                ^
/home/pacha/R/x86_64-pc-linux-gnu-library/4.6/testthat/include/testthat/vendor/catch.hpp:1062:35: note: expanded from macro 'INTERNAL_CATCH_TESTCASE'
 1062 |         INTERNAL_CATCH_TESTCASE2( INTERNAL_CATCH_UNIQUE_NAME( C_A_T_C_H_T_E_S_T_ ), __VA_ARGS__ )
      |                                   ^
/home/pacha/R/x86_64-pc-linux-gnu-library/4.6/testthat/include/testthat/vendor/catch.hpp:478:85: note: expanded from macro 'INTERNAL_CATCH_UNIQUE_NAME'
  478 | #  define INTERNAL_CATCH_UNIQUE_NAME( name ) INTERNAL_CATCH_UNIQUE_NAME_LINE( name, __COUNTER__ )
      |                                                                                     ^
In file included from main.cpp:52:
./test-list_of.h:3:1: warning: '__COUNTER__' is a C2y extension [-Wc2y-extensions]
/home/pacha/R/x86_64-pc-linux-gnu-library/4.6/testthat/include/testthat/testthat.h:187:25: note: expanded from macro 'context'
  187 | # define context(__X__) CATCH_TEST_CASE(__X__ " | " __FILE__)
      |                         ^
/home/pacha/R/x86_64-pc-linux-gnu-library/4.6/testthat/include/testthat/vendor/catch.hpp:17623:32: note: expanded from macro 'CATCH_TEST_CASE'
 17623 | #define CATCH_TEST_CASE( ... ) INTERNAL_CATCH_TESTCASE( __VA_ARGS__ )
       |                                ^
/home/pacha/R/x86_64-pc-linux-gnu-library/4.6/testthat/include/testthat/vendor/catch.hpp:1062:9: note: expanded from macro 'INTERNAL_CATCH_TESTCASE'
 1062 |         INTERNAL_CATCH_TESTCASE2( INTERNAL_CATCH_UNIQUE_NAME( C_A_T_C_H_T_E_S_T_ ), __VA_ARGS__ )
      |         ^
/home/pacha/R/x86_64-pc-linux-gnu-library/4.6/testthat/include/testthat/vendor/catch.hpp:1058:35: note: expanded from macro 'INTERNAL_CATCH_TESTCASE2'
 1058 |         namespace{ Catch::AutoReg INTERNAL_CATCH_UNIQUE_NAME( autoRegistrar )( Catch::makeTestInvoker( &TestName ), CATCH_INTERNAL_LINEINFO, Catch::StringRef(), Catch::NameAndTags{ __VA_ARGS__ } ); } /* NOLINT */ \
      |                                   ^
/home/pacha/R/x86_64-pc-linux-gnu-library/4.6/testthat/include/testthat/vendor/catch.hpp:478:85: note: expanded from macro 'INTERNAL_CATCH_UNIQUE_NAME'
  478 | #  define INTERNAL_CATCH_UNIQUE_NAME( name ) INTERNAL_CATCH_UNIQUE_NAME_LINE( name, __COUNTER__ )
      |                                                                                     ^
In file included from main.cpp:52:
./test-list_of.h:4:3: warning: '__COUNTER__' is a C2y extension [-Wc2y-extensions]
    4 |   test_that("list_of works") {
      |   ^
/home/pacha/R/x86_64-pc-linux-gnu-library/4.6/testthat/include/testthat/testthat.h:188:20: note: expanded from macro 'test_that'
  188 | # define test_that CATCH_SECTION
      |                    ^
/home/pacha/R/x86_64-pc-linux-gnu-library/4.6/testthat/include/testthat/vendor/catch.hpp:17627:30: note: expanded from macro 'CATCH_SECTION'
 17627 | #define CATCH_SECTION( ... ) INTERNAL_CATCH_SECTION( __VA_ARGS__ )
       |                              ^
/home/pacha/R/x86_64-pc-linux-gnu-library/4.6/testthat/include/testthat/vendor/catch.hpp:2940:31: note: expanded from macro 'INTERNAL_CATCH_SECTION'
 2940 |     if( Catch::Section const& INTERNAL_CATCH_UNIQUE_NAME( catch_internal_Section ) = Catch::SectionInfo( CATCH_INTERNAL_LINEINFO, __VA_ARGS__ ) ) \
      |                               ^
/home/pacha/R/x86_64-pc-linux-gnu-library/4.6/testthat/include/testthat/vendor/catch.hpp:478:85: note: expanded from macro 'INTERNAL_CATCH_UNIQUE_NAME'
  478 | #  define INTERNAL_CATCH_UNIQUE_NAME( name ) INTERNAL_CATCH_UNIQUE_NAME_LINE( name, __COUNTER__ )
      |                                                                                     ^
In file included from main.cpp:52:
./test-list_of.h:19:3: warning: '__COUNTER__' is a C2y extension [-Wc2y-extensions]
   19 |   test_that("writable::list_of works") {
      |   ^
/home/pacha/R/x86_64-pc-linux-gnu-library/4.6/testthat/include/testthat/testthat.h:188:20: note: expanded from macro 'test_that'
  188 | # define test_that CATCH_SECTION
      |                    ^
/home/pacha/R/x86_64-pc-linux-gnu-library/4.6/testthat/include/testthat/vendor/catch.hpp:17627:30: note: expanded from macro 'CATCH_SECTION'
 17627 | #define CATCH_SECTION( ... ) INTERNAL_CATCH_SECTION( __VA_ARGS__ )
       |                              ^
/home/pacha/R/x86_64-pc-linux-gnu-library/4.6/testthat/include/testthat/vendor/catch.hpp:2940:31: note: expanded from macro 'INTERNAL_CATCH_SECTION'
 2940 |     if( Catch::Section const& INTERNAL_CATCH_UNIQUE_NAME( catch_internal_Section ) = Catch::SectionInfo( CATCH_INTERNAL_LINEINFO, __VA_ARGS__ ) ) \
      |                               ^
/home/pacha/R/x86_64-pc-linux-gnu-library/4.6/testthat/include/testthat/vendor/catch.hpp:478:85: note: expanded from macro 'INTERNAL_CATCH_UNIQUE_NAME'
  478 | #  define INTERNAL_CATCH_UNIQUE_NAME( name ) INTERNAL_CATCH_UNIQUE_NAME_LINE( name, __COUNTER__ )
      |                                                                                     ^
In file included from main.cpp:53:
./test-logicals.h:3:1: warning: '__COUNTER__' is a C2y extension [-Wc2y-extensions]
    3 | context("logicals-C++") {
      | ^
/home/pacha/R/x86_64-pc-linux-gnu-library/4.6/testthat/include/testthat/testthat.h:187:25: note: expanded from macro 'context'
  187 | # define context(__X__) CATCH_TEST_CASE(__X__ " | " __FILE__)
      |                         ^
/home/pacha/R/x86_64-pc-linux-gnu-library/4.6/testthat/include/testthat/vendor/catch.hpp:17623:32: note: expanded from macro 'CATCH_TEST_CASE'
 17623 | #define CATCH_TEST_CASE( ... ) INTERNAL_CATCH_TESTCASE( __VA_ARGS__ )
       |                                ^
/home/pacha/R/x86_64-pc-linux-gnu-library/4.6/testthat/include/testthat/vendor/catch.hpp:1062:35: note: expanded from macro 'INTERNAL_CATCH_TESTCASE'
 1062 |         INTERNAL_CATCH_TESTCASE2( INTERNAL_CATCH_UNIQUE_NAME( C_A_T_C_H_T_E_S_T_ ), __VA_ARGS__ )
      |                                   ^
/home/pacha/R/x86_64-pc-linux-gnu-library/4.6/testthat/include/testthat/vendor/catch.hpp:478:85: note: expanded from macro 'INTERNAL_CATCH_UNIQUE_NAME'
  478 | #  define INTERNAL_CATCH_UNIQUE_NAME( name ) INTERNAL_CATCH_UNIQUE_NAME_LINE( name, __COUNTER__ )
      |                                                                                     ^
In file included from main.cpp:53:
./test-logicals.h:3:1: warning: '__COUNTER__' is a C2y extension [-Wc2y-extensions]
/home/pacha/R/x86_64-pc-linux-gnu-library/4.6/testthat/include/testthat/testthat.h:187:25: note: expanded from macro 'context'
  187 | # define context(__X__) CATCH_TEST_CASE(__X__ " | " __FILE__)
      |                         ^
/home/pacha/R/x86_64-pc-linux-gnu-library/4.6/testthat/include/testthat/vendor/catch.hpp:17623:32: note: expanded from macro 'CATCH_TEST_CASE'
 17623 | #define CATCH_TEST_CASE( ... ) INTERNAL_CATCH_TESTCASE( __VA_ARGS__ )
       |                                ^
/home/pacha/R/x86_64-pc-linux-gnu-library/4.6/testthat/include/testthat/vendor/catch.hpp:1062:9: note: expanded from macro 'INTERNAL_CATCH_TESTCASE'
 1062 |         INTERNAL_CATCH_TESTCASE2( INTERNAL_CATCH_UNIQUE_NAME( C_A_T_C_H_T_E_S_T_ ), __VA_ARGS__ )
      |         ^
/home/pacha/R/x86_64-pc-linux-gnu-library/4.6/testthat/include/testthat/vendor/catch.hpp:1058:35: note: expanded from macro 'INTERNAL_CATCH_TESTCASE2'
 1058 |         namespace{ Catch::AutoReg INTERNAL_CATCH_UNIQUE_NAME( autoRegistrar )( Catch::makeTestInvoker( &TestName ), CATCH_INTERNAL_LINEINFO, Catch::StringRef(), Catch::NameAndTags{ __VA_ARGS__ } ); } /* NOLINT */ \
      |                                   ^
/home/pacha/R/x86_64-pc-linux-gnu-library/4.6/testthat/include/testthat/vendor/catch.hpp:478:85: note: expanded from macro 'INTERNAL_CATCH_UNIQUE_NAME'
  478 | #  define INTERNAL_CATCH_UNIQUE_NAME( name ) INTERNAL_CATCH_UNIQUE_NAME_LINE( name, __COUNTER__ )
      |                                                                                     ^
In file included from main.cpp:53:
./test-logicals.h:4:3: warning: '__COUNTER__' is a C2y extension [-Wc2y-extensions]
    4 |   test_that("logicals.push_back()") {
      |   ^
/home/pacha/R/x86_64-pc-linux-gnu-library/4.6/testthat/include/testthat/testthat.h:188:20: note: expanded from macro 'test_that'
  188 | # define test_that CATCH_SECTION
      |                    ^
/home/pacha/R/x86_64-pc-linux-gnu-library/4.6/testthat/include/testthat/vendor/catch.hpp:17627:30: note: expanded from macro 'CATCH_SECTION'
 17627 | #define CATCH_SECTION( ... ) INTERNAL_CATCH_SECTION( __VA_ARGS__ )
       |                              ^
/home/pacha/R/x86_64-pc-linux-gnu-library/4.6/testthat/include/testthat/vendor/catch.hpp:2940:31: note: expanded from macro 'INTERNAL_CATCH_SECTION'
 2940 |     if( Catch::Section const& INTERNAL_CATCH_UNIQUE_NAME( catch_internal_Section ) = Catch::SectionInfo( CATCH_INTERNAL_LINEINFO, __VA_ARGS__ ) ) \
      |                               ^
/home/pacha/R/x86_64-pc-linux-gnu-library/4.6/testthat/include/testthat/vendor/catch.hpp:478:85: note: expanded from macro 'INTERNAL_CATCH_UNIQUE_NAME'
  478 | #  define INTERNAL_CATCH_UNIQUE_NAME( name ) INTERNAL_CATCH_UNIQUE_NAME_LINE( name, __COUNTER__ )
      |                                                                                     ^
In file included from main.cpp:53:
./test-logicals.h:13:3: warning: '__COUNTER__' is a C2y extension [-Wc2y-extensions]
   13 |   test_that("logicals.resize()") {
      |   ^
/home/pacha/R/x86_64-pc-linux-gnu-library/4.6/testthat/include/testthat/testthat.h:188:20: note: expanded from macro 'test_that'
  188 | # define test_that CATCH_SECTION
      |                    ^
/home/pacha/R/x86_64-pc-linux-gnu-library/4.6/testthat/include/testthat/vendor/catch.hpp:17627:30: note: expanded from macro 'CATCH_SECTION'
 17627 | #define CATCH_SECTION( ... ) INTERNAL_CATCH_SECTION( __VA_ARGS__ )
       |                              ^
/home/pacha/R/x86_64-pc-linux-gnu-library/4.6/testthat/include/testthat/vendor/catch.hpp:2940:31: note: expanded from macro 'INTERNAL_CATCH_SECTION'
 2940 |     if( Catch::Section const& INTERNAL_CATCH_UNIQUE_NAME( catch_internal_Section ) = Catch::SectionInfo( CATCH_INTERNAL_LINEINFO, __VA_ARGS__ ) ) \
      |                               ^
/home/pacha/R/x86_64-pc-linux-gnu-library/4.6/testthat/include/testthat/vendor/catch.hpp:478:85: note: expanded from macro 'INTERNAL_CATCH_UNIQUE_NAME'
  478 | #  define INTERNAL_CATCH_UNIQUE_NAME( name ) INTERNAL_CATCH_UNIQUE_NAME_LINE( name, __COUNTER__ )
      |                                                                                     ^
In file included from main.cpp:53:
./test-logicals.h:23:3: warning: '__COUNTER__' is a C2y extension [-Wc2y-extensions]
   23 |   test_that("logicals.at()") {
      |   ^
/home/pacha/R/x86_64-pc-linux-gnu-library/4.6/testthat/include/testthat/testthat.h:188:20: note: expanded from macro 'test_that'
  188 | # define test_that CATCH_SECTION
      |                    ^
/home/pacha/R/x86_64-pc-linux-gnu-library/4.6/testthat/include/testthat/vendor/catch.hpp:17627:30: note: expanded from macro 'CATCH_SECTION'
 17627 | #define CATCH_SECTION( ... ) INTERNAL_CATCH_SECTION( __VA_ARGS__ )
       |                              ^
/home/pacha/R/x86_64-pc-linux-gnu-library/4.6/testthat/include/testthat/vendor/catch.hpp:2940:31: note: expanded from macro 'INTERNAL_CATCH_SECTION'
 2940 |     if( Catch::Section const& INTERNAL_CATCH_UNIQUE_NAME( catch_internal_Section ) = Catch::SectionInfo( CATCH_INTERNAL_LINEINFO, __VA_ARGS__ ) ) \
      |                               ^
/home/pacha/R/x86_64-pc-linux-gnu-library/4.6/testthat/include/testthat/vendor/catch.hpp:478:85: note: expanded from macro 'INTERNAL_CATCH_UNIQUE_NAME'
  478 | #  define INTERNAL_CATCH_UNIQUE_NAME( name ) INTERNAL_CATCH_UNIQUE_NAME_LINE( name, __COUNTER__ )
      |                                                                                     ^
In file included from main.cpp:53:
./test-logicals.h:34:3: warning: '__COUNTER__' is a C2y extension [-Wc2y-extensions]
   34 |   test_that("logicals.pop_back()") {
      |   ^
/home/pacha/R/x86_64-pc-linux-gnu-library/4.6/testthat/include/testthat/testthat.h:188:20: note: expanded from macro 'test_that'
  188 | # define test_that CATCH_SECTION
      |                    ^
/home/pacha/R/x86_64-pc-linux-gnu-library/4.6/testthat/include/testthat/vendor/catch.hpp:17627:30: note: expanded from macro 'CATCH_SECTION'
 17627 | #define CATCH_SECTION( ... ) INTERNAL_CATCH_SECTION( __VA_ARGS__ )
       |                              ^
/home/pacha/R/x86_64-pc-linux-gnu-library/4.6/testthat/include/testthat/vendor/catch.hpp:2940:31: note: expanded from macro 'INTERNAL_CATCH_SECTION'
 2940 |     if( Catch::Section const& INTERNAL_CATCH_UNIQUE_NAME( catch_internal_Section ) = Catch::SectionInfo( CATCH_INTERNAL_LINEINFO, __VA_ARGS__ ) ) \
      |                               ^
/home/pacha/R/x86_64-pc-linux-gnu-library/4.6/testthat/include/testthat/vendor/catch.hpp:478:85: note: expanded from macro 'INTERNAL_CATCH_UNIQUE_NAME'
  478 | #  define INTERNAL_CATCH_UNIQUE_NAME( name ) INTERNAL_CATCH_UNIQUE_NAME_LINE( name, __COUNTER__ )
      |                                                                                     ^
In file included from main.cpp:53:
./test-logicals.h:46:3: warning: '__COUNTER__' is a C2y extension [-Wc2y-extensions]
   46 |   test_that("logicals.insert()") {
      |   ^
/home/pacha/R/x86_64-pc-linux-gnu-library/4.6/testthat/include/testthat/testthat.h:188:20: note: expanded from macro 'test_that'
  188 | # define test_that CATCH_SECTION
      |                    ^
/home/pacha/R/x86_64-pc-linux-gnu-library/4.6/testthat/include/testthat/vendor/catch.hpp:17627:30: note: expanded from macro 'CATCH_SECTION'
 17627 | #define CATCH_SECTION( ... ) INTERNAL_CATCH_SECTION( __VA_ARGS__ )
       |                              ^
/home/pacha/R/x86_64-pc-linux-gnu-library/4.6/testthat/include/testthat/vendor/catch.hpp:2940:31: note: expanded from macro 'INTERNAL_CATCH_SECTION'
 2940 |     if( Catch::Section const& INTERNAL_CATCH_UNIQUE_NAME( catch_internal_Section ) = Catch::SectionInfo( CATCH_INTERNAL_LINEINFO, __VA_ARGS__ ) ) \
      |                               ^
/home/pacha/R/x86_64-pc-linux-gnu-library/4.6/testthat/include/testthat/vendor/catch.hpp:478:85: note: expanded from macro 'INTERNAL_CATCH_UNIQUE_NAME'
  478 | #  define INTERNAL_CATCH_UNIQUE_NAME( name ) INTERNAL_CATCH_UNIQUE_NAME_LINE( name, __COUNTER__ )
      |                                                                                     ^
In file included from main.cpp:53:
./test-logicals.h:58:3: warning: '__COUNTER__' is a C2y extension [-Wc2y-extensions]
   58 |   test_that("logicals.erase()") {
      |   ^
/home/pacha/R/x86_64-pc-linux-gnu-library/4.6/testthat/include/testthat/testthat.h:188:20: note: expanded from macro 'test_that'
  188 | # define test_that CATCH_SECTION
      |                    ^
/home/pacha/R/x86_64-pc-linux-gnu-library/4.6/testthat/include/testthat/vendor/catch.hpp:17627:30: note: expanded from macro 'CATCH_SECTION'
 17627 | #define CATCH_SECTION( ... ) INTERNAL_CATCH_SECTION( __VA_ARGS__ )
       |                              ^
/home/pacha/R/x86_64-pc-linux-gnu-library/4.6/testthat/include/testthat/vendor/catch.hpp:2940:31: note: expanded from macro 'INTERNAL_CATCH_SECTION'
 2940 |     if( Catch::Section const& INTERNAL_CATCH_UNIQUE_NAME( catch_internal_Section ) = Catch::SectionInfo( CATCH_INTERNAL_LINEINFO, __VA_ARGS__ ) ) \
      |                               ^
/home/pacha/R/x86_64-pc-linux-gnu-library/4.6/testthat/include/testthat/vendor/catch.hpp:478:85: note: expanded from macro 'INTERNAL_CATCH_UNIQUE_NAME'
  478 | #  define INTERNAL_CATCH_UNIQUE_NAME( name ) INTERNAL_CATCH_UNIQUE_NAME_LINE( name, __COUNTER__ )
      |                                                                                     ^
In file included from main.cpp:53:
./test-logicals.h:84:3: warning: '__COUNTER__' is a C2y extension [-Wc2y-extensions]
   84 |   test_that("logicals.iterator* = ") {
      |   ^
/home/pacha/R/x86_64-pc-linux-gnu-library/4.6/testthat/include/testthat/testthat.h:188:20: note: expanded from macro 'test_that'
  188 | # define test_that CATCH_SECTION
      |                    ^
/home/pacha/R/x86_64-pc-linux-gnu-library/4.6/testthat/include/testthat/vendor/catch.hpp:17627:30: note: expanded from macro 'CATCH_SECTION'
 17627 | #define CATCH_SECTION( ... ) INTERNAL_CATCH_SECTION( __VA_ARGS__ )
       |                              ^
/home/pacha/R/x86_64-pc-linux-gnu-library/4.6/testthat/include/testthat/vendor/catch.hpp:2940:31: note: expanded from macro 'INTERNAL_CATCH_SECTION'
 2940 |     if( Catch::Section const& INTERNAL_CATCH_UNIQUE_NAME( catch_internal_Section ) = Catch::SectionInfo( CATCH_INTERNAL_LINEINFO, __VA_ARGS__ ) ) \
      |                               ^
/home/pacha/R/x86_64-pc-linux-gnu-library/4.6/testthat/include/testthat/vendor/catch.hpp:478:85: note: expanded from macro 'INTERNAL_CATCH_UNIQUE_NAME'
  478 | #  define INTERNAL_CATCH_UNIQUE_NAME( name ) INTERNAL_CATCH_UNIQUE_NAME_LINE( name, __COUNTER__ )
      |                                                                                     ^
In file included from main.cpp:53:
./test-logicals.h:100:3: warning: '__COUNTER__' is a C2y extension [-Wc2y-extensions]
  100 |   test_that("writable::logicals(SEXP)") {
      |   ^
/home/pacha/R/x86_64-pc-linux-gnu-library/4.6/testthat/include/testthat/testthat.h:188:20: note: expanded from macro 'test_that'
  188 | # define test_that CATCH_SECTION
      |                    ^
/home/pacha/R/x86_64-pc-linux-gnu-library/4.6/testthat/include/testthat/vendor/catch.hpp:17627:30: note: expanded from macro 'CATCH_SECTION'
 17627 | #define CATCH_SECTION( ... ) INTERNAL_CATCH_SECTION( __VA_ARGS__ )
       |                              ^
/home/pacha/R/x86_64-pc-linux-gnu-library/4.6/testthat/include/testthat/vendor/catch.hpp:2940:31: note: expanded from macro 'INTERNAL_CATCH_SECTION'
 2940 |     if( Catch::Section const& INTERNAL_CATCH_UNIQUE_NAME( catch_internal_Section ) = Catch::SectionInfo( CATCH_INTERNAL_LINEINFO, __VA_ARGS__ ) ) \
      |                               ^
/home/pacha/R/x86_64-pc-linux-gnu-library/4.6/testthat/include/testthat/vendor/catch.hpp:478:85: note: expanded from macro 'INTERNAL_CATCH_UNIQUE_NAME'
  478 | #  define INTERNAL_CATCH_UNIQUE_NAME( name ) INTERNAL_CATCH_UNIQUE_NAME_LINE( name, __COUNTER__ )
      |                                                                                     ^
In file included from main.cpp:53:
./test-logicals.h:129:3: warning: '__COUNTER__' is a C2y extension [-Wc2y-extensions]
  129 |   test_that("writable::logicals(initializer_list<named_arg>)") {
      |   ^
/home/pacha/R/x86_64-pc-linux-gnu-library/4.6/testthat/include/testthat/testthat.h:188:20: note: expanded from macro 'test_that'
  188 | # define test_that CATCH_SECTION
      |                    ^
/home/pacha/R/x86_64-pc-linux-gnu-library/4.6/testthat/include/testthat/vendor/catch.hpp:17627:30: note: expanded from macro 'CATCH_SECTION'
 17627 | #define CATCH_SECTION( ... ) INTERNAL_CATCH_SECTION( __VA_ARGS__ )
       |                              ^
/home/pacha/R/x86_64-pc-linux-gnu-library/4.6/testthat/include/testthat/vendor/catch.hpp:2940:31: note: expanded from macro 'INTERNAL_CATCH_SECTION'
 2940 |     if( Catch::Section const& INTERNAL_CATCH_UNIQUE_NAME( catch_internal_Section ) = Catch::SectionInfo( CATCH_INTERNAL_LINEINFO, __VA_ARGS__ ) ) \
      |                               ^
/home/pacha/R/x86_64-pc-linux-gnu-library/4.6/testthat/include/testthat/vendor/catch.hpp:478:85: note: expanded from macro 'INTERNAL_CATCH_UNIQUE_NAME'
  478 | #  define INTERNAL_CATCH_UNIQUE_NAME( name ) INTERNAL_CATCH_UNIQUE_NAME_LINE( name, __COUNTER__ )
      |                                                                                     ^
In file included from main.cpp:53:
./test-logicals.h:157:3: warning: '__COUNTER__' is a C2y extension [-Wc2y-extensions]
  157 |   test_that("writable::logicals(initializer_list<named_arg>) type check") {
      |   ^
/home/pacha/R/x86_64-pc-linux-gnu-library/4.6/testthat/include/testthat/testthat.h:188:20: note: expanded from macro 'test_that'
  188 | # define test_that CATCH_SECTION
      |                    ^
/home/pacha/R/x86_64-pc-linux-gnu-library/4.6/testthat/include/testthat/vendor/catch.hpp:17627:30: note: expanded from macro 'CATCH_SECTION'
 17627 | #define CATCH_SECTION( ... ) INTERNAL_CATCH_SECTION( __VA_ARGS__ )
       |                              ^
/home/pacha/R/x86_64-pc-linux-gnu-library/4.6/testthat/include/testthat/vendor/catch.hpp:2940:31: note: expanded from macro 'INTERNAL_CATCH_SECTION'
 2940 |     if( Catch::Section const& INTERNAL_CATCH_UNIQUE_NAME( catch_internal_Section ) = Catch::SectionInfo( CATCH_INTERNAL_LINEINFO, __VA_ARGS__ ) ) \
      |                               ^
/home/pacha/R/x86_64-pc-linux-gnu-library/4.6/testthat/include/testthat/vendor/catch.hpp:478:85: note: expanded from macro 'INTERNAL_CATCH_UNIQUE_NAME'
  478 | #  define INTERNAL_CATCH_UNIQUE_NAME( name ) INTERNAL_CATCH_UNIQUE_NAME_LINE( name, __COUNTER__ )
      |                                                                                     ^
In file included from main.cpp:53:
./test-logicals.h:164:3: warning: '__COUNTER__' is a C2y extension [-Wc2y-extensions]
  164 |   test_that("writable::logicals(initializer_list<named_arg>) length check") {
      |   ^
/home/pacha/R/x86_64-pc-linux-gnu-library/4.6/testthat/include/testthat/testthat.h:188:20: note: expanded from macro 'test_that'
  188 | # define test_that CATCH_SECTION
      |                    ^
/home/pacha/R/x86_64-pc-linux-gnu-library/4.6/testthat/include/testthat/vendor/catch.hpp:17627:30: note: expanded from macro 'CATCH_SECTION'
 17627 | #define CATCH_SECTION( ... ) INTERNAL_CATCH_SECTION( __VA_ARGS__ )
       |                              ^
/home/pacha/R/x86_64-pc-linux-gnu-library/4.6/testthat/include/testthat/vendor/catch.hpp:2940:31: note: expanded from macro 'INTERNAL_CATCH_SECTION'
 2940 |     if( Catch::Section const& INTERNAL_CATCH_UNIQUE_NAME( catch_internal_Section ) = Catch::SectionInfo( CATCH_INTERNAL_LINEINFO, __VA_ARGS__ ) ) \
      |                               ^
/home/pacha/R/x86_64-pc-linux-gnu-library/4.6/testthat/include/testthat/vendor/catch.hpp:478:85: note: expanded from macro 'INTERNAL_CATCH_UNIQUE_NAME'
  478 | #  define INTERNAL_CATCH_UNIQUE_NAME( name ) INTERNAL_CATCH_UNIQUE_NAME_LINE( name, __COUNTER__ )
      |                                                                                     ^
In file included from main.cpp:53:
./test-logicals.h:171:3: warning: '__COUNTER__' is a C2y extension [-Wc2y-extensions]
  171 |   test_that("writable::logicals(initializer_list<r_bool>)") {
      |   ^
/home/pacha/R/x86_64-pc-linux-gnu-library/4.6/testthat/include/testthat/testthat.h:188:20: note: expanded from macro 'test_that'
  188 | # define test_that CATCH_SECTION
      |                    ^
/home/pacha/R/x86_64-pc-linux-gnu-library/4.6/testthat/include/testthat/vendor/catch.hpp:17627:30: note: expanded from macro 'CATCH_SECTION'
 17627 | #define CATCH_SECTION( ... ) INTERNAL_CATCH_SECTION( __VA_ARGS__ )
       |                              ^
/home/pacha/R/x86_64-pc-linux-gnu-library/4.6/testthat/include/testthat/vendor/catch.hpp:2940:31: note: expanded from macro 'INTERNAL_CATCH_SECTION'
 2940 |     if( Catch::Section const& INTERNAL_CATCH_UNIQUE_NAME( catch_internal_Section ) = Catch::SectionInfo( CATCH_INTERNAL_LINEINFO, __VA_ARGS__ ) ) \
      |                               ^
/home/pacha/R/x86_64-pc-linux-gnu-library/4.6/testthat/include/testthat/vendor/catch.hpp:478:85: note: expanded from macro 'INTERNAL_CATCH_UNIQUE_NAME'
  478 | #  define INTERNAL_CATCH_UNIQUE_NAME( name ) INTERNAL_CATCH_UNIQUE_NAME_LINE( name, __COUNTER__ )
      |                                                                                     ^
In file included from main.cpp:53:
./test-logicals.h:191:3: warning: '__COUNTER__' is a C2y extension [-Wc2y-extensions]
  191 |   test_that("is_na(r_bool)") {
      |   ^
/home/pacha/R/x86_64-pc-linux-gnu-library/4.6/testthat/include/testthat/testthat.h:188:20: note: expanded from macro 'test_that'
  188 | # define test_that CATCH_SECTION
      |                    ^
/home/pacha/R/x86_64-pc-linux-gnu-library/4.6/testthat/include/testthat/vendor/catch.hpp:17627:30: note: expanded from macro 'CATCH_SECTION'
 17627 | #define CATCH_SECTION( ... ) INTERNAL_CATCH_SECTION( __VA_ARGS__ )
       |                              ^
/home/pacha/R/x86_64-pc-linux-gnu-library/4.6/testthat/include/testthat/vendor/catch.hpp:2940:31: note: expanded from macro 'INTERNAL_CATCH_SECTION'
 2940 |     if( Catch::Section const& INTERNAL_CATCH_UNIQUE_NAME( catch_internal_Section ) = Catch::SectionInfo( CATCH_INTERNAL_LINEINFO, __VA_ARGS__ ) ) \
      |                               ^
/home/pacha/R/x86_64-pc-linux-gnu-library/4.6/testthat/include/testthat/vendor/catch.hpp:478:85: note: expanded from macro 'INTERNAL_CATCH_UNIQUE_NAME'
  478 | #  define INTERNAL_CATCH_UNIQUE_NAME( name ) INTERNAL_CATCH_UNIQUE_NAME_LINE( name, __COUNTER__ )
      |                                                                                     ^
In file included from main.cpp:53:
./test-logicals.h:199:3: warning: '__COUNTER__' is a C2y extension [-Wc2y-extensions]
  199 |   test_that("FALSE and false") {
      |   ^
/home/pacha/R/x86_64-pc-linux-gnu-library/4.6/testthat/include/testthat/testthat.h:188:20: note: expanded from macro 'test_that'
  188 | # define test_that CATCH_SECTION
      |                    ^
/home/pacha/R/x86_64-pc-linux-gnu-library/4.6/testthat/include/testthat/vendor/catch.hpp:17627:30: note: expanded from macro 'CATCH_SECTION'
 17627 | #define CATCH_SECTION( ... ) INTERNAL_CATCH_SECTION( __VA_ARGS__ )
       |                              ^
/home/pacha/R/x86_64-pc-linux-gnu-library/4.6/testthat/include/testthat/vendor/catch.hpp:2940:31: note: expanded from macro 'INTERNAL_CATCH_SECTION'
 2940 |     if( Catch::Section const& INTERNAL_CATCH_UNIQUE_NAME( catch_internal_Section ) = Catch::SectionInfo( CATCH_INTERNAL_LINEINFO, __VA_ARGS__ ) ) \
      |                               ^
/home/pacha/R/x86_64-pc-linux-gnu-library/4.6/testthat/include/testthat/vendor/catch.hpp:478:85: note: expanded from macro 'INTERNAL_CATCH_UNIQUE_NAME'
  478 | #  define INTERNAL_CATCH_UNIQUE_NAME( name ) INTERNAL_CATCH_UNIQUE_NAME_LINE( name, __COUNTER__ )
      |                                                                                     ^
In file included from main.cpp:54:
./test-matrix.h:3:1: warning: '__COUNTER__' is a C2y extension [-Wc2y-extensions]
    3 | context("matrix-C++") {
      | ^
/home/pacha/R/x86_64-pc-linux-gnu-library/4.6/testthat/include/testthat/testthat.h:187:25: note: expanded from macro 'context'
  187 | # define context(__X__) CATCH_TEST_CASE(__X__ " | " __FILE__)
      |                         ^
/home/pacha/R/x86_64-pc-linux-gnu-library/4.6/testthat/include/testthat/vendor/catch.hpp:17623:32: note: expanded from macro 'CATCH_TEST_CASE'
 17623 | #define CATCH_TEST_CASE( ... ) INTERNAL_CATCH_TESTCASE( __VA_ARGS__ )
       |                                ^
/home/pacha/R/x86_64-pc-linux-gnu-library/4.6/testthat/include/testthat/vendor/catch.hpp:1062:35: note: expanded from macro 'INTERNAL_CATCH_TESTCASE'
 1062 |         INTERNAL_CATCH_TESTCASE2( INTERNAL_CATCH_UNIQUE_NAME( C_A_T_C_H_T_E_S_T_ ), __VA_ARGS__ )
      |                                   ^
/home/pacha/R/x86_64-pc-linux-gnu-library/4.6/testthat/include/testthat/vendor/catch.hpp:478:85: note: expanded from macro 'INTERNAL_CATCH_UNIQUE_NAME'
  478 | #  define INTERNAL_CATCH_UNIQUE_NAME( name ) INTERNAL_CATCH_UNIQUE_NAME_LINE( name, __COUNTER__ )
      |                                                                                     ^
In file included from main.cpp:54:
./test-matrix.h:3:1: warning: '__COUNTER__' is a C2y extension [-Wc2y-extensions]
/home/pacha/R/x86_64-pc-linux-gnu-library/4.6/testthat/include/testthat/testthat.h:187:25: note: expanded from macro 'context'
  187 | # define context(__X__) CATCH_TEST_CASE(__X__ " | " __FILE__)
      |                         ^
/home/pacha/R/x86_64-pc-linux-gnu-library/4.6/testthat/include/testthat/vendor/catch.hpp:17623:32: note: expanded from macro 'CATCH_TEST_CASE'
 17623 | #define CATCH_TEST_CASE( ... ) INTERNAL_CATCH_TESTCASE( __VA_ARGS__ )
       |                                ^
/home/pacha/R/x86_64-pc-linux-gnu-library/4.6/testthat/include/testthat/vendor/catch.hpp:1062:9: note: expanded from macro 'INTERNAL_CATCH_TESTCASE'
 1062 |         INTERNAL_CATCH_TESTCASE2( INTERNAL_CATCH_UNIQUE_NAME( C_A_T_C_H_T_E_S_T_ ), __VA_ARGS__ )
      |         ^
/home/pacha/R/x86_64-pc-linux-gnu-library/4.6/testthat/include/testthat/vendor/catch.hpp:1058:35: note: expanded from macro 'INTERNAL_CATCH_TESTCASE2'
 1058 |         namespace{ Catch::AutoReg INTERNAL_CATCH_UNIQUE_NAME( autoRegistrar )( Catch::makeTestInvoker( &TestName ), CATCH_INTERNAL_LINEINFO, Catch::StringRef(), Catch::NameAndTags{ __VA_ARGS__ } ); } /* NOLINT */ \
      |                                   ^
/home/pacha/R/x86_64-pc-linux-gnu-library/4.6/testthat/include/testthat/vendor/catch.hpp:478:85: note: expanded from macro 'INTERNAL_CATCH_UNIQUE_NAME'
  478 | #  define INTERNAL_CATCH_UNIQUE_NAME( name ) INTERNAL_CATCH_UNIQUE_NAME_LINE( name, __COUNTER__ )
      |                                                                                     ^
In file included from main.cpp:54:
./test-matrix.h:4:3: warning: '__COUNTER__' is a C2y extension [-Wc2y-extensions]
    4 |   test_that("matrix dim attributes are correct for writable matrices") {
      |   ^
/home/pacha/R/x86_64-pc-linux-gnu-library/4.6/testthat/include/testthat/testthat.h:188:20: note: expanded from macro 'test_that'
  188 | # define test_that CATCH_SECTION
      |                    ^
/home/pacha/R/x86_64-pc-linux-gnu-library/4.6/testthat/include/testthat/vendor/catch.hpp:17627:30: note: expanded from macro 'CATCH_SECTION'
 17627 | #define CATCH_SECTION( ... ) INTERNAL_CATCH_SECTION( __VA_ARGS__ )
       |                              ^
/home/pacha/R/x86_64-pc-linux-gnu-library/4.6/testthat/include/testthat/vendor/catch.hpp:2940:31: note: expanded from macro 'INTERNAL_CATCH_SECTION'
 2940 |     if( Catch::Section const& INTERNAL_CATCH_UNIQUE_NAME( catch_internal_Section ) = Catch::SectionInfo( CATCH_INTERNAL_LINEINFO, __VA_ARGS__ ) ) \
      |                               ^
/home/pacha/R/x86_64-pc-linux-gnu-library/4.6/testthat/include/testthat/vendor/catch.hpp:478:85: note: expanded from macro 'INTERNAL_CATCH_UNIQUE_NAME'
  478 | #  define INTERNAL_CATCH_UNIQUE_NAME( name ) INTERNAL_CATCH_UNIQUE_NAME_LINE( name, __COUNTER__ )
      |                                                                                     ^
In file included from main.cpp:54:
./test-matrix.h:22:3: warning: '__COUNTER__' is a C2y extension [-Wc2y-extensions]
   22 |   test_that("matrix dim attributes are correct for read only matrices") {
      |   ^
/home/pacha/R/x86_64-pc-linux-gnu-library/4.6/testthat/include/testthat/testthat.h:188:20: note: expanded from macro 'test_that'
  188 | # define test_that CATCH_SECTION
      |                    ^
/home/pacha/R/x86_64-pc-linux-gnu-library/4.6/testthat/include/testthat/vendor/catch.hpp:17627:30: note: expanded from macro 'CATCH_SECTION'
 17627 | #define CATCH_SECTION( ... ) INTERNAL_CATCH_SECTION( __VA_ARGS__ )
       |                              ^
/home/pacha/R/x86_64-pc-linux-gnu-library/4.6/testthat/include/testthat/vendor/catch.hpp:2940:31: note: expanded from macro 'INTERNAL_CATCH_SECTION'
 2940 |     if( Catch::Section const& INTERNAL_CATCH_UNIQUE_NAME( catch_internal_Section ) = Catch::SectionInfo( CATCH_INTERNAL_LINEINFO, __VA_ARGS__ ) ) \
      |                               ^
/home/pacha/R/x86_64-pc-linux-gnu-library/4.6/testthat/include/testthat/vendor/catch.hpp:478:85: note: expanded from macro 'INTERNAL_CATCH_UNIQUE_NAME'
  478 | #  define INTERNAL_CATCH_UNIQUE_NAME( name ) INTERNAL_CATCH_UNIQUE_NAME_LINE( name, __COUNTER__ )
      |                                                                                     ^
In file included from main.cpp:54:
./test-matrix.h:25:5: warning: '__COUNTER__' is a C2y extension [-Wc2y-extensions]
   25 |     test_that("matrix<by_row> attributes are correct") {
      |     ^
/home/pacha/R/x86_64-pc-linux-gnu-library/4.6/testthat/include/testthat/testthat.h:188:20: note: expanded from macro 'test_that'
  188 | # define test_that CATCH_SECTION
      |                    ^
/home/pacha/R/x86_64-pc-linux-gnu-library/4.6/testthat/include/testthat/vendor/catch.hpp:17627:30: note: expanded from macro 'CATCH_SECTION'
 17627 | #define CATCH_SECTION( ... ) INTERNAL_CATCH_SECTION( __VA_ARGS__ )
       |                              ^
/home/pacha/R/x86_64-pc-linux-gnu-library/4.6/testthat/include/testthat/vendor/catch.hpp:2940:31: note: expanded from macro 'INTERNAL_CATCH_SECTION'
 2940 |     if( Catch::Section const& INTERNAL_CATCH_UNIQUE_NAME( catch_internal_Section ) = Catch::SectionInfo( CATCH_INTERNAL_LINEINFO, __VA_ARGS__ ) ) \
      |                               ^
/home/pacha/R/x86_64-pc-linux-gnu-library/4.6/testthat/include/testthat/vendor/catch.hpp:478:85: note: expanded from macro 'INTERNAL_CATCH_UNIQUE_NAME'
  478 | #  define INTERNAL_CATCH_UNIQUE_NAME( name ) INTERNAL_CATCH_UNIQUE_NAME_LINE( name, __COUNTER__ )
      |                                                                                     ^
In file included from main.cpp:54:
./test-matrix.h:39:5: warning: '__COUNTER__' is a C2y extension [-Wc2y-extensions]
   39 |     test_that("matrix<by_column> attributes are correct") {
      |     ^
/home/pacha/R/x86_64-pc-linux-gnu-library/4.6/testthat/include/testthat/testthat.h:188:20: note: expanded from macro 'test_that'
  188 | # define test_that CATCH_SECTION
      |                    ^
/home/pacha/R/x86_64-pc-linux-gnu-library/4.6/testthat/include/testthat/vendor/catch.hpp:17627:30: note: expanded from macro 'CATCH_SECTION'
 17627 | #define CATCH_SECTION( ... ) INTERNAL_CATCH_SECTION( __VA_ARGS__ )
       |                              ^
/home/pacha/R/x86_64-pc-linux-gnu-library/4.6/testthat/include/testthat/vendor/catch.hpp:2940:31: note: expanded from macro 'INTERNAL_CATCH_SECTION'
 2940 |     if( Catch::Section const& INTERNAL_CATCH_UNIQUE_NAME( catch_internal_Section ) = Catch::SectionInfo( CATCH_INTERNAL_LINEINFO, __VA_ARGS__ ) ) \
      |                               ^
/home/pacha/R/x86_64-pc-linux-gnu-library/4.6/testthat/include/testthat/vendor/catch.hpp:478:85: note: expanded from macro 'INTERNAL_CATCH_UNIQUE_NAME'
  478 | #  define INTERNAL_CATCH_UNIQUE_NAME( name ) INTERNAL_CATCH_UNIQUE_NAME_LINE( name, __COUNTER__ )
      |                                                                                     ^
In file included from main.cpp:54:
./test-matrix.h:55:3: warning: '__COUNTER__' is a C2y extension [-Wc2y-extensions]
   55 |   test_that("row based subsetting works") {
      |   ^
/home/pacha/R/x86_64-pc-linux-gnu-library/4.6/testthat/include/testthat/testthat.h:188:20: note: expanded from macro 'test_that'
  188 | # define test_that CATCH_SECTION
      |                    ^
/home/pacha/R/x86_64-pc-linux-gnu-library/4.6/testthat/include/testthat/vendor/catch.hpp:17627:30: note: expanded from macro 'CATCH_SECTION'
 17627 | #define CATCH_SECTION( ... ) INTERNAL_CATCH_SECTION( __VA_ARGS__ )
       |                              ^
/home/pacha/R/x86_64-pc-linux-gnu-library/4.6/testthat/include/testthat/vendor/catch.hpp:2940:31: note: expanded from macro 'INTERNAL_CATCH_SECTION'
 2940 |     if( Catch::Section const& INTERNAL_CATCH_UNIQUE_NAME( catch_internal_Section ) = Catch::SectionInfo( CATCH_INTERNAL_LINEINFO, __VA_ARGS__ ) ) \
      |                               ^
/home/pacha/R/x86_64-pc-linux-gnu-library/4.6/testthat/include/testthat/vendor/catch.hpp:478:85: note: expanded from macro 'INTERNAL_CATCH_UNIQUE_NAME'
  478 | #  define INTERNAL_CATCH_UNIQUE_NAME( name ) INTERNAL_CATCH_UNIQUE_NAME_LINE( name, __COUNTER__ )
      |                                                                                     ^
In file included from main.cpp:54:
./test-matrix.h:71:3: warning: '__COUNTER__' is a C2y extension [-Wc2y-extensions]
   71 |   test_that("column based subsetting works") {
      |   ^
/home/pacha/R/x86_64-pc-linux-gnu-library/4.6/testthat/include/testthat/testthat.h:188:20: note: expanded from macro 'test_that'
  188 | # define test_that CATCH_SECTION
      |                    ^
/home/pacha/R/x86_64-pc-linux-gnu-library/4.6/testthat/include/testthat/vendor/catch.hpp:17627:30: note: expanded from macro 'CATCH_SECTION'
 17627 | #define CATCH_SECTION( ... ) INTERNAL_CATCH_SECTION( __VA_ARGS__ )
       |                              ^
/home/pacha/R/x86_64-pc-linux-gnu-library/4.6/testthat/include/testthat/vendor/catch.hpp:2940:31: note: expanded from macro 'INTERNAL_CATCH_SECTION'
 2940 |     if( Catch::Section const& INTERNAL_CATCH_UNIQUE_NAME( catch_internal_Section ) = Catch::SectionInfo( CATCH_INTERNAL_LINEINFO, __VA_ARGS__ ) ) \
      |                               ^
/home/pacha/R/x86_64-pc-linux-gnu-library/4.6/testthat/include/testthat/vendor/catch.hpp:478:85: note: expanded from macro 'INTERNAL_CATCH_UNIQUE_NAME'
  478 | #  define INTERNAL_CATCH_UNIQUE_NAME( name ) INTERNAL_CATCH_UNIQUE_NAME_LINE( name, __COUNTER__ )
      |                                                                                     ^
In file included from main.cpp:54:
./test-matrix.h:87:3: warning: '__COUNTER__' is a C2y extension [-Wc2y-extensions]
   87 |   test_that("index based subsetting works") {
      |   ^
/home/pacha/R/x86_64-pc-linux-gnu-library/4.6/testthat/include/testthat/testthat.h:188:20: note: expanded from macro 'test_that'
  188 | # define test_that CATCH_SECTION
      |                    ^
/home/pacha/R/x86_64-pc-linux-gnu-library/4.6/testthat/include/testthat/vendor/catch.hpp:17627:30: note: expanded from macro 'CATCH_SECTION'
 17627 | #define CATCH_SECTION( ... ) INTERNAL_CATCH_SECTION( __VA_ARGS__ )
       |                              ^
/home/pacha/R/x86_64-pc-linux-gnu-library/4.6/testthat/include/testthat/vendor/catch.hpp:2940:31: note: expanded from macro 'INTERNAL_CATCH_SECTION'
 2940 |     if( Catch::Section const& INTERNAL_CATCH_UNIQUE_NAME( catch_internal_Section ) = Catch::SectionInfo( CATCH_INTERNAL_LINEINFO, __VA_ARGS__ ) ) \
      |                               ^
/home/pacha/R/x86_64-pc-linux-gnu-library/4.6/testthat/include/testthat/vendor/catch.hpp:478:85: note: expanded from macro 'INTERNAL_CATCH_UNIQUE_NAME'
  478 | #  define INTERNAL_CATCH_UNIQUE_NAME( name ) INTERNAL_CATCH_UNIQUE_NAME_LINE( name, __COUNTER__ )
      |                                                                                     ^
In file included from main.cpp:54:
./test-matrix.h:101:3: warning: '__COUNTER__' is a C2y extension [-Wc2y-extensions]
  101 |   test_that("copy constructor works for read only matrices") {
      |   ^
/home/pacha/R/x86_64-pc-linux-gnu-library/4.6/testthat/include/testthat/testthat.h:188:20: note: expanded from macro 'test_that'
  188 | # define test_that CATCH_SECTION
      |                    ^
/home/pacha/R/x86_64-pc-linux-gnu-library/4.6/testthat/include/testthat/vendor/catch.hpp:17627:30: note: expanded from macro 'CATCH_SECTION'
 17627 | #define CATCH_SECTION( ... ) INTERNAL_CATCH_SECTION( __VA_ARGS__ )
       |                              ^
/home/pacha/R/x86_64-pc-linux-gnu-library/4.6/testthat/include/testthat/vendor/catch.hpp:2940:31: note: expanded from macro 'INTERNAL_CATCH_SECTION'
 2940 |     if( Catch::Section const& INTERNAL_CATCH_UNIQUE_NAME( catch_internal_Section ) = Catch::SectionInfo( CATCH_INTERNAL_LINEINFO, __VA_ARGS__ ) ) \
      |                               ^
/home/pacha/R/x86_64-pc-linux-gnu-library/4.6/testthat/include/testthat/vendor/catch.hpp:478:85: note: expanded from macro 'INTERNAL_CATCH_UNIQUE_NAME'
  478 | #  define INTERNAL_CATCH_UNIQUE_NAME( name ) INTERNAL_CATCH_UNIQUE_NAME_LINE( name, __COUNTER__ )
      |                                                                                     ^
In file included from main.cpp:54:
./test-matrix.h:118:3: warning: '__COUNTER__' is a C2y extension [-Wc2y-extensions]
  118 |   test_that("copy constructor works for writable matrices") {
      |   ^
/home/pacha/R/x86_64-pc-linux-gnu-library/4.6/testthat/include/testthat/testthat.h:188:20: note: expanded from macro 'test_that'
  188 | # define test_that CATCH_SECTION
      |                    ^
/home/pacha/R/x86_64-pc-linux-gnu-library/4.6/testthat/include/testthat/vendor/catch.hpp:17627:30: note: expanded from macro 'CATCH_SECTION'
 17627 | #define CATCH_SECTION( ... ) INTERNAL_CATCH_SECTION( __VA_ARGS__ )
       |                              ^
/home/pacha/R/x86_64-pc-linux-gnu-library/4.6/testthat/include/testthat/vendor/catch.hpp:2940:31: note: expanded from macro 'INTERNAL_CATCH_SECTION'
 2940 |     if( Catch::Section const& INTERNAL_CATCH_UNIQUE_NAME( catch_internal_Section ) = Catch::SectionInfo( CATCH_INTERNAL_LINEINFO, __VA_ARGS__ ) ) \
      |                               ^
/home/pacha/R/x86_64-pc-linux-gnu-library/4.6/testthat/include/testthat/vendor/catch.hpp:478:85: note: expanded from macro 'INTERNAL_CATCH_UNIQUE_NAME'
  478 | #  define INTERNAL_CATCH_UNIQUE_NAME( name ) INTERNAL_CATCH_UNIQUE_NAME_LINE( name, __COUNTER__ )
      |                                                                                     ^
In file included from main.cpp:54:
./test-matrix.h:150:3: warning: '__COUNTER__' is a C2y extension [-Wc2y-extensions]
  150 |   test_that("copy constructor is not enabled across vector types") {
      |   ^
/home/pacha/R/x86_64-pc-linux-gnu-library/4.6/testthat/include/testthat/testthat.h:188:20: note: expanded from macro 'test_that'
  188 | # define test_that CATCH_SECTION
      |                    ^
/home/pacha/R/x86_64-pc-linux-gnu-library/4.6/testthat/include/testthat/vendor/catch.hpp:17627:30: note: expanded from macro 'CATCH_SECTION'
 17627 | #define CATCH_SECTION( ... ) INTERNAL_CATCH_SECTION( __VA_ARGS__ )
       |                              ^
/home/pacha/R/x86_64-pc-linux-gnu-library/4.6/testthat/include/testthat/vendor/catch.hpp:2940:31: note: expanded from macro 'INTERNAL_CATCH_SECTION'
 2940 |     if( Catch::Section const& INTERNAL_CATCH_UNIQUE_NAME( catch_internal_Section ) = Catch::SectionInfo( CATCH_INTERNAL_LINEINFO, __VA_ARGS__ ) ) \
      |                               ^
/home/pacha/R/x86_64-pc-linux-gnu-library/4.6/testthat/include/testthat/vendor/catch.hpp:478:85: note: expanded from macro 'INTERNAL_CATCH_UNIQUE_NAME'
  478 | #  define INTERNAL_CATCH_UNIQUE_NAME( name ) INTERNAL_CATCH_UNIQUE_NAME_LINE( name, __COUNTER__ )
      |                                                                                     ^
In file included from main.cpp:54:
./test-matrix.h:155:3: warning: '__COUNTER__' is a C2y extension [-Wc2y-extensions]
  155 |   test_that("doubles_matrix implicitly coerces integer matrix to double") {
      |   ^
/home/pacha/R/x86_64-pc-linux-gnu-library/4.6/testthat/include/testthat/testthat.h:188:20: note: expanded from macro 'test_that'
  188 | # define test_that CATCH_SECTION
      |                    ^
/home/pacha/R/x86_64-pc-linux-gnu-library/4.6/testthat/include/testthat/vendor/catch.hpp:17627:30: note: expanded from macro 'CATCH_SECTION'
 17627 | #define CATCH_SECTION( ... ) INTERNAL_CATCH_SECTION( __VA_ARGS__ )
       |                              ^
/home/pacha/R/x86_64-pc-linux-gnu-library/4.6/testthat/include/testthat/vendor/catch.hpp:2940:31: note: expanded from macro 'INTERNAL_CATCH_SECTION'
 2940 |     if( Catch::Section const& INTERNAL_CATCH_UNIQUE_NAME( catch_internal_Section ) = Catch::SectionInfo( CATCH_INTERNAL_LINEINFO, __VA_ARGS__ ) ) \
      |                               ^
/home/pacha/R/x86_64-pc-linux-gnu-library/4.6/testthat/include/testthat/vendor/catch.hpp:478:85: note: expanded from macro 'INTERNAL_CATCH_UNIQUE_NAME'
  478 | #  define INTERNAL_CATCH_UNIQUE_NAME( name ) INTERNAL_CATCH_UNIQUE_NAME_LINE( name, __COUNTER__ )
      |                                                                                     ^
In file included from main.cpp:54:
./test-matrix.h:183:3: warning: '__COUNTER__' is a C2y extension [-Wc2y-extensions]
  183 |   test_that("doubles_matrix implicit coercion handles NA values correctly") {
      |   ^
/home/pacha/R/x86_64-pc-linux-gnu-library/4.6/testthat/include/testthat/testthat.h:188:20: note: expanded from macro 'test_that'
  188 | # define test_that CATCH_SECTION
      |                    ^
/home/pacha/R/x86_64-pc-linux-gnu-library/4.6/testthat/include/testthat/vendor/catch.hpp:17627:30: note: expanded from macro 'CATCH_SECTION'
 17627 | #define CATCH_SECTION( ... ) INTERNAL_CATCH_SECTION( __VA_ARGS__ )
       |                              ^
/home/pacha/R/x86_64-pc-linux-gnu-library/4.6/testthat/include/testthat/vendor/catch.hpp:2940:31: note: expanded from macro 'INTERNAL_CATCH_SECTION'
 2940 |     if( Catch::Section const& INTERNAL_CATCH_UNIQUE_NAME( catch_internal_Section ) = Catch::SectionInfo( CATCH_INTERNAL_LINEINFO, __VA_ARGS__ ) ) \
      |                               ^
/home/pacha/R/x86_64-pc-linux-gnu-library/4.6/testthat/include/testthat/vendor/catch.hpp:478:85: note: expanded from macro 'INTERNAL_CATCH_UNIQUE_NAME'
  478 | #  define INTERNAL_CATCH_UNIQUE_NAME( name ) INTERNAL_CATCH_UNIQUE_NAME_LINE( name, __COUNTER__ )
      |                                                                                     ^
In file included from main.cpp:54:
./test-matrix.h:200:3: warning: '__COUNTER__' is a C2y extension [-Wc2y-extensions]
  200 |   test_that("doubles_matrix implicit coercion preserves dimnames") {
      |   ^
/home/pacha/R/x86_64-pc-linux-gnu-library/4.6/testthat/include/testthat/testthat.h:188:20: note: expanded from macro 'test_that'
  188 | # define test_that CATCH_SECTION
      |                    ^
/home/pacha/R/x86_64-pc-linux-gnu-library/4.6/testthat/include/testthat/vendor/catch.hpp:17627:30: note: expanded from macro 'CATCH_SECTION'
 17627 | #define CATCH_SECTION( ... ) INTERNAL_CATCH_SECTION( __VA_ARGS__ )
       |                              ^
/home/pacha/R/x86_64-pc-linux-gnu-library/4.6/testthat/include/testthat/vendor/catch.hpp:2940:31: note: expanded from macro 'INTERNAL_CATCH_SECTION'
 2940 |     if( Catch::Section const& INTERNAL_CATCH_UNIQUE_NAME( catch_internal_Section ) = Catch::SectionInfo( CATCH_INTERNAL_LINEINFO, __VA_ARGS__ ) ) \
      |                               ^
/home/pacha/R/x86_64-pc-linux-gnu-library/4.6/testthat/include/testthat/vendor/catch.hpp:478:85: note: expanded from macro 'INTERNAL_CATCH_UNIQUE_NAME'
  478 | #  define INTERNAL_CATCH_UNIQUE_NAME( name ) INTERNAL_CATCH_UNIQUE_NAME_LINE( name, __COUNTER__ )
      |                                                                                     ^
In file included from main.cpp:54:
./test-matrix.h:238:3: warning: '__COUNTER__' is a C2y extension [-Wc2y-extensions]
  238 |   test_that("doubles_matrix implicitly coerces logical matrix") {
      |   ^
/home/pacha/R/x86_64-pc-linux-gnu-library/4.6/testthat/include/testthat/testthat.h:188:20: note: expanded from macro 'test_that'
  188 | # define test_that CATCH_SECTION
      |                    ^
/home/pacha/R/x86_64-pc-linux-gnu-library/4.6/testthat/include/testthat/vendor/catch.hpp:17627:30: note: expanded from macro 'CATCH_SECTION'
 17627 | #define CATCH_SECTION( ... ) INTERNAL_CATCH_SECTION( __VA_ARGS__ )
       |                              ^
/home/pacha/R/x86_64-pc-linux-gnu-library/4.6/testthat/include/testthat/vendor/catch.hpp:2940:31: note: expanded from macro 'INTERNAL_CATCH_SECTION'
 2940 |     if( Catch::Section const& INTERNAL_CATCH_UNIQUE_NAME( catch_internal_Section ) = Catch::SectionInfo( CATCH_INTERNAL_LINEINFO, __VA_ARGS__ ) ) \
      |                               ^
/home/pacha/R/x86_64-pc-linux-gnu-library/4.6/testthat/include/testthat/vendor/catch.hpp:478:85: note: expanded from macro 'INTERNAL_CATCH_UNIQUE_NAME'
  478 | #  define INTERNAL_CATCH_UNIQUE_NAME( name ) INTERNAL_CATCH_UNIQUE_NAME_LINE( name, __COUNTER__ )
      |                                                                                     ^
In file included from main.cpp:54:
./test-matrix.h:255:3: warning: '__COUNTER__' is a C2y extension [-Wc2y-extensions]
  255 |   test_that("doubles_matrix rejects incompatible types") {
      |   ^
/home/pacha/R/x86_64-pc-linux-gnu-library/4.6/testthat/include/testthat/testthat.h:188:20: note: expanded from macro 'test_that'
  188 | # define test_that CATCH_SECTION
      |                    ^
/home/pacha/R/x86_64-pc-linux-gnu-library/4.6/testthat/include/testthat/vendor/catch.hpp:17627:30: note: expanded from macro 'CATCH_SECTION'
 17627 | #define CATCH_SECTION( ... ) INTERNAL_CATCH_SECTION( __VA_ARGS__ )
       |                              ^
/home/pacha/R/x86_64-pc-linux-gnu-library/4.6/testthat/include/testthat/vendor/catch.hpp:2940:31: note: expanded from macro 'INTERNAL_CATCH_SECTION'
 2940 |     if( Catch::Section const& INTERNAL_CATCH_UNIQUE_NAME( catch_internal_Section ) = Catch::SectionInfo( CATCH_INTERNAL_LINEINFO, __VA_ARGS__ ) ) \
      |                               ^
/home/pacha/R/x86_64-pc-linux-gnu-library/4.6/testthat/include/testthat/vendor/catch.hpp:478:85: note: expanded from macro 'INTERNAL_CATCH_UNIQUE_NAME'
  478 | #  define INTERNAL_CATCH_UNIQUE_NAME( name ) INTERNAL_CATCH_UNIQUE_NAME_LINE( name, __COUNTER__ )
      |                                                                                     ^
In file included from main.cpp:54:
./test-matrix.h:261:3: warning: '__COUNTER__' is a C2y extension [-Wc2y-extensions]
  261 |   test_that("integers_matrix implicitly coerces logical matrix") {
      |   ^
/home/pacha/R/x86_64-pc-linux-gnu-library/4.6/testthat/include/testthat/testthat.h:188:20: note: expanded from macro 'test_that'
  188 | # define test_that CATCH_SECTION
      |                    ^
/home/pacha/R/x86_64-pc-linux-gnu-library/4.6/testthat/include/testthat/vendor/catch.hpp:17627:30: note: expanded from macro 'CATCH_SECTION'
 17627 | #define CATCH_SECTION( ... ) INTERNAL_CATCH_SECTION( __VA_ARGS__ )
       |                              ^
/home/pacha/R/x86_64-pc-linux-gnu-library/4.6/testthat/include/testthat/vendor/catch.hpp:2940:31: note: expanded from macro 'INTERNAL_CATCH_SECTION'
 2940 |     if( Catch::Section const& INTERNAL_CATCH_UNIQUE_NAME( catch_internal_Section ) = Catch::SectionInfo( CATCH_INTERNAL_LINEINFO, __VA_ARGS__ ) ) \
      |                               ^
/home/pacha/R/x86_64-pc-linux-gnu-library/4.6/testthat/include/testthat/vendor/catch.hpp:478:85: note: expanded from macro 'INTERNAL_CATCH_UNIQUE_NAME'
  478 | #  define INTERNAL_CATCH_UNIQUE_NAME( name ) INTERNAL_CATCH_UNIQUE_NAME_LINE( name, __COUNTER__ )
      |                                                                                     ^
In file included from main.cpp:54:
./test-matrix.h:278:3: warning: '__COUNTER__' is a C2y extension [-Wc2y-extensions]
  278 |   test_that("integers_matrix rejects double matrix (narrowing)") {
      |   ^
/home/pacha/R/x86_64-pc-linux-gnu-library/4.6/testthat/include/testthat/testthat.h:188:20: note: expanded from macro 'test_that'
  188 | # define test_that CATCH_SECTION
      |                    ^
/home/pacha/R/x86_64-pc-linux-gnu-library/4.6/testthat/include/testthat/vendor/catch.hpp:17627:30: note: expanded from macro 'CATCH_SECTION'
 17627 | #define CATCH_SECTION( ... ) INTERNAL_CATCH_SECTION( __VA_ARGS__ )
       |                              ^
/home/pacha/R/x86_64-pc-linux-gnu-library/4.6/testthat/include/testthat/vendor/catch.hpp:2940:31: note: expanded from macro 'INTERNAL_CATCH_SECTION'
 2940 |     if( Catch::Section const& INTERNAL_CATCH_UNIQUE_NAME( catch_internal_Section ) = Catch::SectionInfo( CATCH_INTERNAL_LINEINFO, __VA_ARGS__ ) ) \
      |                               ^
/home/pacha/R/x86_64-pc-linux-gnu-library/4.6/testthat/include/testthat/vendor/catch.hpp:478:85: note: expanded from macro 'INTERNAL_CATCH_UNIQUE_NAME'
  478 | #  define INTERNAL_CATCH_UNIQUE_NAME( name ) INTERNAL_CATCH_UNIQUE_NAME_LINE( name, __COUNTER__ )
      |                                                                                     ^
In file included from main.cpp:54:
./test-matrix.h:291:3: warning: '__COUNTER__' is a C2y extension [-Wc2y-extensions]
  291 |   test_that("complexes_matrix implicitly coerces double matrix") {
      |   ^
/home/pacha/R/x86_64-pc-linux-gnu-library/4.6/testthat/include/testthat/testthat.h:188:20: note: expanded from macro 'test_that'
  188 | # define test_that CATCH_SECTION
      |                    ^
/home/pacha/R/x86_64-pc-linux-gnu-library/4.6/testthat/include/testthat/vendor/catch.hpp:17627:30: note: expanded from macro 'CATCH_SECTION'
 17627 | #define CATCH_SECTION( ... ) INTERNAL_CATCH_SECTION( __VA_ARGS__ )
       |                              ^
/home/pacha/R/x86_64-pc-linux-gnu-library/4.6/testthat/include/testthat/vendor/catch.hpp:2940:31: note: expanded from macro 'INTERNAL_CATCH_SECTION'
 2940 |     if( Catch::Section const& INTERNAL_CATCH_UNIQUE_NAME( catch_internal_Section ) = Catch::SectionInfo( CATCH_INTERNAL_LINEINFO, __VA_ARGS__ ) ) \
      |                               ^
/home/pacha/R/x86_64-pc-linux-gnu-library/4.6/testthat/include/testthat/vendor/catch.hpp:478:85: note: expanded from macro 'INTERNAL_CATCH_UNIQUE_NAME'
  478 | #  define INTERNAL_CATCH_UNIQUE_NAME( name ) INTERNAL_CATCH_UNIQUE_NAME_LINE( name, __COUNTER__ )
      |                                                                                     ^
In file included from main.cpp:54:
./test-matrix.h:314:3: warning: '__COUNTER__' is a C2y extension [-Wc2y-extensions]
  314 |   test_that("complexes_matrix implicitly coerces integer matrix") {
      |   ^
/home/pacha/R/x86_64-pc-linux-gnu-library/4.6/testthat/include/testthat/testthat.h:188:20: note: expanded from macro 'test_that'
  188 | # define test_that CATCH_SECTION
      |                    ^
/home/pacha/R/x86_64-pc-linux-gnu-library/4.6/testthat/include/testthat/vendor/catch.hpp:17627:30: note: expanded from macro 'CATCH_SECTION'
 17627 | #define CATCH_SECTION( ... ) INTERNAL_CATCH_SECTION( __VA_ARGS__ )
       |                              ^
/home/pacha/R/x86_64-pc-linux-gnu-library/4.6/testthat/include/testthat/vendor/catch.hpp:2940:31: note: expanded from macro 'INTERNAL_CATCH_SECTION'
 2940 |     if( Catch::Section const& INTERNAL_CATCH_UNIQUE_NAME( catch_internal_Section ) = Catch::SectionInfo( CATCH_INTERNAL_LINEINFO, __VA_ARGS__ ) ) \
      |                               ^
/home/pacha/R/x86_64-pc-linux-gnu-library/4.6/testthat/include/testthat/vendor/catch.hpp:478:85: note: expanded from macro 'INTERNAL_CATCH_UNIQUE_NAME'
  478 | #  define INTERNAL_CATCH_UNIQUE_NAME( name ) INTERNAL_CATCH_UNIQUE_NAME_LINE( name, __COUNTER__ )
      |                                                                                     ^
In file included from main.cpp:55:
./test-matrix_advanced.h:3:1: warning: '__COUNTER__' is a C2y extension [-Wc2y-extensions]
    3 | context("matrix-advanced-C++") {
      | ^
/home/pacha/R/x86_64-pc-linux-gnu-library/4.6/testthat/include/testthat/testthat.h:187:25: note: expanded from macro 'context'
  187 | # define context(__X__) CATCH_TEST_CASE(__X__ " | " __FILE__)
      |                         ^
/home/pacha/R/x86_64-pc-linux-gnu-library/4.6/testthat/include/testthat/vendor/catch.hpp:17623:32: note: expanded from macro 'CATCH_TEST_CASE'
 17623 | #define CATCH_TEST_CASE( ... ) INTERNAL_CATCH_TESTCASE( __VA_ARGS__ )
       |                                ^
/home/pacha/R/x86_64-pc-linux-gnu-library/4.6/testthat/include/testthat/vendor/catch.hpp:1062:35: note: expanded from macro 'INTERNAL_CATCH_TESTCASE'
 1062 |         INTERNAL_CATCH_TESTCASE2( INTERNAL_CATCH_UNIQUE_NAME( C_A_T_C_H_T_E_S_T_ ), __VA_ARGS__ )
      |                                   ^
/home/pacha/R/x86_64-pc-linux-gnu-library/4.6/testthat/include/testthat/vendor/catch.hpp:478:85: note: expanded from macro 'INTERNAL_CATCH_UNIQUE_NAME'
  478 | #  define INTERNAL_CATCH_UNIQUE_NAME( name ) INTERNAL_CATCH_UNIQUE_NAME_LINE( name, __COUNTER__ )
      |                                                                                     ^
In file included from main.cpp:55:
./test-matrix_advanced.h:3:1: warning: '__COUNTER__' is a C2y extension [-Wc2y-extensions]
/home/pacha/R/x86_64-pc-linux-gnu-library/4.6/testthat/include/testthat/testthat.h:187:25: note: expanded from macro 'context'
  187 | # define context(__X__) CATCH_TEST_CASE(__X__ " | " __FILE__)
      |                         ^
/home/pacha/R/x86_64-pc-linux-gnu-library/4.6/testthat/include/testthat/vendor/catch.hpp:17623:32: note: expanded from macro 'CATCH_TEST_CASE'
 17623 | #define CATCH_TEST_CASE( ... ) INTERNAL_CATCH_TESTCASE( __VA_ARGS__ )
       |                                ^
/home/pacha/R/x86_64-pc-linux-gnu-library/4.6/testthat/include/testthat/vendor/catch.hpp:1062:9: note: expanded from macro 'INTERNAL_CATCH_TESTCASE'
 1062 |         INTERNAL_CATCH_TESTCASE2( INTERNAL_CATCH_UNIQUE_NAME( C_A_T_C_H_T_E_S_T_ ), __VA_ARGS__ )
      |         ^
/home/pacha/R/x86_64-pc-linux-gnu-library/4.6/testthat/include/testthat/vendor/catch.hpp:1058:35: note: expanded from macro 'INTERNAL_CATCH_TESTCASE2'
 1058 |         namespace{ Catch::AutoReg INTERNAL_CATCH_UNIQUE_NAME( autoRegistrar )( Catch::makeTestInvoker( &TestName ), CATCH_INTERNAL_LINEINFO, Catch::StringRef(), Catch::NameAndTags{ __VA_ARGS__ } ); } /* NOLINT */ \
      |                                   ^
/home/pacha/R/x86_64-pc-linux-gnu-library/4.6/testthat/include/testthat/vendor/catch.hpp:478:85: note: expanded from macro 'INTERNAL_CATCH_UNIQUE_NAME'
  478 | #  define INTERNAL_CATCH_UNIQUE_NAME( name ) INTERNAL_CATCH_UNIQUE_NAME_LINE( name, __COUNTER__ )
      |                                                                                     ^
In file included from main.cpp:55:
./test-matrix_advanced.h:4:3: warning: '__COUNTER__' is a C2y extension [-Wc2y-extensions]
    4 |   test_that("integers_matrix works") {
      |   ^
/home/pacha/R/x86_64-pc-linux-gnu-library/4.6/testthat/include/testthat/testthat.h:188:20: note: expanded from macro 'test_that'
  188 | # define test_that CATCH_SECTION
      |                    ^
/home/pacha/R/x86_64-pc-linux-gnu-library/4.6/testthat/include/testthat/vendor/catch.hpp:17627:30: note: expanded from macro 'CATCH_SECTION'
 17627 | #define CATCH_SECTION( ... ) INTERNAL_CATCH_SECTION( __VA_ARGS__ )
       |                              ^
/home/pacha/R/x86_64-pc-linux-gnu-library/4.6/testthat/include/testthat/vendor/catch.hpp:2940:31: note: expanded from macro 'INTERNAL_CATCH_SECTION'
 2940 |     if( Catch::Section const& INTERNAL_CATCH_UNIQUE_NAME( catch_internal_Section ) = Catch::SectionInfo( CATCH_INTERNAL_LINEINFO, __VA_ARGS__ ) ) \
      |                               ^
/home/pacha/R/x86_64-pc-linux-gnu-library/4.6/testthat/include/testthat/vendor/catch.hpp:478:85: note: expanded from macro 'INTERNAL_CATCH_UNIQUE_NAME'
  478 | #  define INTERNAL_CATCH_UNIQUE_NAME( name ) INTERNAL_CATCH_UNIQUE_NAME_LINE( name, __COUNTER__ )
      |                                                                                     ^
In file included from main.cpp:55:
./test-matrix_advanced.h:19:3: warning: '__COUNTER__' is a C2y extension [-Wc2y-extensions]
   19 |   test_that("logicals_matrix works") {
      |   ^
/home/pacha/R/x86_64-pc-linux-gnu-library/4.6/testthat/include/testthat/testthat.h:188:20: note: expanded from macro 'test_that'
  188 | # define test_that CATCH_SECTION
      |                    ^
/home/pacha/R/x86_64-pc-linux-gnu-library/4.6/testthat/include/testthat/vendor/catch.hpp:17627:30: note: expanded from macro 'CATCH_SECTION'
 17627 | #define CATCH_SECTION( ... ) INTERNAL_CATCH_SECTION( __VA_ARGS__ )
       |                              ^
/home/pacha/R/x86_64-pc-linux-gnu-library/4.6/testthat/include/testthat/vendor/catch.hpp:2940:31: note: expanded from macro 'INTERNAL_CATCH_SECTION'
 2940 |     if( Catch::Section const& INTERNAL_CATCH_UNIQUE_NAME( catch_internal_Section ) = Catch::SectionInfo( CATCH_INTERNAL_LINEINFO, __VA_ARGS__ ) ) \
      |                               ^
/home/pacha/R/x86_64-pc-linux-gnu-library/4.6/testthat/include/testthat/vendor/catch.hpp:478:85: note: expanded from macro 'INTERNAL_CATCH_UNIQUE_NAME'
  478 | #  define INTERNAL_CATCH_UNIQUE_NAME( name ) INTERNAL_CATCH_UNIQUE_NAME_LINE( name, __COUNTER__ )
      |                                                                                     ^
In file included from main.cpp:55:
./test-matrix_advanced.h:30:3: warning: '__COUNTER__' is a C2y extension [-Wc2y-extensions]
   30 |   test_that("strings_matrix works") {
      |   ^
/home/pacha/R/x86_64-pc-linux-gnu-library/4.6/testthat/include/testthat/testthat.h:188:20: note: expanded from macro 'test_that'
  188 | # define test_that CATCH_SECTION
      |                    ^
/home/pacha/R/x86_64-pc-linux-gnu-library/4.6/testthat/include/testthat/vendor/catch.hpp:17627:30: note: expanded from macro 'CATCH_SECTION'
 17627 | #define CATCH_SECTION( ... ) INTERNAL_CATCH_SECTION( __VA_ARGS__ )
       |                              ^
/home/pacha/R/x86_64-pc-linux-gnu-library/4.6/testthat/include/testthat/vendor/catch.hpp:2940:31: note: expanded from macro 'INTERNAL_CATCH_SECTION'
 2940 |     if( Catch::Section const& INTERNAL_CATCH_UNIQUE_NAME( catch_internal_Section ) = Catch::SectionInfo( CATCH_INTERNAL_LINEINFO, __VA_ARGS__ ) ) \
      |                               ^
/home/pacha/R/x86_64-pc-linux-gnu-library/4.6/testthat/include/testthat/vendor/catch.hpp:478:85: note: expanded from macro 'INTERNAL_CATCH_UNIQUE_NAME'
  478 | #  define INTERNAL_CATCH_UNIQUE_NAME( name ) INTERNAL_CATCH_UNIQUE_NAME_LINE( name, __COUNTER__ )
      |                                                                                     ^
In file included from main.cpp:55:
./test-matrix_advanced.h:43:3: warning: '__COUNTER__' is a C2y extension [-Wc2y-extensions]
   43 |   test_that("complexes_matrix works") {
      |   ^
/home/pacha/R/x86_64-pc-linux-gnu-library/4.6/testthat/include/testthat/testthat.h:188:20: note: expanded from macro 'test_that'
  188 | # define test_that CATCH_SECTION
      |                    ^
/home/pacha/R/x86_64-pc-linux-gnu-library/4.6/testthat/include/testthat/vendor/catch.hpp:17627:30: note: expanded from macro 'CATCH_SECTION'
 17627 | #define CATCH_SECTION( ... ) INTERNAL_CATCH_SECTION( __VA_ARGS__ )
       |                              ^
/home/pacha/R/x86_64-pc-linux-gnu-library/4.6/testthat/include/testthat/vendor/catch.hpp:2940:31: note: expanded from macro 'INTERNAL_CATCH_SECTION'
 2940 |     if( Catch::Section const& INTERNAL_CATCH_UNIQUE_NAME( catch_internal_Section ) = Catch::SectionInfo( CATCH_INTERNAL_LINEINFO, __VA_ARGS__ ) ) \
      |                               ^
/home/pacha/R/x86_64-pc-linux-gnu-library/4.6/testthat/include/testthat/vendor/catch.hpp:478:85: note: expanded from macro 'INTERNAL_CATCH_UNIQUE_NAME'
  478 | #  define INTERNAL_CATCH_UNIQUE_NAME( name ) INTERNAL_CATCH_UNIQUE_NAME_LINE( name, __COUNTER__ )
      |                                                                                     ^
In file included from main.cpp:55:
./test-matrix_advanced.h:52:3: warning: '__COUNTER__' is a C2y extension [-Wc2y-extensions]
   52 |   test_that("matrix slice iteration") {
      |   ^
/home/pacha/R/x86_64-pc-linux-gnu-library/4.6/testthat/include/testthat/testthat.h:188:20: note: expanded from macro 'test_that'
  188 | # define test_that CATCH_SECTION
      |                    ^
/home/pacha/R/x86_64-pc-linux-gnu-library/4.6/testthat/include/testthat/vendor/catch.hpp:17627:30: note: expanded from macro 'CATCH_SECTION'
 17627 | #define CATCH_SECTION( ... ) INTERNAL_CATCH_SECTION( __VA_ARGS__ )
       |                              ^
/home/pacha/R/x86_64-pc-linux-gnu-library/4.6/testthat/include/testthat/vendor/catch.hpp:2940:31: note: expanded from macro 'INTERNAL_CATCH_SECTION'
 2940 |     if( Catch::Section const& INTERNAL_CATCH_UNIQUE_NAME( catch_internal_Section ) = Catch::SectionInfo( CATCH_INTERNAL_LINEINFO, __VA_ARGS__ ) ) \
      |                               ^
/home/pacha/R/x86_64-pc-linux-gnu-library/4.6/testthat/include/testthat/vendor/catch.hpp:478:85: note: expanded from macro 'INTERNAL_CATCH_UNIQUE_NAME'
  478 | #  define INTERNAL_CATCH_UNIQUE_NAME( name ) INTERNAL_CATCH_UNIQUE_NAME_LINE( name, __COUNTER__ )
      |                                                                                     ^
In file included from main.cpp:55:
./test-matrix_advanced.h:64:3: warning: '__COUNTER__' is a C2y extension [-Wc2y-extensions]
   64 |   test_that("matrix slice element iteration") {
      |   ^
/home/pacha/R/x86_64-pc-linux-gnu-library/4.6/testthat/include/testthat/testthat.h:188:20: note: expanded from macro 'test_that'
  188 | # define test_that CATCH_SECTION
      |                    ^
/home/pacha/R/x86_64-pc-linux-gnu-library/4.6/testthat/include/testthat/vendor/catch.hpp:17627:30: note: expanded from macro 'CATCH_SECTION'
 17627 | #define CATCH_SECTION( ... ) INTERNAL_CATCH_SECTION( __VA_ARGS__ )
       |                              ^
/home/pacha/R/x86_64-pc-linux-gnu-library/4.6/testthat/include/testthat/vendor/catch.hpp:2940:31: note: expanded from macro 'INTERNAL_CATCH_SECTION'
 2940 |     if( Catch::Section const& INTERNAL_CATCH_UNIQUE_NAME( catch_internal_Section ) = Catch::SectionInfo( CATCH_INTERNAL_LINEINFO, __VA_ARGS__ ) ) \
      |                               ^
/home/pacha/R/x86_64-pc-linux-gnu-library/4.6/testthat/include/testthat/vendor/catch.hpp:478:85: note: expanded from macro 'INTERNAL_CATCH_UNIQUE_NAME'
  478 | #  define INTERNAL_CATCH_UNIQUE_NAME( name ) INTERNAL_CATCH_UNIQUE_NAME_LINE( name, __COUNTER__ )
      |                                                                                     ^
In file included from main.cpp:55:
./test-matrix_advanced.h:84:3: warning: '__COUNTER__' is a C2y extension [-Wc2y-extensions]
   84 |   test_that("matrix attr operations") {
      |   ^
/home/pacha/R/x86_64-pc-linux-gnu-library/4.6/testthat/include/testthat/testthat.h:188:20: note: expanded from macro 'test_that'
  188 | # define test_that CATCH_SECTION
      |                    ^
/home/pacha/R/x86_64-pc-linux-gnu-library/4.6/testthat/include/testthat/vendor/catch.hpp:17627:30: note: expanded from macro 'CATCH_SECTION'
 17627 | #define CATCH_SECTION( ... ) INTERNAL_CATCH_SECTION( __VA_ARGS__ )
       |                              ^
/home/pacha/R/x86_64-pc-linux-gnu-library/4.6/testthat/include/testthat/vendor/catch.hpp:2940:31: note: expanded from macro 'INTERNAL_CATCH_SECTION'
 2940 |     if( Catch::Section const& INTERNAL_CATCH_UNIQUE_NAME( catch_internal_Section ) = Catch::SectionInfo( CATCH_INTERNAL_LINEINFO, __VA_ARGS__ ) ) \
      |                               ^
/home/pacha/R/x86_64-pc-linux-gnu-library/4.6/testthat/include/testthat/vendor/catch.hpp:478:85: note: expanded from macro 'INTERNAL_CATCH_UNIQUE_NAME'
  478 | #  define INTERNAL_CATCH_UNIQUE_NAME( name ) INTERNAL_CATCH_UNIQUE_NAME_LINE( name, __COUNTER__ )
      |                                                                                     ^
In file included from main.cpp:55:
./test-matrix_advanced.h:92:3: warning: '__COUNTER__' is a C2y extension [-Wc2y-extensions]
   92 |   test_that("matrix attr with initializer_list") {
      |   ^
/home/pacha/R/x86_64-pc-linux-gnu-library/4.6/testthat/include/testthat/testthat.h:188:20: note: expanded from macro 'test_that'
  188 | # define test_that CATCH_SECTION
      |                    ^
/home/pacha/R/x86_64-pc-linux-gnu-library/4.6/testthat/include/testthat/vendor/catch.hpp:17627:30: note: expanded from macro 'CATCH_SECTION'
 17627 | #define CATCH_SECTION( ... ) INTERNAL_CATCH_SECTION( __VA_ARGS__ )
       |                              ^
/home/pacha/R/x86_64-pc-linux-gnu-library/4.6/testthat/include/testthat/vendor/catch.hpp:2940:31: note: expanded from macro 'INTERNAL_CATCH_SECTION'
 2940 |     if( Catch::Section const& INTERNAL_CATCH_UNIQUE_NAME( catch_internal_Section ) = Catch::SectionInfo( CATCH_INTERNAL_LINEINFO, __VA_ARGS__ ) ) \
      |                               ^
/home/pacha/R/x86_64-pc-linux-gnu-library/4.6/testthat/include/testthat/vendor/catch.hpp:478:85: note: expanded from macro 'INTERNAL_CATCH_UNIQUE_NAME'
  478 | #  define INTERNAL_CATCH_UNIQUE_NAME( name ) INTERNAL_CATCH_UNIQUE_NAME_LINE( name, __COUNTER__ )
      |                                                                                     ^
In file included from main.cpp:56:
./test-named_arg.h:3:1: warning: '__COUNTER__' is a C2y extension [-Wc2y-extensions]
    3 | context("named_arg-C++") {
      | ^
/home/pacha/R/x86_64-pc-linux-gnu-library/4.6/testthat/include/testthat/testthat.h:187:25: note: expanded from macro 'context'
  187 | # define context(__X__) CATCH_TEST_CASE(__X__ " | " __FILE__)
      |                         ^
/home/pacha/R/x86_64-pc-linux-gnu-library/4.6/testthat/include/testthat/vendor/catch.hpp:17623:32: note: expanded from macro 'CATCH_TEST_CASE'
 17623 | #define CATCH_TEST_CASE( ... ) INTERNAL_CATCH_TESTCASE( __VA_ARGS__ )
       |                                ^
/home/pacha/R/x86_64-pc-linux-gnu-library/4.6/testthat/include/testthat/vendor/catch.hpp:1062:35: note: expanded from macro 'INTERNAL_CATCH_TESTCASE'
 1062 |         INTERNAL_CATCH_TESTCASE2( INTERNAL_CATCH_UNIQUE_NAME( C_A_T_C_H_T_E_S_T_ ), __VA_ARGS__ )
      |                                   ^
/home/pacha/R/x86_64-pc-linux-gnu-library/4.6/testthat/include/testthat/vendor/catch.hpp:478:85: note: expanded from macro 'INTERNAL_CATCH_UNIQUE_NAME'
  478 | #  define INTERNAL_CATCH_UNIQUE_NAME( name ) INTERNAL_CATCH_UNIQUE_NAME_LINE( name, __COUNTER__ )
      |                                                                                     ^
In file included from main.cpp:56:
./test-named_arg.h:3:1: warning: '__COUNTER__' is a C2y extension [-Wc2y-extensions]
/home/pacha/R/x86_64-pc-linux-gnu-library/4.6/testthat/include/testthat/testthat.h:187:25: note: expanded from macro 'context'
  187 | # define context(__X__) CATCH_TEST_CASE(__X__ " | " __FILE__)
      |                         ^
/home/pacha/R/x86_64-pc-linux-gnu-library/4.6/testthat/include/testthat/vendor/catch.hpp:17623:32: note: expanded from macro 'CATCH_TEST_CASE'
 17623 | #define CATCH_TEST_CASE( ... ) INTERNAL_CATCH_TESTCASE( __VA_ARGS__ )
       |                                ^
/home/pacha/R/x86_64-pc-linux-gnu-library/4.6/testthat/include/testthat/vendor/catch.hpp:1062:9: note: expanded from macro 'INTERNAL_CATCH_TESTCASE'
 1062 |         INTERNAL_CATCH_TESTCASE2( INTERNAL_CATCH_UNIQUE_NAME( C_A_T_C_H_T_E_S_T_ ), __VA_ARGS__ )
      |         ^
/home/pacha/R/x86_64-pc-linux-gnu-library/4.6/testthat/include/testthat/vendor/catch.hpp:1058:35: note: expanded from macro 'INTERNAL_CATCH_TESTCASE2'
 1058 |         namespace{ Catch::AutoReg INTERNAL_CATCH_UNIQUE_NAME( autoRegistrar )( Catch::makeTestInvoker( &TestName ), CATCH_INTERNAL_LINEINFO, Catch::StringRef(), Catch::NameAndTags{ __VA_ARGS__ } ); } /* NOLINT */ \
      |                                   ^
/home/pacha/R/x86_64-pc-linux-gnu-library/4.6/testthat/include/testthat/vendor/catch.hpp:478:85: note: expanded from macro 'INTERNAL_CATCH_UNIQUE_NAME'
  478 | #  define INTERNAL_CATCH_UNIQUE_NAME( name ) INTERNAL_CATCH_UNIQUE_NAME_LINE( name, __COUNTER__ )
      |                                                                                     ^
In file included from main.cpp:56:
./test-named_arg.h:4:3: warning: '__COUNTER__' is a C2y extension [-Wc2y-extensions]
    4 |   test_that("named_arg with constructor value") {
      |   ^
/home/pacha/R/x86_64-pc-linux-gnu-library/4.6/testthat/include/testthat/testthat.h:188:20: note: expanded from macro 'test_that'
  188 | # define test_that CATCH_SECTION
      |                    ^
/home/pacha/R/x86_64-pc-linux-gnu-library/4.6/testthat/include/testthat/vendor/catch.hpp:17627:30: note: expanded from macro 'CATCH_SECTION'
 17627 | #define CATCH_SECTION( ... ) INTERNAL_CATCH_SECTION( __VA_ARGS__ )
       |                              ^
/home/pacha/R/x86_64-pc-linux-gnu-library/4.6/testthat/include/testthat/vendor/catch.hpp:2940:31: note: expanded from macro 'INTERNAL_CATCH_SECTION'
 2940 |     if( Catch::Section const& INTERNAL_CATCH_UNIQUE_NAME( catch_internal_Section ) = Catch::SectionInfo( CATCH_INTERNAL_LINEINFO, __VA_ARGS__ ) ) \
      |                               ^
/home/pacha/R/x86_64-pc-linux-gnu-library/4.6/testthat/include/testthat/vendor/catch.hpp:478:85: note: expanded from macro 'INTERNAL_CATCH_UNIQUE_NAME'
  478 | #  define INTERNAL_CATCH_UNIQUE_NAME( name ) INTERNAL_CATCH_UNIQUE_NAME_LINE( name, __COUNTER__ )
      |                                                                                     ^
In file included from main.cpp:56:
./test-named_arg.h:12:3: warning: '__COUNTER__' is a C2y extension [-Wc2y-extensions]
   12 |   test_that("named_arg with initializer_list") {
      |   ^
/home/pacha/R/x86_64-pc-linux-gnu-library/4.6/testthat/include/testthat/testthat.h:188:20: note: expanded from macro 'test_that'
  188 | # define test_that CATCH_SECTION
      |                    ^
/home/pacha/R/x86_64-pc-linux-gnu-library/4.6/testthat/include/testthat/vendor/catch.hpp:17627:30: note: expanded from macro 'CATCH_SECTION'
 17627 | #define CATCH_SECTION( ... ) INTERNAL_CATCH_SECTION( __VA_ARGS__ )
       |                              ^
/home/pacha/R/x86_64-pc-linux-gnu-library/4.6/testthat/include/testthat/vendor/catch.hpp:2940:31: note: expanded from macro 'INTERNAL_CATCH_SECTION'
 2940 |     if( Catch::Section const& INTERNAL_CATCH_UNIQUE_NAME( catch_internal_Section ) = Catch::SectionInfo( CATCH_INTERNAL_LINEINFO, __VA_ARGS__ ) ) \
      |                               ^
/home/pacha/R/x86_64-pc-linux-gnu-library/4.6/testthat/include/testthat/vendor/catch.hpp:478:85: note: expanded from macro 'INTERNAL_CATCH_UNIQUE_NAME'
  478 | #  define INTERNAL_CATCH_UNIQUE_NAME( name ) INTERNAL_CATCH_UNIQUE_NAME_LINE( name, __COUNTER__ )
      |                                                                                     ^
In file included from main.cpp:56:
./test-named_arg.h:22:3: warning: '__COUNTER__' is a C2y extension [-Wc2y-extensions]
   22 |   test_that("named_arg literal with assignment") {
      |   ^
/home/pacha/R/x86_64-pc-linux-gnu-library/4.6/testthat/include/testthat/testthat.h:188:20: note: expanded from macro 'test_that'
  188 | # define test_that CATCH_SECTION
      |                    ^
/home/pacha/R/x86_64-pc-linux-gnu-library/4.6/testthat/include/testthat/vendor/catch.hpp:17627:30: note: expanded from macro 'CATCH_SECTION'
 17627 | #define CATCH_SECTION( ... ) INTERNAL_CATCH_SECTION( __VA_ARGS__ )
       |                              ^
/home/pacha/R/x86_64-pc-linux-gnu-library/4.6/testthat/include/testthat/vendor/catch.hpp:2940:31: note: expanded from macro 'INTERNAL_CATCH_SECTION'
 2940 |     if( Catch::Section const& INTERNAL_CATCH_UNIQUE_NAME( catch_internal_Section ) = Catch::SectionInfo( CATCH_INTERNAL_LINEINFO, __VA_ARGS__ ) ) \
      |                               ^
/home/pacha/R/x86_64-pc-linux-gnu-library/4.6/testthat/include/testthat/vendor/catch.hpp:478:85: note: expanded from macro 'INTERNAL_CATCH_UNIQUE_NAME'
  478 | #  define INTERNAL_CATCH_UNIQUE_NAME( name ) INTERNAL_CATCH_UNIQUE_NAME_LINE( name, __COUNTER__ )
      |                                                                                     ^
In file included from main.cpp:57:
./test-nas.h:3:1: warning: '__COUNTER__' is a C2y extension [-Wc2y-extensions]
    3 | context("nas-C++") {
      | ^
/home/pacha/R/x86_64-pc-linux-gnu-library/4.6/testthat/include/testthat/testthat.h:187:25: note: expanded from macro 'context'
  187 | # define context(__X__) CATCH_TEST_CASE(__X__ " | " __FILE__)
      |                         ^
/home/pacha/R/x86_64-pc-linux-gnu-library/4.6/testthat/include/testthat/vendor/catch.hpp:17623:32: note: expanded from macro 'CATCH_TEST_CASE'
 17623 | #define CATCH_TEST_CASE( ... ) INTERNAL_CATCH_TESTCASE( __VA_ARGS__ )
       |                                ^
/home/pacha/R/x86_64-pc-linux-gnu-library/4.6/testthat/include/testthat/vendor/catch.hpp:1062:35: note: expanded from macro 'INTERNAL_CATCH_TESTCASE'
 1062 |         INTERNAL_CATCH_TESTCASE2( INTERNAL_CATCH_UNIQUE_NAME( C_A_T_C_H_T_E_S_T_ ), __VA_ARGS__ )
      |                                   ^
/home/pacha/R/x86_64-pc-linux-gnu-library/4.6/testthat/include/testthat/vendor/catch.hpp:478:85: note: expanded from macro 'INTERNAL_CATCH_UNIQUE_NAME'
  478 | #  define INTERNAL_CATCH_UNIQUE_NAME( name ) INTERNAL_CATCH_UNIQUE_NAME_LINE( name, __COUNTER__ )
      |                                                                                     ^
In file included from main.cpp:57:
./test-nas.h:3:1: warning: '__COUNTER__' is a C2y extension [-Wc2y-extensions]
/home/pacha/R/x86_64-pc-linux-gnu-library/4.6/testthat/include/testthat/testthat.h:187:25: note: expanded from macro 'context'
  187 | # define context(__X__) CATCH_TEST_CASE(__X__ " | " __FILE__)
      |                         ^
/home/pacha/R/x86_64-pc-linux-gnu-library/4.6/testthat/include/testthat/vendor/catch.hpp:17623:32: note: expanded from macro 'CATCH_TEST_CASE'
 17623 | #define CATCH_TEST_CASE( ... ) INTERNAL_CATCH_TESTCASE( __VA_ARGS__ )
       |                                ^
/home/pacha/R/x86_64-pc-linux-gnu-library/4.6/testthat/include/testthat/vendor/catch.hpp:1062:9: note: expanded from macro 'INTERNAL_CATCH_TESTCASE'
 1062 |         INTERNAL_CATCH_TESTCASE2( INTERNAL_CATCH_UNIQUE_NAME( C_A_T_C_H_T_E_S_T_ ), __VA_ARGS__ )
      |         ^
/home/pacha/R/x86_64-pc-linux-gnu-library/4.6/testthat/include/testthat/vendor/catch.hpp:1058:35: note: expanded from macro 'INTERNAL_CATCH_TESTCASE2'
 1058 |         namespace{ Catch::AutoReg INTERNAL_CATCH_UNIQUE_NAME( autoRegistrar )( Catch::makeTestInvoker( &TestName ), CATCH_INTERNAL_LINEINFO, Catch::StringRef(), Catch::NameAndTags{ __VA_ARGS__ } ); } /* NOLINT */ \
      |                                   ^
/home/pacha/R/x86_64-pc-linux-gnu-library/4.6/testthat/include/testthat/vendor/catch.hpp:478:85: note: expanded from macro 'INTERNAL_CATCH_UNIQUE_NAME'
  478 | #  define INTERNAL_CATCH_UNIQUE_NAME( name ) INTERNAL_CATCH_UNIQUE_NAME_LINE( name, __COUNTER__ )
      |                                                                                     ^
In file included from main.cpp:57:
./test-nas.h:4:3: warning: '__COUNTER__' is a C2y extension [-Wc2y-extensions]
    4 |   test_that("na integer") { expect_true(cpp4r::na<int>() == NA_INTEGER); }
      |   ^
/home/pacha/R/x86_64-pc-linux-gnu-library/4.6/testthat/include/testthat/testthat.h:188:20: note: expanded from macro 'test_that'
  188 | # define test_that CATCH_SECTION
      |                    ^
/home/pacha/R/x86_64-pc-linux-gnu-library/4.6/testthat/include/testthat/vendor/catch.hpp:17627:30: note: expanded from macro 'CATCH_SECTION'
 17627 | #define CATCH_SECTION( ... ) INTERNAL_CATCH_SECTION( __VA_ARGS__ )
       |                              ^
/home/pacha/R/x86_64-pc-linux-gnu-library/4.6/testthat/include/testthat/vendor/catch.hpp:2940:31: note: expanded from macro 'INTERNAL_CATCH_SECTION'
 2940 |     if( Catch::Section const& INTERNAL_CATCH_UNIQUE_NAME( catch_internal_Section ) = Catch::SectionInfo( CATCH_INTERNAL_LINEINFO, __VA_ARGS__ ) ) \
      |                               ^
/home/pacha/R/x86_64-pc-linux-gnu-library/4.6/testthat/include/testthat/vendor/catch.hpp:478:85: note: expanded from macro 'INTERNAL_CATCH_UNIQUE_NAME'
  478 | #  define INTERNAL_CATCH_UNIQUE_NAME( name ) INTERNAL_CATCH_UNIQUE_NAME_LINE( name, __COUNTER__ )
      |                                                                                     ^
In file included from main.cpp:57:
./test-nas.h:5:3: warning: '__COUNTER__' is a C2y extension [-Wc2y-extensions]
    5 |   test_that("na double") { expect_true(ISNA(cpp4r::na<double>())); }
      |   ^
/home/pacha/R/x86_64-pc-linux-gnu-library/4.6/testthat/include/testthat/testthat.h:188:20: note: expanded from macro 'test_that'
  188 | # define test_that CATCH_SECTION
      |                    ^
/home/pacha/R/x86_64-pc-linux-gnu-library/4.6/testthat/include/testthat/vendor/catch.hpp:17627:30: note: expanded from macro 'CATCH_SECTION'
 17627 | #define CATCH_SECTION( ... ) INTERNAL_CATCH_SECTION( __VA_ARGS__ )
       |                              ^
/home/pacha/R/x86_64-pc-linux-gnu-library/4.6/testthat/include/testthat/vendor/catch.hpp:2940:31: note: expanded from macro 'INTERNAL_CATCH_SECTION'
 2940 |     if( Catch::Section const& INTERNAL_CATCH_UNIQUE_NAME( catch_internal_Section ) = Catch::SectionInfo( CATCH_INTERNAL_LINEINFO, __VA_ARGS__ ) ) \
      |                               ^
/home/pacha/R/x86_64-pc-linux-gnu-library/4.6/testthat/include/testthat/vendor/catch.hpp:478:85: note: expanded from macro 'INTERNAL_CATCH_UNIQUE_NAME'
  478 | #  define INTERNAL_CATCH_UNIQUE_NAME( name ) INTERNAL_CATCH_UNIQUE_NAME_LINE( name, __COUNTER__ )
      |                                                                                     ^
In file included from main.cpp:57:
./test-nas.h:6:3: warning: '__COUNTER__' is a C2y extension [-Wc2y-extensions]
    6 |   test_that("na bool") { expect_true(cpp4r::na<cpp4r::r_bool>() == NA_LOGICAL); }
      |   ^
/home/pacha/R/x86_64-pc-linux-gnu-library/4.6/testthat/include/testthat/testthat.h:188:20: note: expanded from macro 'test_that'
  188 | # define test_that CATCH_SECTION
      |                    ^
/home/pacha/R/x86_64-pc-linux-gnu-library/4.6/testthat/include/testthat/vendor/catch.hpp:17627:30: note: expanded from macro 'CATCH_SECTION'
 17627 | #define CATCH_SECTION( ... ) INTERNAL_CATCH_SECTION( __VA_ARGS__ )
       |                              ^
/home/pacha/R/x86_64-pc-linux-gnu-library/4.6/testthat/include/testthat/vendor/catch.hpp:2940:31: note: expanded from macro 'INTERNAL_CATCH_SECTION'
 2940 |     if( Catch::Section const& INTERNAL_CATCH_UNIQUE_NAME( catch_internal_Section ) = Catch::SectionInfo( CATCH_INTERNAL_LINEINFO, __VA_ARGS__ ) ) \
      |                               ^
/home/pacha/R/x86_64-pc-linux-gnu-library/4.6/testthat/include/testthat/vendor/catch.hpp:478:85: note: expanded from macro 'INTERNAL_CATCH_UNIQUE_NAME'
  478 | #  define INTERNAL_CATCH_UNIQUE_NAME( name ) INTERNAL_CATCH_UNIQUE_NAME_LINE( name, __COUNTER__ )
      |                                                                                     ^
In file included from main.cpp:57:
./test-nas.h:7:3: warning: '__COUNTER__' is a C2y extension [-Wc2y-extensions]
    7 |   test_that("na string") { expect_true(cpp4r::na<cpp4r::r_string>() == NA_STRING); }
      |   ^
/home/pacha/R/x86_64-pc-linux-gnu-library/4.6/testthat/include/testthat/testthat.h:188:20: note: expanded from macro 'test_that'
  188 | # define test_that CATCH_SECTION
      |                    ^
/home/pacha/R/x86_64-pc-linux-gnu-library/4.6/testthat/include/testthat/vendor/catch.hpp:17627:30: note: expanded from macro 'CATCH_SECTION'
 17627 | #define CATCH_SECTION( ... ) INTERNAL_CATCH_SECTION( __VA_ARGS__ )
       |                              ^
/home/pacha/R/x86_64-pc-linux-gnu-library/4.6/testthat/include/testthat/vendor/catch.hpp:2940:31: note: expanded from macro 'INTERNAL_CATCH_SECTION'
 2940 |     if( Catch::Section const& INTERNAL_CATCH_UNIQUE_NAME( catch_internal_Section ) = Catch::SectionInfo( CATCH_INTERNAL_LINEINFO, __VA_ARGS__ ) ) \
      |                               ^
/home/pacha/R/x86_64-pc-linux-gnu-library/4.6/testthat/include/testthat/vendor/catch.hpp:478:85: note: expanded from macro 'INTERNAL_CATCH_UNIQUE_NAME'
  478 | #  define INTERNAL_CATCH_UNIQUE_NAME( name ) INTERNAL_CATCH_UNIQUE_NAME_LINE( name, __COUNTER__ )
      |                                                                                     ^
In file included from main.cpp:58:
./test-pairlist.h:3:1: warning: '__COUNTER__' is a C2y extension [-Wc2y-extensions]
    3 | context("pairlist-C++") {
      | ^
/home/pacha/R/x86_64-pc-linux-gnu-library/4.6/testthat/include/testthat/testthat.h:187:25: note: expanded from macro 'context'
  187 | # define context(__X__) CATCH_TEST_CASE(__X__ " | " __FILE__)
      |                         ^
/home/pacha/R/x86_64-pc-linux-gnu-library/4.6/testthat/include/testthat/vendor/catch.hpp:17623:32: note: expanded from macro 'CATCH_TEST_CASE'
 17623 | #define CATCH_TEST_CASE( ... ) INTERNAL_CATCH_TESTCASE( __VA_ARGS__ )
       |                                ^
/home/pacha/R/x86_64-pc-linux-gnu-library/4.6/testthat/include/testthat/vendor/catch.hpp:1062:35: note: expanded from macro 'INTERNAL_CATCH_TESTCASE'
 1062 |         INTERNAL_CATCH_TESTCASE2( INTERNAL_CATCH_UNIQUE_NAME( C_A_T_C_H_T_E_S_T_ ), __VA_ARGS__ )
      |                                   ^
/home/pacha/R/x86_64-pc-linux-gnu-library/4.6/testthat/include/testthat/vendor/catch.hpp:478:85: note: expanded from macro 'INTERNAL_CATCH_UNIQUE_NAME'
  478 | #  define INTERNAL_CATCH_UNIQUE_NAME( name ) INTERNAL_CATCH_UNIQUE_NAME_LINE( name, __COUNTER__ )
      |                                                                                     ^
In file included from main.cpp:58:
./test-pairlist.h:3:1: warning: '__COUNTER__' is a C2y extension [-Wc2y-extensions]
/home/pacha/R/x86_64-pc-linux-gnu-library/4.6/testthat/include/testthat/testthat.h:187:25: note: expanded from macro 'context'
  187 | # define context(__X__) CATCH_TEST_CASE(__X__ " | " __FILE__)
      |                         ^
/home/pacha/R/x86_64-pc-linux-gnu-library/4.6/testthat/include/testthat/vendor/catch.hpp:17623:32: note: expanded from macro 'CATCH_TEST_CASE'
 17623 | #define CATCH_TEST_CASE( ... ) INTERNAL_CATCH_TESTCASE( __VA_ARGS__ )
       |                                ^
/home/pacha/R/x86_64-pc-linux-gnu-library/4.6/testthat/include/testthat/vendor/catch.hpp:1062:9: note: expanded from macro 'INTERNAL_CATCH_TESTCASE'
 1062 |         INTERNAL_CATCH_TESTCASE2( INTERNAL_CATCH_UNIQUE_NAME( C_A_T_C_H_T_E_S_T_ ), __VA_ARGS__ )
      |         ^
/home/pacha/R/x86_64-pc-linux-gnu-library/4.6/testthat/include/testthat/vendor/catch.hpp:1058:35: note: expanded from macro 'INTERNAL_CATCH_TESTCASE2'
 1058 |         namespace{ Catch::AutoReg INTERNAL_CATCH_UNIQUE_NAME( autoRegistrar )( Catch::makeTestInvoker( &TestName ), CATCH_INTERNAL_LINEINFO, Catch::StringRef(), Catch::NameAndTags{ __VA_ARGS__ } ); } /* NOLINT */ \
      |                                   ^
/home/pacha/R/x86_64-pc-linux-gnu-library/4.6/testthat/include/testthat/vendor/catch.hpp:478:85: note: expanded from macro 'INTERNAL_CATCH_UNIQUE_NAME'
  478 | #  define INTERNAL_CATCH_UNIQUE_NAME( name ) INTERNAL_CATCH_UNIQUE_NAME_LINE( name, __COUNTER__ )
      |                                                                                     ^
In file included from main.cpp:58:
./test-pairlist.h:4:3: warning: '__COUNTER__' is a C2y extension [-Wc2y-extensions]
    4 |   test_that("pairlist(R_NilValue) is empty") {
      |   ^
/home/pacha/R/x86_64-pc-linux-gnu-library/4.6/testthat/include/testthat/testthat.h:188:20: note: expanded from macro 'test_that'
  188 | # define test_that CATCH_SECTION
      |                    ^
/home/pacha/R/x86_64-pc-linux-gnu-library/4.6/testthat/include/testthat/vendor/catch.hpp:17627:30: note: expanded from macro 'CATCH_SECTION'
 17627 | #define CATCH_SECTION( ... ) INTERNAL_CATCH_SECTION( __VA_ARGS__ )
       |                              ^
/home/pacha/R/x86_64-pc-linux-gnu-library/4.6/testthat/include/testthat/vendor/catch.hpp:2940:31: note: expanded from macro 'INTERNAL_CATCH_SECTION'
 2940 |     if( Catch::Section const& INTERNAL_CATCH_UNIQUE_NAME( catch_internal_Section ) = Catch::SectionInfo( CATCH_INTERNAL_LINEINFO, __VA_ARGS__ ) ) \
      |                               ^
/home/pacha/R/x86_64-pc-linux-gnu-library/4.6/testthat/include/testthat/vendor/catch.hpp:478:85: note: expanded from macro 'INTERNAL_CATCH_UNIQUE_NAME'
  478 | #  define INTERNAL_CATCH_UNIQUE_NAME( name ) INTERNAL_CATCH_UNIQUE_NAME_LINE( name, __COUNTER__ )
      |                                                                                     ^
In file included from main.cpp:58:
./test-pairlist.h:12:3: warning: '__COUNTER__' is a C2y extension [-Wc2y-extensions]
   12 |   test_that("pairlist(R_MissingArg) is treated as empty") {
      |   ^
/home/pacha/R/x86_64-pc-linux-gnu-library/4.6/testthat/include/testthat/testthat.h:188:20: note: expanded from macro 'test_that'
  188 | # define test_that CATCH_SECTION
      |                    ^
/home/pacha/R/x86_64-pc-linux-gnu-library/4.6/testthat/include/testthat/vendor/catch.hpp:17627:30: note: expanded from macro 'CATCH_SECTION'
 17627 | #define CATCH_SECTION( ... ) INTERNAL_CATCH_SECTION( __VA_ARGS__ )
       |                              ^
/home/pacha/R/x86_64-pc-linux-gnu-library/4.6/testthat/include/testthat/vendor/catch.hpp:2940:31: note: expanded from macro 'INTERNAL_CATCH_SECTION'
 2940 |     if( Catch::Section const& INTERNAL_CATCH_UNIQUE_NAME( catch_internal_Section ) = Catch::SectionInfo( CATCH_INTERNAL_LINEINFO, __VA_ARGS__ ) ) \
      |                               ^
/home/pacha/R/x86_64-pc-linux-gnu-library/4.6/testthat/include/testthat/vendor/catch.hpp:478:85: note: expanded from macro 'INTERNAL_CATCH_UNIQUE_NAME'
  478 | #  define INTERNAL_CATCH_UNIQUE_NAME( name ) INTERNAL_CATCH_UNIQUE_NAME_LINE( name, __COUNTER__ )
      |                                                                                     ^
In file included from main.cpp:58:
./test-pairlist.h:19:3: warning: '__COUNTER__' is a C2y extension [-Wc2y-extensions]
   19 |   test_that("pairlist iterates over a single unnamed element") {
      |   ^
/home/pacha/R/x86_64-pc-linux-gnu-library/4.6/testthat/include/testthat/testthat.h:188:20: note: expanded from macro 'test_that'
  188 | # define test_that CATCH_SECTION
      |                    ^
/home/pacha/R/x86_64-pc-linux-gnu-library/4.6/testthat/include/testthat/vendor/catch.hpp:17627:30: note: expanded from macro 'CATCH_SECTION'
 17627 | #define CATCH_SECTION( ... ) INTERNAL_CATCH_SECTION( __VA_ARGS__ )
       |                              ^
/home/pacha/R/x86_64-pc-linux-gnu-library/4.6/testthat/include/testthat/vendor/catch.hpp:2940:31: note: expanded from macro 'INTERNAL_CATCH_SECTION'
 2940 |     if( Catch::Section const& INTERNAL_CATCH_UNIQUE_NAME( catch_internal_Section ) = Catch::SectionInfo( CATCH_INTERNAL_LINEINFO, __VA_ARGS__ ) ) \
      |                               ^
/home/pacha/R/x86_64-pc-linux-gnu-library/4.6/testthat/include/testthat/vendor/catch.hpp:478:85: note: expanded from macro 'INTERNAL_CATCH_UNIQUE_NAME'
  478 | #  define INTERNAL_CATCH_UNIQUE_NAME( name ) INTERNAL_CATCH_UNIQUE_NAME_LINE( name, __COUNTER__ )
      |                                                                                     ^
In file included from main.cpp:58:
./test-pairlist.h:39:3: warning: '__COUNTER__' is a C2y extension [-Wc2y-extensions]
   39 |   test_that("pairlist iterates over named elements") {
      |   ^
/home/pacha/R/x86_64-pc-linux-gnu-library/4.6/testthat/include/testthat/testthat.h:188:20: note: expanded from macro 'test_that'
  188 | # define test_that CATCH_SECTION
      |                    ^
/home/pacha/R/x86_64-pc-linux-gnu-library/4.6/testthat/include/testthat/vendor/catch.hpp:17627:30: note: expanded from macro 'CATCH_SECTION'
 17627 | #define CATCH_SECTION( ... ) INTERNAL_CATCH_SECTION( __VA_ARGS__ )
       |                              ^
/home/pacha/R/x86_64-pc-linux-gnu-library/4.6/testthat/include/testthat/vendor/catch.hpp:2940:31: note: expanded from macro 'INTERNAL_CATCH_SECTION'
 2940 |     if( Catch::Section const& INTERNAL_CATCH_UNIQUE_NAME( catch_internal_Section ) = Catch::SectionInfo( CATCH_INTERNAL_LINEINFO, __VA_ARGS__ ) ) \
      |                               ^
/home/pacha/R/x86_64-pc-linux-gnu-library/4.6/testthat/include/testthat/vendor/catch.hpp:478:85: note: expanded from macro 'INTERNAL_CATCH_UNIQUE_NAME'
  478 | #  define INTERNAL_CATCH_UNIQUE_NAME( name ) INTERNAL_CATCH_UNIQUE_NAME_LINE( name, __COUNTER__ )
      |                                                                                     ^
In file included from main.cpp:58:
./test-pairlist.h:66:3: warning: '__COUNTER__' is a C2y extension [-Wc2y-extensions]
   66 |   test_that("pairlist range-for loop works") {
      |   ^
/home/pacha/R/x86_64-pc-linux-gnu-library/4.6/testthat/include/testthat/testthat.h:188:20: note: expanded from macro 'test_that'
  188 | # define test_that CATCH_SECTION
      |                    ^
/home/pacha/R/x86_64-pc-linux-gnu-library/4.6/testthat/include/testthat/vendor/catch.hpp:17627:30: note: expanded from macro 'CATCH_SECTION'
 17627 | #define CATCH_SECTION( ... ) INTERNAL_CATCH_SECTION( __VA_ARGS__ )
       |                              ^
/home/pacha/R/x86_64-pc-linux-gnu-library/4.6/testthat/include/testthat/vendor/catch.hpp:2940:31: note: expanded from macro 'INTERNAL_CATCH_SECTION'
 2940 |     if( Catch::Section const& INTERNAL_CATCH_UNIQUE_NAME( catch_internal_Section ) = Catch::SectionInfo( CATCH_INTERNAL_LINEINFO, __VA_ARGS__ ) ) \
      |                               ^
/home/pacha/R/x86_64-pc-linux-gnu-library/4.6/testthat/include/testthat/vendor/catch.hpp:478:85: note: expanded from macro 'INTERNAL_CATCH_UNIQUE_NAME'
  478 | #  define INTERNAL_CATCH_UNIQUE_NAME( name ) INTERNAL_CATCH_UNIQUE_NAME_LINE( name, __COUNTER__ )
      |                                                                                     ^
In file included from main.cpp:58:
./test-pairlist.h:87:3: warning: '__COUNTER__' is a C2y extension [-Wc2y-extensions]
   87 |   test_that("pairlist::to_list() returns named VECSXP") {
      |   ^
/home/pacha/R/x86_64-pc-linux-gnu-library/4.6/testthat/include/testthat/testthat.h:188:20: note: expanded from macro 'test_that'
  188 | # define test_that CATCH_SECTION
      |                    ^
/home/pacha/R/x86_64-pc-linux-gnu-library/4.6/testthat/include/testthat/vendor/catch.hpp:17627:30: note: expanded from macro 'CATCH_SECTION'
 17627 | #define CATCH_SECTION( ... ) INTERNAL_CATCH_SECTION( __VA_ARGS__ )
       |                              ^
/home/pacha/R/x86_64-pc-linux-gnu-library/4.6/testthat/include/testthat/vendor/catch.hpp:2940:31: note: expanded from macro 'INTERNAL_CATCH_SECTION'
 2940 |     if( Catch::Section const& INTERNAL_CATCH_UNIQUE_NAME( catch_internal_Section ) = Catch::SectionInfo( CATCH_INTERNAL_LINEINFO, __VA_ARGS__ ) ) \
      |                               ^
/home/pacha/R/x86_64-pc-linux-gnu-library/4.6/testthat/include/testthat/vendor/catch.hpp:478:85: note: expanded from macro 'INTERNAL_CATCH_UNIQUE_NAME'
  478 | #  define INTERNAL_CATCH_UNIQUE_NAME( name ) INTERNAL_CATCH_UNIQUE_NAME_LINE( name, __COUNTER__ )
      |                                                                                     ^
In file included from main.cpp:58:
./test-pairlist.h:106:3: warning: '__COUNTER__' is a C2y extension [-Wc2y-extensions]
  106 |   test_that("pairlist::to_list() on empty pairlist returns empty list") {
      |   ^
/home/pacha/R/x86_64-pc-linux-gnu-library/4.6/testthat/include/testthat/testthat.h:188:20: note: expanded from macro 'test_that'
  188 | # define test_that CATCH_SECTION
      |                    ^
/home/pacha/R/x86_64-pc-linux-gnu-library/4.6/testthat/include/testthat/vendor/catch.hpp:17627:30: note: expanded from macro 'CATCH_SECTION'
 17627 | #define CATCH_SECTION( ... ) INTERNAL_CATCH_SECTION( __VA_ARGS__ )
       |                              ^
/home/pacha/R/x86_64-pc-linux-gnu-library/4.6/testthat/include/testthat/vendor/catch.hpp:2940:31: note: expanded from macro 'INTERNAL_CATCH_SECTION'
 2940 |     if( Catch::Section const& INTERNAL_CATCH_UNIQUE_NAME( catch_internal_Section ) = Catch::SectionInfo( CATCH_INTERNAL_LINEINFO, __VA_ARGS__ ) ) \
      |                               ^
/home/pacha/R/x86_64-pc-linux-gnu-library/4.6/testthat/include/testthat/vendor/catch.hpp:478:85: note: expanded from macro 'INTERNAL_CATCH_UNIQUE_NAME'
  478 | #  define INTERNAL_CATCH_UNIQUE_NAME( name ) INTERNAL_CATCH_UNIQUE_NAME_LINE( name, __COUNTER__ )
      |                                                                                     ^
In file included from main.cpp:58:
./test-pairlist.h:114:3: warning: '__COUNTER__' is a C2y extension [-Wc2y-extensions]
  114 |   test_that("pairlist rejects non-pairlist SEXPs") {
      |   ^
/home/pacha/R/x86_64-pc-linux-gnu-library/4.6/testthat/include/testthat/testthat.h:188:20: note: expanded from macro 'test_that'
  188 | # define test_that CATCH_SECTION
      |                    ^
/home/pacha/R/x86_64-pc-linux-gnu-library/4.6/testthat/include/testthat/vendor/catch.hpp:17627:30: note: expanded from macro 'CATCH_SECTION'
 17627 | #define CATCH_SECTION( ... ) INTERNAL_CATCH_SECTION( __VA_ARGS__ )
       |                              ^
/home/pacha/R/x86_64-pc-linux-gnu-library/4.6/testthat/include/testthat/vendor/catch.hpp:2940:31: note: expanded from macro 'INTERNAL_CATCH_SECTION'
 2940 |     if( Catch::Section const& INTERNAL_CATCH_UNIQUE_NAME( catch_internal_Section ) = Catch::SectionInfo( CATCH_INTERNAL_LINEINFO, __VA_ARGS__ ) ) \
      |                               ^
/home/pacha/R/x86_64-pc-linux-gnu-library/4.6/testthat/include/testthat/vendor/catch.hpp:478:85: note: expanded from macro 'INTERNAL_CATCH_UNIQUE_NAME'
  478 | #  define INTERNAL_CATCH_UNIQUE_NAME( name ) INTERNAL_CATCH_UNIQUE_NAME_LINE( name, __COUNTER__ )
      |                                                                                     ^
In file included from main.cpp:58:
./test-pairlist.h:120:3: warning: '__COUNTER__' is a C2y extension [-Wc2y-extensions]
  120 |   test_that("pairlist SEXP conversion round-trips") {
      |   ^
/home/pacha/R/x86_64-pc-linux-gnu-library/4.6/testthat/include/testthat/testthat.h:188:20: note: expanded from macro 'test_that'
  188 | # define test_that CATCH_SECTION
      |                    ^
/home/pacha/R/x86_64-pc-linux-gnu-library/4.6/testthat/include/testthat/vendor/catch.hpp:17627:30: note: expanded from macro 'CATCH_SECTION'
 17627 | #define CATCH_SECTION( ... ) INTERNAL_CATCH_SECTION( __VA_ARGS__ )
       |                              ^
/home/pacha/R/x86_64-pc-linux-gnu-library/4.6/testthat/include/testthat/vendor/catch.hpp:2940:31: note: expanded from macro 'INTERNAL_CATCH_SECTION'
 2940 |     if( Catch::Section const& INTERNAL_CATCH_UNIQUE_NAME( catch_internal_Section ) = Catch::SectionInfo( CATCH_INTERNAL_LINEINFO, __VA_ARGS__ ) ) \
      |                               ^
/home/pacha/R/x86_64-pc-linux-gnu-library/4.6/testthat/include/testthat/vendor/catch.hpp:478:85: note: expanded from macro 'INTERNAL_CATCH_UNIQUE_NAME'
  478 | #  define INTERNAL_CATCH_UNIQUE_NAME( name ) INTERNAL_CATCH_UNIQUE_NAME_LINE( name, __COUNTER__ )
      |                                                                                     ^
In file included from main.cpp:59:
./test-protect-nested.h:60:1: warning: '__COUNTER__' is a C2y extension [-Wc2y-extensions]
   60 | context("unwind_protect-nested-C++") {
      | ^
/home/pacha/R/x86_64-pc-linux-gnu-library/4.6/testthat/include/testthat/testthat.h:187:25: note: expanded from macro 'context'
  187 | # define context(__X__) CATCH_TEST_CASE(__X__ " | " __FILE__)
      |                         ^
/home/pacha/R/x86_64-pc-linux-gnu-library/4.6/testthat/include/testthat/vendor/catch.hpp:17623:32: note: expanded from macro 'CATCH_TEST_CASE'
 17623 | #define CATCH_TEST_CASE( ... ) INTERNAL_CATCH_TESTCASE( __VA_ARGS__ )
       |                                ^
/home/pacha/R/x86_64-pc-linux-gnu-library/4.6/testthat/include/testthat/vendor/catch.hpp:1062:35: note: expanded from macro 'INTERNAL_CATCH_TESTCASE'
 1062 |         INTERNAL_CATCH_TESTCASE2( INTERNAL_CATCH_UNIQUE_NAME( C_A_T_C_H_T_E_S_T_ ), __VA_ARGS__ )
      |                                   ^
/home/pacha/R/x86_64-pc-linux-gnu-library/4.6/testthat/include/testthat/vendor/catch.hpp:478:85: note: expanded from macro 'INTERNAL_CATCH_UNIQUE_NAME'
  478 | #  define INTERNAL_CATCH_UNIQUE_NAME( name ) INTERNAL_CATCH_UNIQUE_NAME_LINE( name, __COUNTER__ )
      |                                                                                     ^
In file included from main.cpp:59:
./test-protect-nested.h:60:1: warning: '__COUNTER__' is a C2y extension [-Wc2y-extensions]
/home/pacha/R/x86_64-pc-linux-gnu-library/4.6/testthat/include/testthat/testthat.h:187:25: note: expanded from macro 'context'
  187 | # define context(__X__) CATCH_TEST_CASE(__X__ " | " __FILE__)
      |                         ^
/home/pacha/R/x86_64-pc-linux-gnu-library/4.6/testthat/include/testthat/vendor/catch.hpp:17623:32: note: expanded from macro 'CATCH_TEST_CASE'
 17623 | #define CATCH_TEST_CASE( ... ) INTERNAL_CATCH_TESTCASE( __VA_ARGS__ )
       |                                ^
/home/pacha/R/x86_64-pc-linux-gnu-library/4.6/testthat/include/testthat/vendor/catch.hpp:1062:9: note: expanded from macro 'INTERNAL_CATCH_TESTCASE'
 1062 |         INTERNAL_CATCH_TESTCASE2( INTERNAL_CATCH_UNIQUE_NAME( C_A_T_C_H_T_E_S_T_ ), __VA_ARGS__ )
      |         ^
/home/pacha/R/x86_64-pc-linux-gnu-library/4.6/testthat/include/testthat/vendor/catch.hpp:1058:35: note: expanded from macro 'INTERNAL_CATCH_TESTCASE2'
 1058 |         namespace{ Catch::AutoReg INTERNAL_CATCH_UNIQUE_NAME( autoRegistrar )( Catch::makeTestInvoker( &TestName ), CATCH_INTERNAL_LINEINFO, Catch::StringRef(), Catch::NameAndTags{ __VA_ARGS__ } ); } /* NOLINT */ \
      |                                   ^
/home/pacha/R/x86_64-pc-linux-gnu-library/4.6/testthat/include/testthat/vendor/catch.hpp:478:85: note: expanded from macro 'INTERNAL_CATCH_UNIQUE_NAME'
  478 | #  define INTERNAL_CATCH_UNIQUE_NAME( name ) INTERNAL_CATCH_UNIQUE_NAME_LINE( name, __COUNTER__ )
      |                                                                                     ^
In file included from main.cpp:59:
./test-protect-nested.h:61:3: warning: '__COUNTER__' is a C2y extension [-Wc2y-extensions]
   61 |   test_that(
      |   ^
/home/pacha/R/x86_64-pc-linux-gnu-library/4.6/testthat/include/testthat/testthat.h:188:20: note: expanded from macro 'test_that'
  188 | # define test_that CATCH_SECTION
      |                    ^
/home/pacha/R/x86_64-pc-linux-gnu-library/4.6/testthat/include/testthat/vendor/catch.hpp:17627:30: note: expanded from macro 'CATCH_SECTION'
 17627 | #define CATCH_SECTION( ... ) INTERNAL_CATCH_SECTION( __VA_ARGS__ )
       |                              ^
/home/pacha/R/x86_64-pc-linux-gnu-library/4.6/testthat/include/testthat/vendor/catch.hpp:2940:31: note: expanded from macro 'INTERNAL_CATCH_SECTION'
 2940 |     if( Catch::Section const& INTERNAL_CATCH_UNIQUE_NAME( catch_internal_Section ) = Catch::SectionInfo( CATCH_INTERNAL_LINEINFO, __VA_ARGS__ ) ) \
      |                               ^
/home/pacha/R/x86_64-pc-linux-gnu-library/4.6/testthat/include/testthat/vendor/catch.hpp:478:85: note: expanded from macro 'INTERNAL_CATCH_UNIQUE_NAME'
  478 | #  define INTERNAL_CATCH_UNIQUE_NAME( name ) INTERNAL_CATCH_UNIQUE_NAME_LINE( name, __COUNTER__ )
      |                                                                                     ^
In file included from main.cpp:60:
./test-protect.h:3:1: warning: '__COUNTER__' is a C2y extension [-Wc2y-extensions]
    3 | context("unwind_protect-C++") {
      | ^
/home/pacha/R/x86_64-pc-linux-gnu-library/4.6/testthat/include/testthat/testthat.h:187:25: note: expanded from macro 'context'
  187 | # define context(__X__) CATCH_TEST_CASE(__X__ " | " __FILE__)
      |                         ^
/home/pacha/R/x86_64-pc-linux-gnu-library/4.6/testthat/include/testthat/vendor/catch.hpp:17623:32: note: expanded from macro 'CATCH_TEST_CASE'
 17623 | #define CATCH_TEST_CASE( ... ) INTERNAL_CATCH_TESTCASE( __VA_ARGS__ )
       |                                ^
/home/pacha/R/x86_64-pc-linux-gnu-library/4.6/testthat/include/testthat/vendor/catch.hpp:1062:35: note: expanded from macro 'INTERNAL_CATCH_TESTCASE'
 1062 |         INTERNAL_CATCH_TESTCASE2( INTERNAL_CATCH_UNIQUE_NAME( C_A_T_C_H_T_E_S_T_ ), __VA_ARGS__ )
      |                                   ^
/home/pacha/R/x86_64-pc-linux-gnu-library/4.6/testthat/include/testthat/vendor/catch.hpp:478:85: note: expanded from macro 'INTERNAL_CATCH_UNIQUE_NAME'
  478 | #  define INTERNAL_CATCH_UNIQUE_NAME( name ) INTERNAL_CATCH_UNIQUE_NAME_LINE( name, __COUNTER__ )
      |                                                                                     ^
In file included from main.cpp:60:
./test-protect.h:3:1: warning: '__COUNTER__' is a C2y extension [-Wc2y-extensions]
/home/pacha/R/x86_64-pc-linux-gnu-library/4.6/testthat/include/testthat/testthat.h:187:25: note: expanded from macro 'context'
  187 | # define context(__X__) CATCH_TEST_CASE(__X__ " | " __FILE__)
      |                         ^
/home/pacha/R/x86_64-pc-linux-gnu-library/4.6/testthat/include/testthat/vendor/catch.hpp:17623:32: note: expanded from macro 'CATCH_TEST_CASE'
 17623 | #define CATCH_TEST_CASE( ... ) INTERNAL_CATCH_TESTCASE( __VA_ARGS__ )
       |                                ^
/home/pacha/R/x86_64-pc-linux-gnu-library/4.6/testthat/include/testthat/vendor/catch.hpp:1062:9: note: expanded from macro 'INTERNAL_CATCH_TESTCASE'
 1062 |         INTERNAL_CATCH_TESTCASE2( INTERNAL_CATCH_UNIQUE_NAME( C_A_T_C_H_T_E_S_T_ ), __VA_ARGS__ )
      |         ^
/home/pacha/R/x86_64-pc-linux-gnu-library/4.6/testthat/include/testthat/vendor/catch.hpp:1058:35: note: expanded from macro 'INTERNAL_CATCH_TESTCASE2'
 1058 |         namespace{ Catch::AutoReg INTERNAL_CATCH_UNIQUE_NAME( autoRegistrar )( Catch::makeTestInvoker( &TestName ), CATCH_INTERNAL_LINEINFO, Catch::StringRef(), Catch::NameAndTags{ __VA_ARGS__ } ); } /* NOLINT */ \
      |                                   ^
/home/pacha/R/x86_64-pc-linux-gnu-library/4.6/testthat/include/testthat/vendor/catch.hpp:478:85: note: expanded from macro 'INTERNAL_CATCH_UNIQUE_NAME'
  478 | #  define INTERNAL_CATCH_UNIQUE_NAME( name ) INTERNAL_CATCH_UNIQUE_NAME_LINE( name, __COUNTER__ )
      |                                                                                     ^
In file included from main.cpp:60:
./test-protect.h:4:3: warning: '__COUNTER__' is a C2y extension [-Wc2y-extensions]
    4 |   test_that("unwind_protect works if there is no error") {
      |   ^
/home/pacha/R/x86_64-pc-linux-gnu-library/4.6/testthat/include/testthat/testthat.h:188:20: note: expanded from macro 'test_that'
  188 | # define test_that CATCH_SECTION
      |                    ^
/home/pacha/R/x86_64-pc-linux-gnu-library/4.6/testthat/include/testthat/vendor/catch.hpp:17627:30: note: expanded from macro 'CATCH_SECTION'
 17627 | #define CATCH_SECTION( ... ) INTERNAL_CATCH_SECTION( __VA_ARGS__ )
       |                              ^
/home/pacha/R/x86_64-pc-linux-gnu-library/4.6/testthat/include/testthat/vendor/catch.hpp:2940:31: note: expanded from macro 'INTERNAL_CATCH_SECTION'
 2940 |     if( Catch::Section const& INTERNAL_CATCH_UNIQUE_NAME( catch_internal_Section ) = Catch::SectionInfo( CATCH_INTERNAL_LINEINFO, __VA_ARGS__ ) ) \
      |                               ^
/home/pacha/R/x86_64-pc-linux-gnu-library/4.6/testthat/include/testthat/vendor/catch.hpp:478:85: note: expanded from macro 'INTERNAL_CATCH_UNIQUE_NAME'
  478 | #  define INTERNAL_CATCH_UNIQUE_NAME( name ) INTERNAL_CATCH_UNIQUE_NAME_LINE( name, __COUNTER__ )
      |                                                                                     ^
In file included from main.cpp:60:
./test-protect.h:17:3: warning: '__COUNTER__' is a C2y extension [-Wc2y-extensions]
   17 |   test_that("unwind_protect throws a C++ exception if there is an R error") {
      |   ^
/home/pacha/R/x86_64-pc-linux-gnu-library/4.6/testthat/include/testthat/testthat.h:188:20: note: expanded from macro 'test_that'
  188 | # define test_that CATCH_SECTION
      |                    ^
/home/pacha/R/x86_64-pc-linux-gnu-library/4.6/testthat/include/testthat/vendor/catch.hpp:17627:30: note: expanded from macro 'CATCH_SECTION'
 17627 | #define CATCH_SECTION( ... ) INTERNAL_CATCH_SECTION( __VA_ARGS__ )
       |                              ^
/home/pacha/R/x86_64-pc-linux-gnu-library/4.6/testthat/include/testthat/vendor/catch.hpp:2940:31: note: expanded from macro 'INTERNAL_CATCH_SECTION'
 2940 |     if( Catch::Section const& INTERNAL_CATCH_UNIQUE_NAME( catch_internal_Section ) = Catch::SectionInfo( CATCH_INTERNAL_LINEINFO, __VA_ARGS__ ) ) \
      |                               ^
/home/pacha/R/x86_64-pc-linux-gnu-library/4.6/testthat/include/testthat/vendor/catch.hpp:478:85: note: expanded from macro 'INTERNAL_CATCH_UNIQUE_NAME'
  478 | #  define INTERNAL_CATCH_UNIQUE_NAME( name ) INTERNAL_CATCH_UNIQUE_NAME_LINE( name, __COUNTER__ )
      |                                                                                     ^
In file included from main.cpp:60:
./test-protect.h:28:3: warning: '__COUNTER__' is a C2y extension [-Wc2y-extensions]
   28 |   test_that("safe wraps R functions and works if there is no error") {
      |   ^
/home/pacha/R/x86_64-pc-linux-gnu-library/4.6/testthat/include/testthat/testthat.h:188:20: note: expanded from macro 'test_that'
  188 | # define test_that CATCH_SECTION
      |                    ^
/home/pacha/R/x86_64-pc-linux-gnu-library/4.6/testthat/include/testthat/vendor/catch.hpp:17627:30: note: expanded from macro 'CATCH_SECTION'
 17627 | #define CATCH_SECTION( ... ) INTERNAL_CATCH_SECTION( __VA_ARGS__ )
       |                              ^
/home/pacha/R/x86_64-pc-linux-gnu-library/4.6/testthat/include/testthat/vendor/catch.hpp:2940:31: note: expanded from macro 'INTERNAL_CATCH_SECTION'
 2940 |     if( Catch::Section const& INTERNAL_CATCH_UNIQUE_NAME( catch_internal_Section ) = Catch::SectionInfo( CATCH_INTERNAL_LINEINFO, __VA_ARGS__ ) ) \
      |                               ^
/home/pacha/R/x86_64-pc-linux-gnu-library/4.6/testthat/include/testthat/vendor/catch.hpp:478:85: note: expanded from macro 'INTERNAL_CATCH_UNIQUE_NAME'
  478 | #  define INTERNAL_CATCH_UNIQUE_NAME( name ) INTERNAL_CATCH_UNIQUE_NAME_LINE( name, __COUNTER__ )
      |                                                                                     ^
In file included from main.cpp:60:
./test-protect.h:38:3: warning: '__COUNTER__' is a C2y extension [-Wc2y-extensions]
   38 |   test_that("stop throws an unwind_exception") {
      |   ^
/home/pacha/R/x86_64-pc-linux-gnu-library/4.6/testthat/include/testthat/testthat.h:188:20: note: expanded from macro 'test_that'
  188 | # define test_that CATCH_SECTION
      |                    ^
/home/pacha/R/x86_64-pc-linux-gnu-library/4.6/testthat/include/testthat/vendor/catch.hpp:17627:30: note: expanded from macro 'CATCH_SECTION'
 17627 | #define CATCH_SECTION( ... ) INTERNAL_CATCH_SECTION( __VA_ARGS__ )
       |                              ^
/home/pacha/R/x86_64-pc-linux-gnu-library/4.6/testthat/include/testthat/vendor/catch.hpp:2940:31: note: expanded from macro 'INTERNAL_CATCH_SECTION'
 2940 |     if( Catch::Section const& INTERNAL_CATCH_UNIQUE_NAME( catch_internal_Section ) = Catch::SectionInfo( CATCH_INTERNAL_LINEINFO, __VA_ARGS__ ) ) \
      |                               ^
/home/pacha/R/x86_64-pc-linux-gnu-library/4.6/testthat/include/testthat/vendor/catch.hpp:478:85: note: expanded from macro 'INTERNAL_CATCH_UNIQUE_NAME'
  478 | #  define INTERNAL_CATCH_UNIQUE_NAME( name ) INTERNAL_CATCH_UNIQUE_NAME_LINE( name, __COUNTER__ )
      |                                                                                     ^
In file included from main.cpp:60:
./test-protect.h:43:3: warning: '__COUNTER__' is a C2y extension [-Wc2y-extensions]
   43 |   test_that("safe wraps R functions and works if there is an R error") {
      |   ^
/home/pacha/R/x86_64-pc-linux-gnu-library/4.6/testthat/include/testthat/testthat.h:188:20: note: expanded from macro 'test_that'
  188 | # define test_that CATCH_SECTION
      |                    ^
/home/pacha/R/x86_64-pc-linux-gnu-library/4.6/testthat/include/testthat/vendor/catch.hpp:17627:30: note: expanded from macro 'CATCH_SECTION'
 17627 | #define CATCH_SECTION( ... ) INTERNAL_CATCH_SECTION( __VA_ARGS__ )
       |                              ^
/home/pacha/R/x86_64-pc-linux-gnu-library/4.6/testthat/include/testthat/vendor/catch.hpp:2940:31: note: expanded from macro 'INTERNAL_CATCH_SECTION'
 2940 |     if( Catch::Section const& INTERNAL_CATCH_UNIQUE_NAME( catch_internal_Section ) = Catch::SectionInfo( CATCH_INTERNAL_LINEINFO, __VA_ARGS__ ) ) \
      |                               ^
/home/pacha/R/x86_64-pc-linux-gnu-library/4.6/testthat/include/testthat/vendor/catch.hpp:478:85: note: expanded from macro 'INTERNAL_CATCH_UNIQUE_NAME'
  478 | #  define INTERNAL_CATCH_UNIQUE_NAME( name ) INTERNAL_CATCH_UNIQUE_NAME_LINE( name, __COUNTER__ )
      |                                                                                     ^
In file included from main.cpp:61:
./test-protect_advanced.h:3:1: warning: '__COUNTER__' is a C2y extension [-Wc2y-extensions]
    3 | context("protect-advanced-C++") {
      | ^
/home/pacha/R/x86_64-pc-linux-gnu-library/4.6/testthat/include/testthat/testthat.h:187:25: note: expanded from macro 'context'
  187 | # define context(__X__) CATCH_TEST_CASE(__X__ " | " __FILE__)
      |                         ^
/home/pacha/R/x86_64-pc-linux-gnu-library/4.6/testthat/include/testthat/vendor/catch.hpp:17623:32: note: expanded from macro 'CATCH_TEST_CASE'
 17623 | #define CATCH_TEST_CASE( ... ) INTERNAL_CATCH_TESTCASE( __VA_ARGS__ )
       |                                ^
/home/pacha/R/x86_64-pc-linux-gnu-library/4.6/testthat/include/testthat/vendor/catch.hpp:1062:35: note: expanded from macro 'INTERNAL_CATCH_TESTCASE'
 1062 |         INTERNAL_CATCH_TESTCASE2( INTERNAL_CATCH_UNIQUE_NAME( C_A_T_C_H_T_E_S_T_ ), __VA_ARGS__ )
      |                                   ^
/home/pacha/R/x86_64-pc-linux-gnu-library/4.6/testthat/include/testthat/vendor/catch.hpp:478:85: note: expanded from macro 'INTERNAL_CATCH_UNIQUE_NAME'
  478 | #  define INTERNAL_CATCH_UNIQUE_NAME( name ) INTERNAL_CATCH_UNIQUE_NAME_LINE( name, __COUNTER__ )
      |                                                                                     ^
In file included from main.cpp:61:
./test-protect_advanced.h:3:1: warning: '__COUNTER__' is a C2y extension [-Wc2y-extensions]
/home/pacha/R/x86_64-pc-linux-gnu-library/4.6/testthat/include/testthat/testthat.h:187:25: note: expanded from macro 'context'
  187 | # define context(__X__) CATCH_TEST_CASE(__X__ " | " __FILE__)
      |                         ^
/home/pacha/R/x86_64-pc-linux-gnu-library/4.6/testthat/include/testthat/vendor/catch.hpp:17623:32: note: expanded from macro 'CATCH_TEST_CASE'
 17623 | #define CATCH_TEST_CASE( ... ) INTERNAL_CATCH_TESTCASE( __VA_ARGS__ )
       |                                ^
/home/pacha/R/x86_64-pc-linux-gnu-library/4.6/testthat/include/testthat/vendor/catch.hpp:1062:9: note: expanded from macro 'INTERNAL_CATCH_TESTCASE'
 1062 |         INTERNAL_CATCH_TESTCASE2( INTERNAL_CATCH_UNIQUE_NAME( C_A_T_C_H_T_E_S_T_ ), __VA_ARGS__ )
      |         ^
/home/pacha/R/x86_64-pc-linux-gnu-library/4.6/testthat/include/testthat/vendor/catch.hpp:1058:35: note: expanded from macro 'INTERNAL_CATCH_TESTCASE2'
 1058 |         namespace{ Catch::AutoReg INTERNAL_CATCH_UNIQUE_NAME( autoRegistrar )( Catch::makeTestInvoker( &TestName ), CATCH_INTERNAL_LINEINFO, Catch::StringRef(), Catch::NameAndTags{ __VA_ARGS__ } ); } /* NOLINT */ \
      |                                   ^
/home/pacha/R/x86_64-pc-linux-gnu-library/4.6/testthat/include/testthat/vendor/catch.hpp:478:85: note: expanded from macro 'INTERNAL_CATCH_UNIQUE_NAME'
  478 | #  define INTERNAL_CATCH_UNIQUE_NAME( name ) INTERNAL_CATCH_UNIQUE_NAME_LINE( name, __COUNTER__ )
      |                                                                                     ^
In file included from main.cpp:61:
./test-protect_advanced.h:4:3: warning: '__COUNTER__' is a C2y extension [-Wc2y-extensions]
    4 |   test_that("warning() works without throwing") {
      |   ^
/home/pacha/R/x86_64-pc-linux-gnu-library/4.6/testthat/include/testthat/testthat.h:188:20: note: expanded from macro 'test_that'
  188 | # define test_that CATCH_SECTION
      |                    ^
/home/pacha/R/x86_64-pc-linux-gnu-library/4.6/testthat/include/testthat/vendor/catch.hpp:17627:30: note: expanded from macro 'CATCH_SECTION'
 17627 | #define CATCH_SECTION( ... ) INTERNAL_CATCH_SECTION( __VA_ARGS__ )
       |                              ^
/home/pacha/R/x86_64-pc-linux-gnu-library/4.6/testthat/include/testthat/vendor/catch.hpp:2940:31: note: expanded from macro 'INTERNAL_CATCH_SECTION'
 2940 |     if( Catch::Section const& INTERNAL_CATCH_UNIQUE_NAME( catch_internal_Section ) = Catch::SectionInfo( CATCH_INTERNAL_LINEINFO, __VA_ARGS__ ) ) \
      |                               ^
/home/pacha/R/x86_64-pc-linux-gnu-library/4.6/testthat/include/testthat/vendor/catch.hpp:478:85: note: expanded from macro 'INTERNAL_CATCH_UNIQUE_NAME'
  478 | #  define INTERNAL_CATCH_UNIQUE_NAME( name ) INTERNAL_CATCH_UNIQUE_NAME_LINE( name, __COUNTER__ )
      |                                                                                     ^
In file included from main.cpp:61:
./test-protect_advanced.h:9:3: warning: '__COUNTER__' is a C2y extension [-Wc2y-extensions]
    9 |   test_that("warning() with format string") {
      |   ^
/home/pacha/R/x86_64-pc-linux-gnu-library/4.6/testthat/include/testthat/testthat.h:188:20: note: expanded from macro 'test_that'
  188 | # define test_that CATCH_SECTION
      |                    ^
/home/pacha/R/x86_64-pc-linux-gnu-library/4.6/testthat/include/testthat/vendor/catch.hpp:17627:30: note: expanded from macro 'CATCH_SECTION'
 17627 | #define CATCH_SECTION( ... ) INTERNAL_CATCH_SECTION( __VA_ARGS__ )
       |                              ^
/home/pacha/R/x86_64-pc-linux-gnu-library/4.6/testthat/include/testthat/vendor/catch.hpp:2940:31: note: expanded from macro 'INTERNAL_CATCH_SECTION'
 2940 |     if( Catch::Section const& INTERNAL_CATCH_UNIQUE_NAME( catch_internal_Section ) = Catch::SectionInfo( CATCH_INTERNAL_LINEINFO, __VA_ARGS__ ) ) \
      |                               ^
/home/pacha/R/x86_64-pc-linux-gnu-library/4.6/testthat/include/testthat/vendor/catch.hpp:478:85: note: expanded from macro 'INTERNAL_CATCH_UNIQUE_NAME'
  478 | #  define INTERNAL_CATCH_UNIQUE_NAME( name ) INTERNAL_CATCH_UNIQUE_NAME_LINE( name, __COUNTER__ )
      |                                                                                     ^
In file included from main.cpp:61:
./test-protect_advanced.h:14:3: warning: '__COUNTER__' is a C2y extension [-Wc2y-extensions]
   14 |   test_that("warning() with std::string") {
      |   ^
/home/pacha/R/x86_64-pc-linux-gnu-library/4.6/testthat/include/testthat/testthat.h:188:20: note: expanded from macro 'test_that'
  188 | # define test_that CATCH_SECTION
      |                    ^
/home/pacha/R/x86_64-pc-linux-gnu-library/4.6/testthat/include/testthat/vendor/catch.hpp:17627:30: note: expanded from macro 'CATCH_SECTION'
 17627 | #define CATCH_SECTION( ... ) INTERNAL_CATCH_SECTION( __VA_ARGS__ )
       |                              ^
/home/pacha/R/x86_64-pc-linux-gnu-library/4.6/testthat/include/testthat/vendor/catch.hpp:2940:31: note: expanded from macro 'INTERNAL_CATCH_SECTION'
 2940 |     if( Catch::Section const& INTERNAL_CATCH_UNIQUE_NAME( catch_internal_Section ) = Catch::SectionInfo( CATCH_INTERNAL_LINEINFO, __VA_ARGS__ ) ) \
      |                               ^
/home/pacha/R/x86_64-pc-linux-gnu-library/4.6/testthat/include/testthat/vendor/catch.hpp:478:85: note: expanded from macro 'INTERNAL_CATCH_UNIQUE_NAME'
  478 | #  define INTERNAL_CATCH_UNIQUE_NAME( name ) INTERNAL_CATCH_UNIQUE_NAME_LINE( name, __COUNTER__ )
      |                                                                                     ^
In file included from main.cpp:61:
./test-protect_advanced.h:20:3: warning: '__COUNTER__' is a C2y extension [-Wc2y-extensions]
   20 |   test_that("check_user_interrupt doesn't throw normally") {
      |   ^
/home/pacha/R/x86_64-pc-linux-gnu-library/4.6/testthat/include/testthat/testthat.h:188:20: note: expanded from macro 'test_that'
  188 | # define test_that CATCH_SECTION
      |                    ^
/home/pacha/R/x86_64-pc-linux-gnu-library/4.6/testthat/include/testthat/vendor/catch.hpp:17627:30: note: expanded from macro 'CATCH_SECTION'
 17627 | #define CATCH_SECTION( ... ) INTERNAL_CATCH_SECTION( __VA_ARGS__ )
       |                              ^
/home/pacha/R/x86_64-pc-linux-gnu-library/4.6/testthat/include/testthat/vendor/catch.hpp:2940:31: note: expanded from macro 'INTERNAL_CATCH_SECTION'
 2940 |     if( Catch::Section const& INTERNAL_CATCH_UNIQUE_NAME( catch_internal_Section ) = Catch::SectionInfo( CATCH_INTERNAL_LINEINFO, __VA_ARGS__ ) ) \
      |                               ^
/home/pacha/R/x86_64-pc-linux-gnu-library/4.6/testthat/include/testthat/vendor/catch.hpp:478:85: note: expanded from macro 'INTERNAL_CATCH_UNIQUE_NAME'
  478 | #  define INTERNAL_CATCH_UNIQUE_NAME( name ) INTERNAL_CATCH_UNIQUE_NAME_LINE( name, __COUNTER__ )
      |                                                                                     ^
In file included from main.cpp:61:
./test-protect_advanced.h:25:3: warning: '__COUNTER__' is a C2y extension [-Wc2y-extensions]
   25 |   test_that("preserve list operations are balanced") {
      |   ^
/home/pacha/R/x86_64-pc-linux-gnu-library/4.6/testthat/include/testthat/testthat.h:188:20: note: expanded from macro 'test_that'
  188 | # define test_that CATCH_SECTION
      |                    ^
/home/pacha/R/x86_64-pc-linux-gnu-library/4.6/testthat/include/testthat/vendor/catch.hpp:17627:30: note: expanded from macro 'CATCH_SECTION'
 17627 | #define CATCH_SECTION( ... ) INTERNAL_CATCH_SECTION( __VA_ARGS__ )
       |                              ^
/home/pacha/R/x86_64-pc-linux-gnu-library/4.6/testthat/include/testthat/vendor/catch.hpp:2940:31: note: expanded from macro 'INTERNAL_CATCH_SECTION'
 2940 |     if( Catch::Section const& INTERNAL_CATCH_UNIQUE_NAME( catch_internal_Section ) = Catch::SectionInfo( CATCH_INTERNAL_LINEINFO, __VA_ARGS__ ) ) \
      |                               ^
/home/pacha/R/x86_64-pc-linux-gnu-library/4.6/testthat/include/testthat/vendor/catch.hpp:478:85: note: expanded from macro 'INTERNAL_CATCH_UNIQUE_NAME'
  478 | #  define INTERNAL_CATCH_UNIQUE_NAME( name ) INTERNAL_CATCH_UNIQUE_NAME_LINE( name, __COUNTER__ )
      |                                                                                     ^
In file included from main.cpp:61:
./test-protect_advanced.h:39:3: warning: '__COUNTER__' is a C2y extension [-Wc2y-extensions]
   39 |   test_that("unwind_protect with void return") {
      |   ^
/home/pacha/R/x86_64-pc-linux-gnu-library/4.6/testthat/include/testthat/testthat.h:188:20: note: expanded from macro 'test_that'
  188 | # define test_that CATCH_SECTION
      |                    ^
/home/pacha/R/x86_64-pc-linux-gnu-library/4.6/testthat/include/testthat/vendor/catch.hpp:17627:30: note: expanded from macro 'CATCH_SECTION'
 17627 | #define CATCH_SECTION( ... ) INTERNAL_CATCH_SECTION( __VA_ARGS__ )
       |                              ^
/home/pacha/R/x86_64-pc-linux-gnu-library/4.6/testthat/include/testthat/vendor/catch.hpp:2940:31: note: expanded from macro 'INTERNAL_CATCH_SECTION'
 2940 |     if( Catch::Section const& INTERNAL_CATCH_UNIQUE_NAME( catch_internal_Section ) = Catch::SectionInfo( CATCH_INTERNAL_LINEINFO, __VA_ARGS__ ) ) \
      |                               ^
/home/pacha/R/x86_64-pc-linux-gnu-library/4.6/testthat/include/testthat/vendor/catch.hpp:478:85: note: expanded from macro 'INTERNAL_CATCH_UNIQUE_NAME'
  478 | #  define INTERNAL_CATCH_UNIQUE_NAME( name ) INTERNAL_CATCH_UNIQUE_NAME_LINE( name, __COUNTER__ )
      |                                                                                     ^
In file included from main.cpp:61:
./test-protect_advanced.h:45:3: warning: '__COUNTER__' is a C2y extension [-Wc2y-extensions]
   45 |   test_that("unwind_protect with non-SEXP return") {
      |   ^
/home/pacha/R/x86_64-pc-linux-gnu-library/4.6/testthat/include/testthat/testthat.h:188:20: note: expanded from macro 'test_that'
  188 | # define test_that CATCH_SECTION
      |                    ^
/home/pacha/R/x86_64-pc-linux-gnu-library/4.6/testthat/include/testthat/vendor/catch.hpp:17627:30: note: expanded from macro 'CATCH_SECTION'
 17627 | #define CATCH_SECTION( ... ) INTERNAL_CATCH_SECTION( __VA_ARGS__ )
       |                              ^
/home/pacha/R/x86_64-pc-linux-gnu-library/4.6/testthat/include/testthat/vendor/catch.hpp:2940:31: note: expanded from macro 'INTERNAL_CATCH_SECTION'
 2940 |     if( Catch::Section const& INTERNAL_CATCH_UNIQUE_NAME( catch_internal_Section ) = Catch::SectionInfo( CATCH_INTERNAL_LINEINFO, __VA_ARGS__ ) ) \
      |                               ^
/home/pacha/R/x86_64-pc-linux-gnu-library/4.6/testthat/include/testthat/vendor/catch.hpp:478:85: note: expanded from macro 'INTERNAL_CATCH_UNIQUE_NAME'
  478 | #  define INTERNAL_CATCH_UNIQUE_NAME( name ) INTERNAL_CATCH_UNIQUE_NAME_LINE( name, __COUNTER__ )
      |                                                                                     ^
In file included from main.cpp:62:
./test-r_bool_advanced.h:5:1: warning: '__COUNTER__' is a C2y extension [-Wc2y-extensions]
    5 | context("r_bool-advanced-C++") {
      | ^
/home/pacha/R/x86_64-pc-linux-gnu-library/4.6/testthat/include/testthat/testthat.h:187:25: note: expanded from macro 'context'
  187 | # define context(__X__) CATCH_TEST_CASE(__X__ " | " __FILE__)
      |                         ^
/home/pacha/R/x86_64-pc-linux-gnu-library/4.6/testthat/include/testthat/vendor/catch.hpp:17623:32: note: expanded from macro 'CATCH_TEST_CASE'
 17623 | #define CATCH_TEST_CASE( ... ) INTERNAL_CATCH_TESTCASE( __VA_ARGS__ )
       |                                ^
/home/pacha/R/x86_64-pc-linux-gnu-library/4.6/testthat/include/testthat/vendor/catch.hpp:1062:35: note: expanded from macro 'INTERNAL_CATCH_TESTCASE'
 1062 |         INTERNAL_CATCH_TESTCASE2( INTERNAL_CATCH_UNIQUE_NAME( C_A_T_C_H_T_E_S_T_ ), __VA_ARGS__ )
      |                                   ^
/home/pacha/R/x86_64-pc-linux-gnu-library/4.6/testthat/include/testthat/vendor/catch.hpp:478:85: note: expanded from macro 'INTERNAL_CATCH_UNIQUE_NAME'
  478 | #  define INTERNAL_CATCH_UNIQUE_NAME( name ) INTERNAL_CATCH_UNIQUE_NAME_LINE( name, __COUNTER__ )
      |                                                                                     ^
In file included from main.cpp:62:
./test-r_bool_advanced.h:5:1: warning: '__COUNTER__' is a C2y extension [-Wc2y-extensions]
/home/pacha/R/x86_64-pc-linux-gnu-library/4.6/testthat/include/testthat/testthat.h:187:25: note: expanded from macro 'context'
  187 | # define context(__X__) CATCH_TEST_CASE(__X__ " | " __FILE__)
      |                         ^
/home/pacha/R/x86_64-pc-linux-gnu-library/4.6/testthat/include/testthat/vendor/catch.hpp:17623:32: note: expanded from macro 'CATCH_TEST_CASE'
 17623 | #define CATCH_TEST_CASE( ... ) INTERNAL_CATCH_TESTCASE( __VA_ARGS__ )
       |                                ^
/home/pacha/R/x86_64-pc-linux-gnu-library/4.6/testthat/include/testthat/vendor/catch.hpp:1062:9: note: expanded from macro 'INTERNAL_CATCH_TESTCASE'
 1062 |         INTERNAL_CATCH_TESTCASE2( INTERNAL_CATCH_UNIQUE_NAME( C_A_T_C_H_T_E_S_T_ ), __VA_ARGS__ )
      |         ^
/home/pacha/R/x86_64-pc-linux-gnu-library/4.6/testthat/include/testthat/vendor/catch.hpp:1058:35: note: expanded from macro 'INTERNAL_CATCH_TESTCASE2'
 1058 |         namespace{ Catch::AutoReg INTERNAL_CATCH_UNIQUE_NAME( autoRegistrar )( Catch::makeTestInvoker( &TestName ), CATCH_INTERNAL_LINEINFO, Catch::StringRef(), Catch::NameAndTags{ __VA_ARGS__ } ); } /* NOLINT */ \
      |                                   ^
/home/pacha/R/x86_64-pc-linux-gnu-library/4.6/testthat/include/testthat/vendor/catch.hpp:478:85: note: expanded from macro 'INTERNAL_CATCH_UNIQUE_NAME'
  478 | #  define INTERNAL_CATCH_UNIQUE_NAME( name ) INTERNAL_CATCH_UNIQUE_NAME_LINE( name, __COUNTER__ )
      |                                                                                     ^
In file included from main.cpp:62:
./test-r_bool_advanced.h:6:3: warning: '__COUNTER__' is a C2y extension [-Wc2y-extensions]
    6 |   test_that("r_bool from SEXP") {
      |   ^
/home/pacha/R/x86_64-pc-linux-gnu-library/4.6/testthat/include/testthat/testthat.h:188:20: note: expanded from macro 'test_that'
  188 | # define test_that CATCH_SECTION
      |                    ^
/home/pacha/R/x86_64-pc-linux-gnu-library/4.6/testthat/include/testthat/vendor/catch.hpp:17627:30: note: expanded from macro 'CATCH_SECTION'
 17627 | #define CATCH_SECTION( ... ) INTERNAL_CATCH_SECTION( __VA_ARGS__ )
       |                              ^
/home/pacha/R/x86_64-pc-linux-gnu-library/4.6/testthat/include/testthat/vendor/catch.hpp:2940:31: note: expanded from macro 'INTERNAL_CATCH_SECTION'
 2940 |     if( Catch::Section const& INTERNAL_CATCH_UNIQUE_NAME( catch_internal_Section ) = Catch::SectionInfo( CATCH_INTERNAL_LINEINFO, __VA_ARGS__ ) ) \
      |                               ^
/home/pacha/R/x86_64-pc-linux-gnu-library/4.6/testthat/include/testthat/vendor/catch.hpp:478:85: note: expanded from macro 'INTERNAL_CATCH_UNIQUE_NAME'
  478 | #  define INTERNAL_CATCH_UNIQUE_NAME( name ) INTERNAL_CATCH_UNIQUE_NAME_LINE( name, __COUNTER__ )
      |                                                                                     ^
In file included from main.cpp:62:
./test-r_bool_advanced.h:13:3: warning: '__COUNTER__' is a C2y extension [-Wc2y-extensions]
   13 |   test_that("r_bool from SEXP throws on invalid input") {
      |   ^
/home/pacha/R/x86_64-pc-linux-gnu-library/4.6/testthat/include/testthat/testthat.h:188:20: note: expanded from macro 'test_that'
  188 | # define test_that CATCH_SECTION
      |                    ^
/home/pacha/R/x86_64-pc-linux-gnu-library/4.6/testthat/include/testthat/vendor/catch.hpp:17627:30: note: expanded from macro 'CATCH_SECTION'
 17627 | #define CATCH_SECTION( ... ) INTERNAL_CATCH_SECTION( __VA_ARGS__ )
       |                              ^
/home/pacha/R/x86_64-pc-linux-gnu-library/4.6/testthat/include/testthat/vendor/catch.hpp:2940:31: note: expanded from macro 'INTERNAL_CATCH_SECTION'
 2940 |     if( Catch::Section const& INTERNAL_CATCH_UNIQUE_NAME( catch_internal_Section ) = Catch::SectionInfo( CATCH_INTERNAL_LINEINFO, __VA_ARGS__ ) ) \
      |                               ^
/home/pacha/R/x86_64-pc-linux-gnu-library/4.6/testthat/include/testthat/vendor/catch.hpp:478:85: note: expanded from macro 'INTERNAL_CATCH_UNIQUE_NAME'
  478 | #  define INTERNAL_CATCH_UNIQUE_NAME( name ) INTERNAL_CATCH_UNIQUE_NAME_LINE( name, __COUNTER__ )
      |                                                                                     ^
In file included from main.cpp:62:
./test-r_bool_advanced.h:19:3: warning: '__COUNTER__' is a C2y extension [-Wc2y-extensions]
   19 |   test_that("r_bool conversion to Rboolean") {
      |   ^
/home/pacha/R/x86_64-pc-linux-gnu-library/4.6/testthat/include/testthat/testthat.h:188:20: note: expanded from macro 'test_that'
  188 | # define test_that CATCH_SECTION
      |                    ^
/home/pacha/R/x86_64-pc-linux-gnu-library/4.6/testthat/include/testthat/vendor/catch.hpp:17627:30: note: expanded from macro 'CATCH_SECTION'
 17627 | #define CATCH_SECTION( ... ) INTERNAL_CATCH_SECTION( __VA_ARGS__ )
       |                              ^
/home/pacha/R/x86_64-pc-linux-gnu-library/4.6/testthat/include/testthat/vendor/catch.hpp:2940:31: note: expanded from macro 'INTERNAL_CATCH_SECTION'
 2940 |     if( Catch::Section const& INTERNAL_CATCH_UNIQUE_NAME( catch_internal_Section ) = Catch::SectionInfo( CATCH_INTERNAL_LINEINFO, __VA_ARGS__ ) ) \
      |                               ^
/home/pacha/R/x86_64-pc-linux-gnu-library/4.6/testthat/include/testthat/vendor/catch.hpp:478:85: note: expanded from macro 'INTERNAL_CATCH_UNIQUE_NAME'
  478 | #  define INTERNAL_CATCH_UNIQUE_NAME( name ) INTERNAL_CATCH_UNIQUE_NAME_LINE( name, __COUNTER__ )
      |                                                                                     ^
In file included from main.cpp:62:
./test-r_bool_advanced.h:29:3: warning: '__COUNTER__' is a C2y extension [-Wc2y-extensions]
   29 |   test_that("r_bool ostream operator<<") {
      |   ^
/home/pacha/R/x86_64-pc-linux-gnu-library/4.6/testthat/include/testthat/testthat.h:188:20: note: expanded from macro 'test_that'
  188 | # define test_that CATCH_SECTION
      |                    ^
/home/pacha/R/x86_64-pc-linux-gnu-library/4.6/testthat/include/testthat/vendor/catch.hpp:17627:30: note: expanded from macro 'CATCH_SECTION'
 17627 | #define CATCH_SECTION( ... ) INTERNAL_CATCH_SECTION( __VA_ARGS__ )
       |                              ^
/home/pacha/R/x86_64-pc-linux-gnu-library/4.6/testthat/include/testthat/vendor/catch.hpp:2940:31: note: expanded from macro 'INTERNAL_CATCH_SECTION'
 2940 |     if( Catch::Section const& INTERNAL_CATCH_UNIQUE_NAME( catch_internal_Section ) = Catch::SectionInfo( CATCH_INTERNAL_LINEINFO, __VA_ARGS__ ) ) \
      |                               ^
/home/pacha/R/x86_64-pc-linux-gnu-library/4.6/testthat/include/testthat/vendor/catch.hpp:478:85: note: expanded from macro 'INTERNAL_CATCH_UNIQUE_NAME'
  478 | #  define INTERNAL_CATCH_UNIQUE_NAME( name ) INTERNAL_CATCH_UNIQUE_NAME_LINE( name, __COUNTER__ )
      |                                                                                     ^
In file included from main.cpp:62:
./test-r_bool_advanced.h:41:3: warning: '__COUNTER__' is a C2y extension [-Wc2y-extensions]
   41 |   test_that("r_bool comparison with different types") {
      |   ^
/home/pacha/R/x86_64-pc-linux-gnu-library/4.6/testthat/include/testthat/testthat.h:188:20: note: expanded from macro 'test_that'
  188 | # define test_that CATCH_SECTION
      |                    ^
/home/pacha/R/x86_64-pc-linux-gnu-library/4.6/testthat/include/testthat/vendor/catch.hpp:17627:30: note: expanded from macro 'CATCH_SECTION'
 17627 | #define CATCH_SECTION( ... ) INTERNAL_CATCH_SECTION( __VA_ARGS__ )
       |                              ^
/home/pacha/R/x86_64-pc-linux-gnu-library/4.6/testthat/include/testthat/vendor/catch.hpp:2940:31: note: expanded from macro 'INTERNAL_CATCH_SECTION'
 2940 |     if( Catch::Section const& INTERNAL_CATCH_UNIQUE_NAME( catch_internal_Section ) = Catch::SectionInfo( CATCH_INTERNAL_LINEINFO, __VA_ARGS__ ) ) \
      |                               ^
/home/pacha/R/x86_64-pc-linux-gnu-library/4.6/testthat/include/testthat/vendor/catch.hpp:478:85: note: expanded from macro 'INTERNAL_CATCH_UNIQUE_NAME'
  478 | #  define INTERNAL_CATCH_UNIQUE_NAME( name ) INTERNAL_CATCH_UNIQUE_NAME_LINE( name, __COUNTER__ )
      |                                                                                     ^
In file included from main.cpp:63:
./test-r_complex.h:26:1: warning: '__COUNTER__' is a C2y extension [-Wc2y-extensions]
   26 | context("r_complex-C++") {
      | ^
/home/pacha/R/x86_64-pc-linux-gnu-library/4.6/testthat/include/testthat/testthat.h:187:25: note: expanded from macro 'context'
  187 | # define context(__X__) CATCH_TEST_CASE(__X__ " | " __FILE__)
      |                         ^
/home/pacha/R/x86_64-pc-linux-gnu-library/4.6/testthat/include/testthat/vendor/catch.hpp:17623:32: note: expanded from macro 'CATCH_TEST_CASE'
 17623 | #define CATCH_TEST_CASE( ... ) INTERNAL_CATCH_TESTCASE( __VA_ARGS__ )
       |                                ^
/home/pacha/R/x86_64-pc-linux-gnu-library/4.6/testthat/include/testthat/vendor/catch.hpp:1062:35: note: expanded from macro 'INTERNAL_CATCH_TESTCASE'
 1062 |         INTERNAL_CATCH_TESTCASE2( INTERNAL_CATCH_UNIQUE_NAME( C_A_T_C_H_T_E_S_T_ ), __VA_ARGS__ )
      |                                   ^
/home/pacha/R/x86_64-pc-linux-gnu-library/4.6/testthat/include/testthat/vendor/catch.hpp:478:85: note: expanded from macro 'INTERNAL_CATCH_UNIQUE_NAME'
  478 | #  define INTERNAL_CATCH_UNIQUE_NAME( name ) INTERNAL_CATCH_UNIQUE_NAME_LINE( name, __COUNTER__ )
      |                                                                                     ^
In file included from main.cpp:63:
./test-r_complex.h:26:1: warning: '__COUNTER__' is a C2y extension [-Wc2y-extensions]
/home/pacha/R/x86_64-pc-linux-gnu-library/4.6/testthat/include/testthat/testthat.h:187:25: note: expanded from macro 'context'
  187 | # define context(__X__) CATCH_TEST_CASE(__X__ " | " __FILE__)
      |                         ^
/home/pacha/R/x86_64-pc-linux-gnu-library/4.6/testthat/include/testthat/vendor/catch.hpp:17623:32: note: expanded from macro 'CATCH_TEST_CASE'
 17623 | #define CATCH_TEST_CASE( ... ) INTERNAL_CATCH_TESTCASE( __VA_ARGS__ )
       |                                ^
/home/pacha/R/x86_64-pc-linux-gnu-library/4.6/testthat/include/testthat/vendor/catch.hpp:1062:9: note: expanded from macro 'INTERNAL_CATCH_TESTCASE'
 1062 |         INTERNAL_CATCH_TESTCASE2( INTERNAL_CATCH_UNIQUE_NAME( C_A_T_C_H_T_E_S_T_ ), __VA_ARGS__ )
      |         ^
/home/pacha/R/x86_64-pc-linux-gnu-library/4.6/testthat/include/testthat/vendor/catch.hpp:1058:35: note: expanded from macro 'INTERNAL_CATCH_TESTCASE2'
 1058 |         namespace{ Catch::AutoReg INTERNAL_CATCH_UNIQUE_NAME( autoRegistrar )( Catch::makeTestInvoker( &TestName ), CATCH_INTERNAL_LINEINFO, Catch::StringRef(), Catch::NameAndTags{ __VA_ARGS__ } ); } /* NOLINT */ \
      |                                   ^
/home/pacha/R/x86_64-pc-linux-gnu-library/4.6/testthat/include/testthat/vendor/catch.hpp:478:85: note: expanded from macro 'INTERNAL_CATCH_UNIQUE_NAME'
  478 | #  define INTERNAL_CATCH_UNIQUE_NAME( name ) INTERNAL_CATCH_UNIQUE_NAME_LINE( name, __COUNTER__ )
      |                                                                                     ^
In file included from main.cpp:63:
./test-r_complex.h:27:3: warning: '__COUNTER__' is a C2y extension [-Wc2y-extensions]
   27 |   test_that("r_complex() zero initialization") {
      |   ^
/home/pacha/R/x86_64-pc-linux-gnu-library/4.6/testthat/include/testthat/testthat.h:188:20: note: expanded from macro 'test_that'
  188 | # define test_that CATCH_SECTION
      |                    ^
/home/pacha/R/x86_64-pc-linux-gnu-library/4.6/testthat/include/testthat/vendor/catch.hpp:17627:30: note: expanded from macro 'CATCH_SECTION'
 17627 | #define CATCH_SECTION( ... ) INTERNAL_CATCH_SECTION( __VA_ARGS__ )
       |                              ^
/home/pacha/R/x86_64-pc-linux-gnu-library/4.6/testthat/include/testthat/vendor/catch.hpp:2940:31: note: expanded from macro 'INTERNAL_CATCH_SECTION'
 2940 |     if( Catch::Section const& INTERNAL_CATCH_UNIQUE_NAME( catch_internal_Section ) = Catch::SectionInfo( CATCH_INTERNAL_LINEINFO, __VA_ARGS__ ) ) \
      |                               ^
/home/pacha/R/x86_64-pc-linux-gnu-library/4.6/testthat/include/testthat/vendor/catch.hpp:478:85: note: expanded from macro 'INTERNAL_CATCH_UNIQUE_NAME'
  478 | #  define INTERNAL_CATCH_UNIQUE_NAME( name ) INTERNAL_CATCH_UNIQUE_NAME_LINE( name, __COUNTER__ )
      |                                                                                     ^
In file included from main.cpp:63:
./test-r_complex.h:34:3: warning: '__COUNTER__' is a C2y extension [-Wc2y-extensions]
   34 |   test_that("r_complex(double, double) and accessors") {
      |   ^
/home/pacha/R/x86_64-pc-linux-gnu-library/4.6/testthat/include/testthat/testthat.h:188:20: note: expanded from macro 'test_that'
  188 | # define test_that CATCH_SECTION
      |                    ^
/home/pacha/R/x86_64-pc-linux-gnu-library/4.6/testthat/include/testthat/vendor/catch.hpp:17627:30: note: expanded from macro 'CATCH_SECTION'
 17627 | #define CATCH_SECTION( ... ) INTERNAL_CATCH_SECTION( __VA_ARGS__ )
       |                              ^
/home/pacha/R/x86_64-pc-linux-gnu-library/4.6/testthat/include/testthat/vendor/catch.hpp:2940:31: note: expanded from macro 'INTERNAL_CATCH_SECTION'
 2940 |     if( Catch::Section const& INTERNAL_CATCH_UNIQUE_NAME( catch_internal_Section ) = Catch::SectionInfo( CATCH_INTERNAL_LINEINFO, __VA_ARGS__ ) ) \
      |                               ^
/home/pacha/R/x86_64-pc-linux-gnu-library/4.6/testthat/include/testthat/vendor/catch.hpp:478:85: note: expanded from macro 'INTERNAL_CATCH_UNIQUE_NAME'
  478 | #  define INTERNAL_CATCH_UNIQUE_NAME( name ) INTERNAL_CATCH_UNIQUE_NAME_LINE( name, __COUNTER__ )
      |                                                                                     ^
In file included from main.cpp:63:
./test-r_complex.h:40:3: warning: '__COUNTER__' is a C2y extension [-Wc2y-extensions]
   40 |   test_that("r_complex(SEXP)") {
      |   ^
/home/pacha/R/x86_64-pc-linux-gnu-library/4.6/testthat/include/testthat/testthat.h:188:20: note: expanded from macro 'test_that'
  188 | # define test_that CATCH_SECTION
      |                    ^
/home/pacha/R/x86_64-pc-linux-gnu-library/4.6/testthat/include/testthat/vendor/catch.hpp:17627:30: note: expanded from macro 'CATCH_SECTION'
 17627 | #define CATCH_SECTION( ... ) INTERNAL_CATCH_SECTION( __VA_ARGS__ )
       |                              ^
/home/pacha/R/x86_64-pc-linux-gnu-library/4.6/testthat/include/testthat/vendor/catch.hpp:2940:31: note: expanded from macro 'INTERNAL_CATCH_SECTION'
 2940 |     if( Catch::Section const& INTERNAL_CATCH_UNIQUE_NAME( catch_internal_Section ) = Catch::SectionInfo( CATCH_INTERNAL_LINEINFO, __VA_ARGS__ ) ) \
      |                               ^
/home/pacha/R/x86_64-pc-linux-gnu-library/4.6/testthat/include/testthat/vendor/catch.hpp:478:85: note: expanded from macro 'INTERNAL_CATCH_UNIQUE_NAME'
  478 | #  define INTERNAL_CATCH_UNIQUE_NAME( name ) INTERNAL_CATCH_UNIQUE_NAME_LINE( name, __COUNTER__ )
      |                                                                                     ^
In file included from main.cpp:63:
./test-r_complex.h:51:3: warning: '__COUNTER__' is a C2y extension [-Wc2y-extensions]
   51 |   test_that("explicit construction from Rcomplex") {
      |   ^
/home/pacha/R/x86_64-pc-linux-gnu-library/4.6/testthat/include/testthat/testthat.h:188:20: note: expanded from macro 'test_that'
  188 | # define test_that CATCH_SECTION
      |                    ^
/home/pacha/R/x86_64-pc-linux-gnu-library/4.6/testthat/include/testthat/vendor/catch.hpp:17627:30: note: expanded from macro 'CATCH_SECTION'
 17627 | #define CATCH_SECTION( ... ) INTERNAL_CATCH_SECTION( __VA_ARGS__ )
       |                              ^
/home/pacha/R/x86_64-pc-linux-gnu-library/4.6/testthat/include/testthat/vendor/catch.hpp:2940:31: note: expanded from macro 'INTERNAL_CATCH_SECTION'
 2940 |     if( Catch::Section const& INTERNAL_CATCH_UNIQUE_NAME( catch_internal_Section ) = Catch::SectionInfo( CATCH_INTERNAL_LINEINFO, __VA_ARGS__ ) ) \
      |                               ^
/home/pacha/R/x86_64-pc-linux-gnu-library/4.6/testthat/include/testthat/vendor/catch.hpp:478:85: note: expanded from macro 'INTERNAL_CATCH_UNIQUE_NAME'
  478 | #  define INTERNAL_CATCH_UNIQUE_NAME( name ) INTERNAL_CATCH_UNIQUE_NAME_LINE( name, __COUNTER__ )
      |                                                                                     ^
In file included from main.cpp:63:
./test-r_complex.h:58:3: warning: '__COUNTER__' is a C2y extension [-Wc2y-extensions]
   58 |   test_that("explicit construction from std::complex<double>") {
      |   ^
/home/pacha/R/x86_64-pc-linux-gnu-library/4.6/testthat/include/testthat/testthat.h:188:20: note: expanded from macro 'test_that'
  188 | # define test_that CATCH_SECTION
      |                    ^
/home/pacha/R/x86_64-pc-linux-gnu-library/4.6/testthat/include/testthat/vendor/catch.hpp:17627:30: note: expanded from macro 'CATCH_SECTION'
 17627 | #define CATCH_SECTION( ... ) INTERNAL_CATCH_SECTION( __VA_ARGS__ )
       |                              ^
/home/pacha/R/x86_64-pc-linux-gnu-library/4.6/testthat/include/testthat/vendor/catch.hpp:2940:31: note: expanded from macro 'INTERNAL_CATCH_SECTION'
 2940 |     if( Catch::Section const& INTERNAL_CATCH_UNIQUE_NAME( catch_internal_Section ) = Catch::SectionInfo( CATCH_INTERNAL_LINEINFO, __VA_ARGS__ ) ) \
      |                               ^
/home/pacha/R/x86_64-pc-linux-gnu-library/4.6/testthat/include/testthat/vendor/catch.hpp:478:85: note: expanded from macro 'INTERNAL_CATCH_UNIQUE_NAME'
  478 | #  define INTERNAL_CATCH_UNIQUE_NAME( name ) INTERNAL_CATCH_UNIQUE_NAME_LINE( name, __COUNTER__ )
      |                                                                                     ^
In file included from main.cpp:63:
./test-r_complex.h:65:3: warning: '__COUNTER__' is a C2y extension [-Wc2y-extensions]
   65 |   test_that("explicit conversion to Rcomplex") {
      |   ^
/home/pacha/R/x86_64-pc-linux-gnu-library/4.6/testthat/include/testthat/testthat.h:188:20: note: expanded from macro 'test_that'
  188 | # define test_that CATCH_SECTION
      |                    ^
/home/pacha/R/x86_64-pc-linux-gnu-library/4.6/testthat/include/testthat/vendor/catch.hpp:17627:30: note: expanded from macro 'CATCH_SECTION'
 17627 | #define CATCH_SECTION( ... ) INTERNAL_CATCH_SECTION( __VA_ARGS__ )
       |                              ^
/home/pacha/R/x86_64-pc-linux-gnu-library/4.6/testthat/include/testthat/vendor/catch.hpp:2940:31: note: expanded from macro 'INTERNAL_CATCH_SECTION'
 2940 |     if( Catch::Section const& INTERNAL_CATCH_UNIQUE_NAME( catch_internal_Section ) = Catch::SectionInfo( CATCH_INTERNAL_LINEINFO, __VA_ARGS__ ) ) \
      |                               ^
/home/pacha/R/x86_64-pc-linux-gnu-library/4.6/testthat/include/testthat/vendor/catch.hpp:478:85: note: expanded from macro 'INTERNAL_CATCH_UNIQUE_NAME'
  478 | #  define INTERNAL_CATCH_UNIQUE_NAME( name ) INTERNAL_CATCH_UNIQUE_NAME_LINE( name, __COUNTER__ )
      |                                                                                     ^
In file included from main.cpp:63:
./test-r_complex.h:72:3: warning: '__COUNTER__' is a C2y extension [-Wc2y-extensions]
   72 |   test_that("explicit conversion to std::complex<double>") {
      |   ^
/home/pacha/R/x86_64-pc-linux-gnu-library/4.6/testthat/include/testthat/testthat.h:188:20: note: expanded from macro 'test_that'
  188 | # define test_that CATCH_SECTION
      |                    ^
/home/pacha/R/x86_64-pc-linux-gnu-library/4.6/testthat/include/testthat/vendor/catch.hpp:17627:30: note: expanded from macro 'CATCH_SECTION'
 17627 | #define CATCH_SECTION( ... ) INTERNAL_CATCH_SECTION( __VA_ARGS__ )
       |                              ^
/home/pacha/R/x86_64-pc-linux-gnu-library/4.6/testthat/include/testthat/vendor/catch.hpp:2940:31: note: expanded from macro 'INTERNAL_CATCH_SECTION'
 2940 |     if( Catch::Section const& INTERNAL_CATCH_UNIQUE_NAME( catch_internal_Section ) = Catch::SectionInfo( CATCH_INTERNAL_LINEINFO, __VA_ARGS__ ) ) \
      |                               ^
/home/pacha/R/x86_64-pc-linux-gnu-library/4.6/testthat/include/testthat/vendor/catch.hpp:478:85: note: expanded from macro 'INTERNAL_CATCH_UNIQUE_NAME'
  478 | #  define INTERNAL_CATCH_UNIQUE_NAME( name ) INTERNAL_CATCH_UNIQUE_NAME_LINE( name, __COUNTER__ )
      |                                                                                     ^
In file included from main.cpp:63:
./test-r_complex.h:79:3: warning: '__COUNTER__' is a C2y extension [-Wc2y-extensions]
   79 |   test_that("equality comparison of two r_complex") {
      |   ^
/home/pacha/R/x86_64-pc-linux-gnu-library/4.6/testthat/include/testthat/testthat.h:188:20: note: expanded from macro 'test_that'
  188 | # define test_that CATCH_SECTION
      |                    ^
/home/pacha/R/x86_64-pc-linux-gnu-library/4.6/testthat/include/testthat/vendor/catch.hpp:17627:30: note: expanded from macro 'CATCH_SECTION'
 17627 | #define CATCH_SECTION( ... ) INTERNAL_CATCH_SECTION( __VA_ARGS__ )
       |                              ^
/home/pacha/R/x86_64-pc-linux-gnu-library/4.6/testthat/include/testthat/vendor/catch.hpp:2940:31: note: expanded from macro 'INTERNAL_CATCH_SECTION'
 2940 |     if( Catch::Section const& INTERNAL_CATCH_UNIQUE_NAME( catch_internal_Section ) = Catch::SectionInfo( CATCH_INTERNAL_LINEINFO, __VA_ARGS__ ) ) \
      |                               ^
/home/pacha/R/x86_64-pc-linux-gnu-library/4.6/testthat/include/testthat/vendor/catch.hpp:478:85: note: expanded from macro 'INTERNAL_CATCH_UNIQUE_NAME'
  478 | #  define INTERNAL_CATCH_UNIQUE_NAME( name ) INTERNAL_CATCH_UNIQUE_NAME_LINE( name, __COUNTER__ )
      |                                                                                     ^
In file included from main.cpp:63:
./test-r_complex.h:85:3: warning: '__COUNTER__' is a C2y extension [-Wc2y-extensions]
   85 |   test_that("na<r_complex>()") {
      |   ^
/home/pacha/R/x86_64-pc-linux-gnu-library/4.6/testthat/include/testthat/testthat.h:188:20: note: expanded from macro 'test_that'
  188 | # define test_that CATCH_SECTION
      |                    ^
/home/pacha/R/x86_64-pc-linux-gnu-library/4.6/testthat/include/testthat/vendor/catch.hpp:17627:30: note: expanded from macro 'CATCH_SECTION'
 17627 | #define CATCH_SECTION( ... ) INTERNAL_CATCH_SECTION( __VA_ARGS__ )
       |                              ^
/home/pacha/R/x86_64-pc-linux-gnu-library/4.6/testthat/include/testthat/vendor/catch.hpp:2940:31: note: expanded from macro 'INTERNAL_CATCH_SECTION'
 2940 |     if( Catch::Section const& INTERNAL_CATCH_UNIQUE_NAME( catch_internal_Section ) = Catch::SectionInfo( CATCH_INTERNAL_LINEINFO, __VA_ARGS__ ) ) \
      |                               ^
/home/pacha/R/x86_64-pc-linux-gnu-library/4.6/testthat/include/testthat/vendor/catch.hpp:478:85: note: expanded from macro 'INTERNAL_CATCH_UNIQUE_NAME'
  478 | #  define INTERNAL_CATCH_UNIQUE_NAME( name ) INTERNAL_CATCH_UNIQUE_NAME_LINE( name, __COUNTER__ )
      |                                                                                     ^
In file included from main.cpp:63:
./test-r_complex.h:92:3: warning: '__COUNTER__' is a C2y extension [-Wc2y-extensions]
   92 |   test_that("is_na(r_complex)") {
      |   ^
/home/pacha/R/x86_64-pc-linux-gnu-library/4.6/testthat/include/testthat/testthat.h:188:20: note: expanded from macro 'test_that'
  188 | # define test_that CATCH_SECTION
      |                    ^
/home/pacha/R/x86_64-pc-linux-gnu-library/4.6/testthat/include/testthat/vendor/catch.hpp:17627:30: note: expanded from macro 'CATCH_SECTION'
 17627 | #define CATCH_SECTION( ... ) INTERNAL_CATCH_SECTION( __VA_ARGS__ )
       |                              ^
/home/pacha/R/x86_64-pc-linux-gnu-library/4.6/testthat/include/testthat/vendor/catch.hpp:2940:31: note: expanded from macro 'INTERNAL_CATCH_SECTION'
 2940 |     if( Catch::Section const& INTERNAL_CATCH_UNIQUE_NAME( catch_internal_Section ) = Catch::SectionInfo( CATCH_INTERNAL_LINEINFO, __VA_ARGS__ ) ) \
      |                               ^
/home/pacha/R/x86_64-pc-linux-gnu-library/4.6/testthat/include/testthat/vendor/catch.hpp:478:85: note: expanded from macro 'INTERNAL_CATCH_UNIQUE_NAME'
  478 | #  define INTERNAL_CATCH_UNIQUE_NAME( name ) INTERNAL_CATCH_UNIQUE_NAME_LINE( name, __COUNTER__ )
      |                                                                                     ^
In file included from main.cpp:63:
./test-r_complex.h:105:3: warning: '__COUNTER__' is a C2y extension [-Wc2y-extensions]
  105 |   test_that("as_sexp(r_complex)") {
      |   ^
/home/pacha/R/x86_64-pc-linux-gnu-library/4.6/testthat/include/testthat/testthat.h:188:20: note: expanded from macro 'test_that'
  188 | # define test_that CATCH_SECTION
      |                    ^
/home/pacha/R/x86_64-pc-linux-gnu-library/4.6/testthat/include/testthat/vendor/catch.hpp:17627:30: note: expanded from macro 'CATCH_SECTION'
 17627 | #define CATCH_SECTION( ... ) INTERNAL_CATCH_SECTION( __VA_ARGS__ )
       |                              ^
/home/pacha/R/x86_64-pc-linux-gnu-library/4.6/testthat/include/testthat/vendor/catch.hpp:2940:31: note: expanded from macro 'INTERNAL_CATCH_SECTION'
 2940 |     if( Catch::Section const& INTERNAL_CATCH_UNIQUE_NAME( catch_internal_Section ) = Catch::SectionInfo( CATCH_INTERNAL_LINEINFO, __VA_ARGS__ ) ) \
      |                               ^
/home/pacha/R/x86_64-pc-linux-gnu-library/4.6/testthat/include/testthat/vendor/catch.hpp:478:85: note: expanded from macro 'INTERNAL_CATCH_UNIQUE_NAME'
  478 | #  define INTERNAL_CATCH_UNIQUE_NAME( name ) INTERNAL_CATCH_UNIQUE_NAME_LINE( name, __COUNTER__ )
      |                                                                                     ^
In file included from main.cpp:64:
./test-r_string_advanced.h:3:1: warning: '__COUNTER__' is a C2y extension [-Wc2y-extensions]
    3 | context("r_string-advanced-C++") {
      | ^
/home/pacha/R/x86_64-pc-linux-gnu-library/4.6/testthat/include/testthat/testthat.h:187:25: note: expanded from macro 'context'
  187 | # define context(__X__) CATCH_TEST_CASE(__X__ " | " __FILE__)
      |                         ^
/home/pacha/R/x86_64-pc-linux-gnu-library/4.6/testthat/include/testthat/vendor/catch.hpp:17623:32: note: expanded from macro 'CATCH_TEST_CASE'
 17623 | #define CATCH_TEST_CASE( ... ) INTERNAL_CATCH_TESTCASE( __VA_ARGS__ )
       |                                ^
/home/pacha/R/x86_64-pc-linux-gnu-library/4.6/testthat/include/testthat/vendor/catch.hpp:1062:35: note: expanded from macro 'INTERNAL_CATCH_TESTCASE'
 1062 |         INTERNAL_CATCH_TESTCASE2( INTERNAL_CATCH_UNIQUE_NAME( C_A_T_C_H_T_E_S_T_ ), __VA_ARGS__ )
      |                                   ^
/home/pacha/R/x86_64-pc-linux-gnu-library/4.6/testthat/include/testthat/vendor/catch.hpp:478:85: note: expanded from macro 'INTERNAL_CATCH_UNIQUE_NAME'
  478 | #  define INTERNAL_CATCH_UNIQUE_NAME( name ) INTERNAL_CATCH_UNIQUE_NAME_LINE( name, __COUNTER__ )
      |                                                                                     ^
In file included from main.cpp:64:
./test-r_string_advanced.h:3:1: warning: '__COUNTER__' is a C2y extension [-Wc2y-extensions]
/home/pacha/R/x86_64-pc-linux-gnu-library/4.6/testthat/include/testthat/testthat.h:187:25: note: expanded from macro 'context'
  187 | # define context(__X__) CATCH_TEST_CASE(__X__ " | " __FILE__)
      |                         ^
/home/pacha/R/x86_64-pc-linux-gnu-library/4.6/testthat/include/testthat/vendor/catch.hpp:17623:32: note: expanded from macro 'CATCH_TEST_CASE'
 17623 | #define CATCH_TEST_CASE( ... ) INTERNAL_CATCH_TESTCASE( __VA_ARGS__ )
       |                                ^
/home/pacha/R/x86_64-pc-linux-gnu-library/4.6/testthat/include/testthat/vendor/catch.hpp:1062:9: note: expanded from macro 'INTERNAL_CATCH_TESTCASE'
 1062 |         INTERNAL_CATCH_TESTCASE2( INTERNAL_CATCH_UNIQUE_NAME( C_A_T_C_H_T_E_S_T_ ), __VA_ARGS__ )
      |         ^
/home/pacha/R/x86_64-pc-linux-gnu-library/4.6/testthat/include/testthat/vendor/catch.hpp:1058:35: note: expanded from macro 'INTERNAL_CATCH_TESTCASE2'
 1058 |         namespace{ Catch::AutoReg INTERNAL_CATCH_UNIQUE_NAME( autoRegistrar )( Catch::makeTestInvoker( &TestName ), CATCH_INTERNAL_LINEINFO, Catch::StringRef(), Catch::NameAndTags{ __VA_ARGS__ } ); } /* NOLINT */ \
      |                                   ^
/home/pacha/R/x86_64-pc-linux-gnu-library/4.6/testthat/include/testthat/vendor/catch.hpp:478:85: note: expanded from macro 'INTERNAL_CATCH_UNIQUE_NAME'
  478 | #  define INTERNAL_CATCH_UNIQUE_NAME( name ) INTERNAL_CATCH_UNIQUE_NAME_LINE( name, __COUNTER__ )
      |                                                                                     ^
In file included from main.cpp:64:
./test-r_string_advanced.h:4:3: warning: '__COUNTER__' is a C2y extension [-Wc2y-extensions]
    4 |   test_that("r_string size() method") {
      |   ^
/home/pacha/R/x86_64-pc-linux-gnu-library/4.6/testthat/include/testthat/testthat.h:188:20: note: expanded from macro 'test_that'
  188 | # define test_that CATCH_SECTION
      |                    ^
/home/pacha/R/x86_64-pc-linux-gnu-library/4.6/testthat/include/testthat/vendor/catch.hpp:17627:30: note: expanded from macro 'CATCH_SECTION'
 17627 | #define CATCH_SECTION( ... ) INTERNAL_CATCH_SECTION( __VA_ARGS__ )
       |                              ^
/home/pacha/R/x86_64-pc-linux-gnu-library/4.6/testthat/include/testthat/vendor/catch.hpp:2940:31: note: expanded from macro 'INTERNAL_CATCH_SECTION'
 2940 |     if( Catch::Section const& INTERNAL_CATCH_UNIQUE_NAME( catch_internal_Section ) = Catch::SectionInfo( CATCH_INTERNAL_LINEINFO, __VA_ARGS__ ) ) \
      |                               ^
/home/pacha/R/x86_64-pc-linux-gnu-library/4.6/testthat/include/testthat/vendor/catch.hpp:478:85: note: expanded from macro 'INTERNAL_CATCH_UNIQUE_NAME'
  478 | #  define INTERNAL_CATCH_UNIQUE_NAME( name ) INTERNAL_CATCH_UNIQUE_NAME_LINE( name, __COUNTER__ )
      |                                                                                     ^
In file included from main.cpp:64:
./test-r_string_advanced.h:12:3: warning: '__COUNTER__' is a C2y extension [-Wc2y-extensions]
   12 |   test_that("r_string comparison with std::string") {
      |   ^
/home/pacha/R/x86_64-pc-linux-gnu-library/4.6/testthat/include/testthat/testthat.h:188:20: note: expanded from macro 'test_that'
  188 | # define test_that CATCH_SECTION
      |                    ^
/home/pacha/R/x86_64-pc-linux-gnu-library/4.6/testthat/include/testthat/vendor/catch.hpp:17627:30: note: expanded from macro 'CATCH_SECTION'
 17627 | #define CATCH_SECTION( ... ) INTERNAL_CATCH_SECTION( __VA_ARGS__ )
       |                              ^
/home/pacha/R/x86_64-pc-linux-gnu-library/4.6/testthat/include/testthat/vendor/catch.hpp:2940:31: note: expanded from macro 'INTERNAL_CATCH_SECTION'
 2940 |     if( Catch::Section const& INTERNAL_CATCH_UNIQUE_NAME( catch_internal_Section ) = Catch::SectionInfo( CATCH_INTERNAL_LINEINFO, __VA_ARGS__ ) ) \
      |                               ^
/home/pacha/R/x86_64-pc-linux-gnu-library/4.6/testthat/include/testthat/vendor/catch.hpp:478:85: note: expanded from macro 'INTERNAL_CATCH_UNIQUE_NAME'
  478 | #  define INTERNAL_CATCH_UNIQUE_NAME( name ) INTERNAL_CATCH_UNIQUE_NAME_LINE( name, __COUNTER__ )
      |                                                                                     ^
In file included from main.cpp:64:
./test-r_string_advanced.h:19:3: warning: '__COUNTER__' is a C2y extension [-Wc2y-extensions]
   19 |   test_that("r_string comparison with SEXP") {
      |   ^
/home/pacha/R/x86_64-pc-linux-gnu-library/4.6/testthat/include/testthat/testthat.h:188:20: note: expanded from macro 'test_that'
  188 | # define test_that CATCH_SECTION
      |                    ^
/home/pacha/R/x86_64-pc-linux-gnu-library/4.6/testthat/include/testthat/vendor/catch.hpp:17627:30: note: expanded from macro 'CATCH_SECTION'
 17627 | #define CATCH_SECTION( ... ) INTERNAL_CATCH_SECTION( __VA_ARGS__ )
       |                              ^
/home/pacha/R/x86_64-pc-linux-gnu-library/4.6/testthat/include/testthat/vendor/catch.hpp:2940:31: note: expanded from macro 'INTERNAL_CATCH_SECTION'
 2940 |     if( Catch::Section const& INTERNAL_CATCH_UNIQUE_NAME( catch_internal_Section ) = Catch::SectionInfo( CATCH_INTERNAL_LINEINFO, __VA_ARGS__ ) ) \
      |                               ^
/home/pacha/R/x86_64-pc-linux-gnu-library/4.6/testthat/include/testthat/vendor/catch.hpp:478:85: note: expanded from macro 'INTERNAL_CATCH_UNIQUE_NAME'
  478 | #  define INTERNAL_CATCH_UNIQUE_NAME( name ) INTERNAL_CATCH_UNIQUE_NAME_LINE( name, __COUNTER__ )
      |                                                                                     ^
In file included from main.cpp:64:
./test-r_string_advanced.h:25:3: warning: '__COUNTER__' is a C2y extension [-Wc2y-extensions]
   25 |   test_that("r_string conversion to std::string") {
      |   ^
/home/pacha/R/x86_64-pc-linux-gnu-library/4.6/testthat/include/testthat/testthat.h:188:20: note: expanded from macro 'test_that'
  188 | # define test_that CATCH_SECTION
      |                    ^
/home/pacha/R/x86_64-pc-linux-gnu-library/4.6/testthat/include/testthat/vendor/catch.hpp:17627:30: note: expanded from macro 'CATCH_SECTION'
 17627 | #define CATCH_SECTION( ... ) INTERNAL_CATCH_SECTION( __VA_ARGS__ )
       |                              ^
/home/pacha/R/x86_64-pc-linux-gnu-library/4.6/testthat/include/testthat/vendor/catch.hpp:2940:31: note: expanded from macro 'INTERNAL_CATCH_SECTION'
 2940 |     if( Catch::Section const& INTERNAL_CATCH_UNIQUE_NAME( catch_internal_Section ) = Catch::SectionInfo( CATCH_INTERNAL_LINEINFO, __VA_ARGS__ ) ) \
      |                               ^
/home/pacha/R/x86_64-pc-linux-gnu-library/4.6/testthat/include/testthat/vendor/catch.hpp:478:85: note: expanded from macro 'INTERNAL_CATCH_UNIQUE_NAME'
  478 | #  define INTERNAL_CATCH_UNIQUE_NAME( name ) INTERNAL_CATCH_UNIQUE_NAME_LINE( name, __COUNTER__ )
      |                                                                                     ^
In file included from main.cpp:64:
./test-r_string_advanced.h:31:3: warning: '__COUNTER__' is a C2y extension [-Wc2y-extensions]
   31 |   test_that("r_string from std::string preserves content") {
      |   ^
/home/pacha/R/x86_64-pc-linux-gnu-library/4.6/testthat/include/testthat/testthat.h:188:20: note: expanded from macro 'test_that'
  188 | # define test_that CATCH_SECTION
      |                    ^
/home/pacha/R/x86_64-pc-linux-gnu-library/4.6/testthat/include/testthat/vendor/catch.hpp:17627:30: note: expanded from macro 'CATCH_SECTION'
 17627 | #define CATCH_SECTION( ... ) INTERNAL_CATCH_SECTION( __VA_ARGS__ )
       |                              ^
/home/pacha/R/x86_64-pc-linux-gnu-library/4.6/testthat/include/testthat/vendor/catch.hpp:2940:31: note: expanded from macro 'INTERNAL_CATCH_SECTION'
 2940 |     if( Catch::Section const& INTERNAL_CATCH_UNIQUE_NAME( catch_internal_Section ) = Catch::SectionInfo( CATCH_INTERNAL_LINEINFO, __VA_ARGS__ ) ) \
      |                               ^
/home/pacha/R/x86_64-pc-linux-gnu-library/4.6/testthat/include/testthat/vendor/catch.hpp:478:85: note: expanded from macro 'INTERNAL_CATCH_UNIQUE_NAME'
  478 | #  define INTERNAL_CATCH_UNIQUE_NAME( name ) INTERNAL_CATCH_UNIQUE_NAME_LINE( name, __COUNTER__ )
      |                                                                                     ^
In file included from main.cpp:64:
./test-r_string_advanced.h:38:3: warning: '__COUNTER__' is a C2y extension [-Wc2y-extensions]
   38 |   test_that("as_sexp for initializer_list of r_string") {
      |   ^
/home/pacha/R/x86_64-pc-linux-gnu-library/4.6/testthat/include/testthat/testthat.h:188:20: note: expanded from macro 'test_that'
  188 | # define test_that CATCH_SECTION
      |                    ^
/home/pacha/R/x86_64-pc-linux-gnu-library/4.6/testthat/include/testthat/vendor/catch.hpp:17627:30: note: expanded from macro 'CATCH_SECTION'
 17627 | #define CATCH_SECTION( ... ) INTERNAL_CATCH_SECTION( __VA_ARGS__ )
       |                              ^
/home/pacha/R/x86_64-pc-linux-gnu-library/4.6/testthat/include/testthat/vendor/catch.hpp:2940:31: note: expanded from macro 'INTERNAL_CATCH_SECTION'
 2940 |     if( Catch::Section const& INTERNAL_CATCH_UNIQUE_NAME( catch_internal_Section ) = Catch::SectionInfo( CATCH_INTERNAL_LINEINFO, __VA_ARGS__ ) ) \
      |                               ^
/home/pacha/R/x86_64-pc-linux-gnu-library/4.6/testthat/include/testthat/vendor/catch.hpp:478:85: note: expanded from macro 'INTERNAL_CATCH_UNIQUE_NAME'
  478 | #  define INTERNAL_CATCH_UNIQUE_NAME( name ) INTERNAL_CATCH_UNIQUE_NAME_LINE( name, __COUNTER__ )
      |                                                                                     ^
In file included from main.cpp:64:
./test-r_string_advanced.h:46:3: warning: '__COUNTER__' is a C2y extension [-Wc2y-extensions]
   46 |   test_that("as_sexp for initializer_list with NA_STRING") {
      |   ^
/home/pacha/R/x86_64-pc-linux-gnu-library/4.6/testthat/include/testthat/testthat.h:188:20: note: expanded from macro 'test_that'
  188 | # define test_that CATCH_SECTION
      |                    ^
/home/pacha/R/x86_64-pc-linux-gnu-library/4.6/testthat/include/testthat/vendor/catch.hpp:17627:30: note: expanded from macro 'CATCH_SECTION'
 17627 | #define CATCH_SECTION( ... ) INTERNAL_CATCH_SECTION( __VA_ARGS__ )
       |                              ^
/home/pacha/R/x86_64-pc-linux-gnu-library/4.6/testthat/include/testthat/vendor/catch.hpp:2940:31: note: expanded from macro 'INTERNAL_CATCH_SECTION'
 2940 |     if( Catch::Section const& INTERNAL_CATCH_UNIQUE_NAME( catch_internal_Section ) = Catch::SectionInfo( CATCH_INTERNAL_LINEINFO, __VA_ARGS__ ) ) \
      |                               ^
/home/pacha/R/x86_64-pc-linux-gnu-library/4.6/testthat/include/testthat/vendor/catch.hpp:478:85: note: expanded from macro 'INTERNAL_CATCH_UNIQUE_NAME'
  478 | #  define INTERNAL_CATCH_UNIQUE_NAME( name ) INTERNAL_CATCH_UNIQUE_NAME_LINE( name, __COUNTER__ )
      |                                                                                     ^
In file included from main.cpp:65:
./test-r_vector.h:3:1: warning: '__COUNTER__' is a C2y extension [-Wc2y-extensions]
    3 | context("r_vector-capabilities-C++") {
      | ^
/home/pacha/R/x86_64-pc-linux-gnu-library/4.6/testthat/include/testthat/testthat.h:187:25: note: expanded from macro 'context'
  187 | # define context(__X__) CATCH_TEST_CASE(__X__ " | " __FILE__)
      |                         ^
/home/pacha/R/x86_64-pc-linux-gnu-library/4.6/testthat/include/testthat/vendor/catch.hpp:17623:32: note: expanded from macro 'CATCH_TEST_CASE'
 17623 | #define CATCH_TEST_CASE( ... ) INTERNAL_CATCH_TESTCASE( __VA_ARGS__ )
       |                                ^
/home/pacha/R/x86_64-pc-linux-gnu-library/4.6/testthat/include/testthat/vendor/catch.hpp:1062:35: note: expanded from macro 'INTERNAL_CATCH_TESTCASE'
 1062 |         INTERNAL_CATCH_TESTCASE2( INTERNAL_CATCH_UNIQUE_NAME( C_A_T_C_H_T_E_S_T_ ), __VA_ARGS__ )
      |                                   ^
/home/pacha/R/x86_64-pc-linux-gnu-library/4.6/testthat/include/testthat/vendor/catch.hpp:478:85: note: expanded from macro 'INTERNAL_CATCH_UNIQUE_NAME'
  478 | #  define INTERNAL_CATCH_UNIQUE_NAME( name ) INTERNAL_CATCH_UNIQUE_NAME_LINE( name, __COUNTER__ )
      |                                                                                     ^
In file included from main.cpp:65:
./test-r_vector.h:3:1: warning: '__COUNTER__' is a C2y extension [-Wc2y-extensions]
/home/pacha/R/x86_64-pc-linux-gnu-library/4.6/testthat/include/testthat/testthat.h:187:25: note: expanded from macro 'context'
  187 | # define context(__X__) CATCH_TEST_CASE(__X__ " | " __FILE__)
      |                         ^
/home/pacha/R/x86_64-pc-linux-gnu-library/4.6/testthat/include/testthat/vendor/catch.hpp:17623:32: note: expanded from macro 'CATCH_TEST_CASE'
 17623 | #define CATCH_TEST_CASE( ... ) INTERNAL_CATCH_TESTCASE( __VA_ARGS__ )
       |                                ^
/home/pacha/R/x86_64-pc-linux-gnu-library/4.6/testthat/include/testthat/vendor/catch.hpp:1062:9: note: expanded from macro 'INTERNAL_CATCH_TESTCASE'
 1062 |         INTERNAL_CATCH_TESTCASE2( INTERNAL_CATCH_UNIQUE_NAME( C_A_T_C_H_T_E_S_T_ ), __VA_ARGS__ )
      |         ^
/home/pacha/R/x86_64-pc-linux-gnu-library/4.6/testthat/include/testthat/vendor/catch.hpp:1058:35: note: expanded from macro 'INTERNAL_CATCH_TESTCASE2'
 1058 |         namespace{ Catch::AutoReg INTERNAL_CATCH_UNIQUE_NAME( autoRegistrar )( Catch::makeTestInvoker( &TestName ), CATCH_INTERNAL_LINEINFO, Catch::StringRef(), Catch::NameAndTags{ __VA_ARGS__ } ); } /* NOLINT */ \
      |                                   ^
/home/pacha/R/x86_64-pc-linux-gnu-library/4.6/testthat/include/testthat/vendor/catch.hpp:478:85: note: expanded from macro 'INTERNAL_CATCH_UNIQUE_NAME'
  478 | #  define INTERNAL_CATCH_UNIQUE_NAME( name ) INTERNAL_CATCH_UNIQUE_NAME_LINE( name, __COUNTER__ )
      |                                                                                     ^
In file included from main.cpp:65:
./test-r_vector.h:4:3: warning: '__COUNTER__' is a C2y extension [-Wc2y-extensions]
    4 |   test_that("read only vector capabilities") {
      |   ^
/home/pacha/R/x86_64-pc-linux-gnu-library/4.6/testthat/include/testthat/testthat.h:188:20: note: expanded from macro 'test_that'
  188 | # define test_that CATCH_SECTION
      |                    ^
/home/pacha/R/x86_64-pc-linux-gnu-library/4.6/testthat/include/testthat/vendor/catch.hpp:17627:30: note: expanded from macro 'CATCH_SECTION'
 17627 | #define CATCH_SECTION( ... ) INTERNAL_CATCH_SECTION( __VA_ARGS__ )
       |                              ^
/home/pacha/R/x86_64-pc-linux-gnu-library/4.6/testthat/include/testthat/vendor/catch.hpp:2940:31: note: expanded from macro 'INTERNAL_CATCH_SECTION'
 2940 |     if( Catch::Section const& INTERNAL_CATCH_UNIQUE_NAME( catch_internal_Section ) = Catch::SectionInfo( CATCH_INTERNAL_LINEINFO, __VA_ARGS__ ) ) \
      |                               ^
/home/pacha/R/x86_64-pc-linux-gnu-library/4.6/testthat/include/testthat/vendor/catch.hpp:478:85: note: expanded from macro 'INTERNAL_CATCH_UNIQUE_NAME'
  478 | #  define INTERNAL_CATCH_UNIQUE_NAME( name ) INTERNAL_CATCH_UNIQUE_NAME_LINE( name, __COUNTER__ )
      |                                                                                     ^
In file included from main.cpp:65:
./test-r_vector.h:16:3: warning: '__COUNTER__' is a C2y extension [-Wc2y-extensions]
   16 |   test_that("writable vector capabilities") {
      |   ^
/home/pacha/R/x86_64-pc-linux-gnu-library/4.6/testthat/include/testthat/testthat.h:188:20: note: expanded from macro 'test_that'
  188 | # define test_that CATCH_SECTION
      |                    ^
/home/pacha/R/x86_64-pc-linux-gnu-library/4.6/testthat/include/testthat/vendor/catch.hpp:17627:30: note: expanded from macro 'CATCH_SECTION'
 17627 | #define CATCH_SECTION( ... ) INTERNAL_CATCH_SECTION( __VA_ARGS__ )
       |                              ^
/home/pacha/R/x86_64-pc-linux-gnu-library/4.6/testthat/include/testthat/vendor/catch.hpp:2940:31: note: expanded from macro 'INTERNAL_CATCH_SECTION'
 2940 |     if( Catch::Section const& INTERNAL_CATCH_UNIQUE_NAME( catch_internal_Section ) = Catch::SectionInfo( CATCH_INTERNAL_LINEINFO, __VA_ARGS__ ) ) \
      |                               ^
/home/pacha/R/x86_64-pc-linux-gnu-library/4.6/testthat/include/testthat/vendor/catch.hpp:478:85: note: expanded from macro 'INTERNAL_CATCH_UNIQUE_NAME'
  478 | #  define INTERNAL_CATCH_UNIQUE_NAME( name ) INTERNAL_CATCH_UNIQUE_NAME_LINE( name, __COUNTER__ )
      |                                                                                     ^
In file included from main.cpp:65:
./test-r_vector.h:28:3: warning: '__COUNTER__' is a C2y extension [-Wc2y-extensions]
   28 |   test_that("read only const_iterator capabilities") {
      |   ^
/home/pacha/R/x86_64-pc-linux-gnu-library/4.6/testthat/include/testthat/testthat.h:188:20: note: expanded from macro 'test_that'
  188 | # define test_that CATCH_SECTION
      |                    ^
/home/pacha/R/x86_64-pc-linux-gnu-library/4.6/testthat/include/testthat/vendor/catch.hpp:17627:30: note: expanded from macro 'CATCH_SECTION'
 17627 | #define CATCH_SECTION( ... ) INTERNAL_CATCH_SECTION( __VA_ARGS__ )
       |                              ^
/home/pacha/R/x86_64-pc-linux-gnu-library/4.6/testthat/include/testthat/vendor/catch.hpp:2940:31: note: expanded from macro 'INTERNAL_CATCH_SECTION'
 2940 |     if( Catch::Section const& INTERNAL_CATCH_UNIQUE_NAME( catch_internal_Section ) = Catch::SectionInfo( CATCH_INTERNAL_LINEINFO, __VA_ARGS__ ) ) \
      |                               ^
/home/pacha/R/x86_64-pc-linux-gnu-library/4.6/testthat/include/testthat/vendor/catch.hpp:478:85: note: expanded from macro 'INTERNAL_CATCH_UNIQUE_NAME'
  478 | #  define INTERNAL_CATCH_UNIQUE_NAME( name ) INTERNAL_CATCH_UNIQUE_NAME_LINE( name, __COUNTER__ )
      |                                                                                     ^
In file included from main.cpp:65:
./test-r_vector.h:41:3: warning: '__COUNTER__' is a C2y extension [-Wc2y-extensions]
   41 |   test_that("writable iterator capabilities") {
      |   ^
/home/pacha/R/x86_64-pc-linux-gnu-library/4.6/testthat/include/testthat/testthat.h:188:20: note: expanded from macro 'test_that'
  188 | # define test_that CATCH_SECTION
      |                    ^
/home/pacha/R/x86_64-pc-linux-gnu-library/4.6/testthat/include/testthat/vendor/catch.hpp:17627:30: note: expanded from macro 'CATCH_SECTION'
 17627 | #define CATCH_SECTION( ... ) INTERNAL_CATCH_SECTION( __VA_ARGS__ )
       |                              ^
/home/pacha/R/x86_64-pc-linux-gnu-library/4.6/testthat/include/testthat/vendor/catch.hpp:2940:31: note: expanded from macro 'INTERNAL_CATCH_SECTION'
 2940 |     if( Catch::Section const& INTERNAL_CATCH_UNIQUE_NAME( catch_internal_Section ) = Catch::SectionInfo( CATCH_INTERNAL_LINEINFO, __VA_ARGS__ ) ) \
      |                               ^
/home/pacha/R/x86_64-pc-linux-gnu-library/4.6/testthat/include/testthat/vendor/catch.hpp:478:85: note: expanded from macro 'INTERNAL_CATCH_UNIQUE_NAME'
  478 | #  define INTERNAL_CATCH_UNIQUE_NAME( name ) INTERNAL_CATCH_UNIQUE_NAME_LINE( name, __COUNTER__ )
      |                                                                                     ^
In file included from main.cpp:65:
./test-r_vector.h:54:3: warning: '__COUNTER__' is a C2y extension [-Wc2y-extensions]
   54 |   test_that("writable proxy capabilities") {
      |   ^
/home/pacha/R/x86_64-pc-linux-gnu-library/4.6/testthat/include/testthat/testthat.h:188:20: note: expanded from macro 'test_that'
  188 | # define test_that CATCH_SECTION
      |                    ^
/home/pacha/R/x86_64-pc-linux-gnu-library/4.6/testthat/include/testthat/vendor/catch.hpp:17627:30: note: expanded from macro 'CATCH_SECTION'
 17627 | #define CATCH_SECTION( ... ) INTERNAL_CATCH_SECTION( __VA_ARGS__ )
       |                              ^
/home/pacha/R/x86_64-pc-linux-gnu-library/4.6/testthat/include/testthat/vendor/catch.hpp:2940:31: note: expanded from macro 'INTERNAL_CATCH_SECTION'
 2940 |     if( Catch::Section const& INTERNAL_CATCH_UNIQUE_NAME( catch_internal_Section ) = Catch::SectionInfo( CATCH_INTERNAL_LINEINFO, __VA_ARGS__ ) ) \
      |                               ^
/home/pacha/R/x86_64-pc-linux-gnu-library/4.6/testthat/include/testthat/vendor/catch.hpp:478:85: note: expanded from macro 'INTERNAL_CATCH_UNIQUE_NAME'
  478 | #  define INTERNAL_CATCH_UNIQUE_NAME( name ) INTERNAL_CATCH_UNIQUE_NAME_LINE( name, __COUNTER__ )
      |                                                                                     ^
In file included from main.cpp:65:
./test-r_vector.h:66:1: warning: '__COUNTER__' is a C2y extension [-Wc2y-extensions]
   66 | context("r_vector-C++") {
      | ^
/home/pacha/R/x86_64-pc-linux-gnu-library/4.6/testthat/include/testthat/testthat.h:187:25: note: expanded from macro 'context'
  187 | # define context(__X__) CATCH_TEST_CASE(__X__ " | " __FILE__)
      |                         ^
/home/pacha/R/x86_64-pc-linux-gnu-library/4.6/testthat/include/testthat/vendor/catch.hpp:17623:32: note: expanded from macro 'CATCH_TEST_CASE'
 17623 | #define CATCH_TEST_CASE( ... ) INTERNAL_CATCH_TESTCASE( __VA_ARGS__ )
       |                                ^
/home/pacha/R/x86_64-pc-linux-gnu-library/4.6/testthat/include/testthat/vendor/catch.hpp:1062:35: note: expanded from macro 'INTERNAL_CATCH_TESTCASE'
 1062 |         INTERNAL_CATCH_TESTCASE2( INTERNAL_CATCH_UNIQUE_NAME( C_A_T_C_H_T_E_S_T_ ), __VA_ARGS__ )
      |                                   ^
/home/pacha/R/x86_64-pc-linux-gnu-library/4.6/testthat/include/testthat/vendor/catch.hpp:478:85: note: expanded from macro 'INTERNAL_CATCH_UNIQUE_NAME'
  478 | #  define INTERNAL_CATCH_UNIQUE_NAME( name ) INTERNAL_CATCH_UNIQUE_NAME_LINE( name, __COUNTER__ )
      |                                                                                     ^
In file included from main.cpp:65:
./test-r_vector.h:66:1: warning: '__COUNTER__' is a C2y extension [-Wc2y-extensions]
/home/pacha/R/x86_64-pc-linux-gnu-library/4.6/testthat/include/testthat/testthat.h:187:25: note: expanded from macro 'context'
  187 | # define context(__X__) CATCH_TEST_CASE(__X__ " | " __FILE__)
      |                         ^
/home/pacha/R/x86_64-pc-linux-gnu-library/4.6/testthat/include/testthat/vendor/catch.hpp:17623:32: note: expanded from macro 'CATCH_TEST_CASE'
 17623 | #define CATCH_TEST_CASE( ... ) INTERNAL_CATCH_TESTCASE( __VA_ARGS__ )
       |                                ^
/home/pacha/R/x86_64-pc-linux-gnu-library/4.6/testthat/include/testthat/vendor/catch.hpp:1062:9: note: expanded from macro 'INTERNAL_CATCH_TESTCASE'
 1062 |         INTERNAL_CATCH_TESTCASE2( INTERNAL_CATCH_UNIQUE_NAME( C_A_T_C_H_T_E_S_T_ ), __VA_ARGS__ )
      |         ^
/home/pacha/R/x86_64-pc-linux-gnu-library/4.6/testthat/include/testthat/vendor/catch.hpp:1058:35: note: expanded from macro 'INTERNAL_CATCH_TESTCASE2'
 1058 |         namespace{ Catch::AutoReg INTERNAL_CATCH_UNIQUE_NAME( autoRegistrar )( Catch::makeTestInvoker( &TestName ), CATCH_INTERNAL_LINEINFO, Catch::StringRef(), Catch::NameAndTags{ __VA_ARGS__ } ); } /* NOLINT */ \
      |                                   ^
/home/pacha/R/x86_64-pc-linux-gnu-library/4.6/testthat/include/testthat/vendor/catch.hpp:478:85: note: expanded from macro 'INTERNAL_CATCH_UNIQUE_NAME'
  478 | #  define INTERNAL_CATCH_UNIQUE_NAME( name ) INTERNAL_CATCH_UNIQUE_NAME_LINE( name, __COUNTER__ )
      |                                                                                     ^
In file included from main.cpp:65:
./test-r_vector.h:67:3: warning: '__COUNTER__' is a C2y extension [-Wc2y-extensions]
   67 |   test_that("writable vector temporary isn't leaked (integer) (#338)") {
      |   ^
/home/pacha/R/x86_64-pc-linux-gnu-library/4.6/testthat/include/testthat/testthat.h:188:20: note: expanded from macro 'test_that'
  188 | # define test_that CATCH_SECTION
      |                    ^
/home/pacha/R/x86_64-pc-linux-gnu-library/4.6/testthat/include/testthat/vendor/catch.hpp:17627:30: note: expanded from macro 'CATCH_SECTION'
 17627 | #define CATCH_SECTION( ... ) INTERNAL_CATCH_SECTION( __VA_ARGS__ )
       |                              ^
/home/pacha/R/x86_64-pc-linux-gnu-library/4.6/testthat/include/testthat/vendor/catch.hpp:2940:31: note: expanded from macro 'INTERNAL_CATCH_SECTION'
 2940 |     if( Catch::Section const& INTERNAL_CATCH_UNIQUE_NAME( catch_internal_Section ) = Catch::SectionInfo( CATCH_INTERNAL_LINEINFO, __VA_ARGS__ ) ) \
      |                               ^
/home/pacha/R/x86_64-pc-linux-gnu-library/4.6/testthat/include/testthat/vendor/catch.hpp:478:85: note: expanded from macro 'INTERNAL_CATCH_UNIQUE_NAME'
  478 | #  define INTERNAL_CATCH_UNIQUE_NAME( name ) INTERNAL_CATCH_UNIQUE_NAME_LINE( name, __COUNTER__ )
      |                                                                                     ^
In file included from main.cpp:65:
./test-r_vector.h:84:3: warning: '__COUNTER__' is a C2y extension [-Wc2y-extensions]
   84 |   test_that("writable vector temporary isn't leaked (list) (#338)") {
      |   ^
/home/pacha/R/x86_64-pc-linux-gnu-library/4.6/testthat/include/testthat/testthat.h:188:20: note: expanded from macro 'test_that'
  188 | # define test_that CATCH_SECTION
      |                    ^
/home/pacha/R/x86_64-pc-linux-gnu-library/4.6/testthat/include/testthat/vendor/catch.hpp:17627:30: note: expanded from macro 'CATCH_SECTION'
 17627 | #define CATCH_SECTION( ... ) INTERNAL_CATCH_SECTION( __VA_ARGS__ )
       |                              ^
/home/pacha/R/x86_64-pc-linux-gnu-library/4.6/testthat/include/testthat/vendor/catch.hpp:2940:31: note: expanded from macro 'INTERNAL_CATCH_SECTION'
 2940 |     if( Catch::Section const& INTERNAL_CATCH_UNIQUE_NAME( catch_internal_Section ) = Catch::SectionInfo( CATCH_INTERNAL_LINEINFO, __VA_ARGS__ ) ) \
      |                               ^
/home/pacha/R/x86_64-pc-linux-gnu-library/4.6/testthat/include/testthat/vendor/catch.hpp:478:85: note: expanded from macro 'INTERNAL_CATCH_UNIQUE_NAME'
  478 | #  define INTERNAL_CATCH_UNIQUE_NAME( name ) INTERNAL_CATCH_UNIQUE_NAME_LINE( name, __COUNTER__ )
      |                                                                                     ^
In file included from main.cpp:65:
./test-r_vector.h:101:3: warning: '__COUNTER__' is a C2y extension [-Wc2y-extensions]
  101 |   test_that("read-only vector copy constructor doesn't clear properties (#365)") {
      |   ^
/home/pacha/R/x86_64-pc-linux-gnu-library/4.6/testthat/include/testthat/testthat.h:188:20: note: expanded from macro 'test_that'
  188 | # define test_that CATCH_SECTION
      |                    ^
/home/pacha/R/x86_64-pc-linux-gnu-library/4.6/testthat/include/testthat/vendor/catch.hpp:17627:30: note: expanded from macro 'CATCH_SECTION'
 17627 | #define CATCH_SECTION( ... ) INTERNAL_CATCH_SECTION( __VA_ARGS__ )
       |                              ^
/home/pacha/R/x86_64-pc-linux-gnu-library/4.6/testthat/include/testthat/vendor/catch.hpp:2940:31: note: expanded from macro 'INTERNAL_CATCH_SECTION'
 2940 |     if( Catch::Section const& INTERNAL_CATCH_UNIQUE_NAME( catch_internal_Section ) = Catch::SectionInfo( CATCH_INTERNAL_LINEINFO, __VA_ARGS__ ) ) \
      |                               ^
/home/pacha/R/x86_64-pc-linux-gnu-library/4.6/testthat/include/testthat/vendor/catch.hpp:478:85: note: expanded from macro 'INTERNAL_CATCH_UNIQUE_NAME'
  478 | #  define INTERNAL_CATCH_UNIQUE_NAME( name ) INTERNAL_CATCH_UNIQUE_NAME_LINE( name, __COUNTER__ )
      |                                                                                     ^
In file included from main.cpp:65:
./test-r_vector.h:134:3: warning: '__COUNTER__' is a C2y extension [-Wc2y-extensions]
  134 |   test_that("read-only vector move constructor clears properties (#365)") {
      |   ^
/home/pacha/R/x86_64-pc-linux-gnu-library/4.6/testthat/include/testthat/testthat.h:188:20: note: expanded from macro 'test_that'
  188 | # define test_that CATCH_SECTION
      |                    ^
/home/pacha/R/x86_64-pc-linux-gnu-library/4.6/testthat/include/testthat/vendor/catch.hpp:17627:30: note: expanded from macro 'CATCH_SECTION'
 17627 | #define CATCH_SECTION( ... ) INTERNAL_CATCH_SECTION( __VA_ARGS__ )
       |                              ^
/home/pacha/R/x86_64-pc-linux-gnu-library/4.6/testthat/include/testthat/vendor/catch.hpp:2940:31: note: expanded from macro 'INTERNAL_CATCH_SECTION'
 2940 |     if( Catch::Section const& INTERNAL_CATCH_UNIQUE_NAME( catch_internal_Section ) = Catch::SectionInfo( CATCH_INTERNAL_LINEINFO, __VA_ARGS__ ) ) \
      |                               ^
/home/pacha/R/x86_64-pc-linux-gnu-library/4.6/testthat/include/testthat/vendor/catch.hpp:478:85: note: expanded from macro 'INTERNAL_CATCH_UNIQUE_NAME'
  478 | #  define INTERNAL_CATCH_UNIQUE_NAME( name ) INTERNAL_CATCH_UNIQUE_NAME_LINE( name, __COUNTER__ )
      |                                                                                     ^
In file included from main.cpp:65:
./test-r_vector.h:163:3: warning: '__COUNTER__' is a C2y extension [-Wc2y-extensions]
  163 |   test_that("writable vector copy constructor does not clear properties (#365)") {
      |   ^
/home/pacha/R/x86_64-pc-linux-gnu-library/4.6/testthat/include/testthat/testthat.h:188:20: note: expanded from macro 'test_that'
  188 | # define test_that CATCH_SECTION
      |                    ^
/home/pacha/R/x86_64-pc-linux-gnu-library/4.6/testthat/include/testthat/vendor/catch.hpp:17627:30: note: expanded from macro 'CATCH_SECTION'
 17627 | #define CATCH_SECTION( ... ) INTERNAL_CATCH_SECTION( __VA_ARGS__ )
       |                              ^
/home/pacha/R/x86_64-pc-linux-gnu-library/4.6/testthat/include/testthat/vendor/catch.hpp:2940:31: note: expanded from macro 'INTERNAL_CATCH_SECTION'
 2940 |     if( Catch::Section const& INTERNAL_CATCH_UNIQUE_NAME( catch_internal_Section ) = Catch::SectionInfo( CATCH_INTERNAL_LINEINFO, __VA_ARGS__ ) ) \
      |                               ^
/home/pacha/R/x86_64-pc-linux-gnu-library/4.6/testthat/include/testthat/vendor/catch.hpp:478:85: note: expanded from macro 'INTERNAL_CATCH_UNIQUE_NAME'
  478 | #  define INTERNAL_CATCH_UNIQUE_NAME( name ) INTERNAL_CATCH_UNIQUE_NAME_LINE( name, __COUNTER__ )
      |                                                                                     ^
In file included from main.cpp:65:
./test-r_vector.h:190:3: warning: '__COUNTER__' is a C2y extension [-Wc2y-extensions]
  190 |   test_that("writable vector move constructor clears properties (#365)") {
      |   ^
/home/pacha/R/x86_64-pc-linux-gnu-library/4.6/testthat/include/testthat/testthat.h:188:20: note: expanded from macro 'test_that'
  188 | # define test_that CATCH_SECTION
      |                    ^
/home/pacha/R/x86_64-pc-linux-gnu-library/4.6/testthat/include/testthat/vendor/catch.hpp:17627:30: note: expanded from macro 'CATCH_SECTION'
 17627 | #define CATCH_SECTION( ... ) INTERNAL_CATCH_SECTION( __VA_ARGS__ )
       |                              ^
/home/pacha/R/x86_64-pc-linux-gnu-library/4.6/testthat/include/testthat/vendor/catch.hpp:2940:31: note: expanded from macro 'INTERNAL_CATCH_SECTION'
 2940 |     if( Catch::Section const& INTERNAL_CATCH_UNIQUE_NAME( catch_internal_Section ) = Catch::SectionInfo( CATCH_INTERNAL_LINEINFO, __VA_ARGS__ ) ) \
      |                               ^
/home/pacha/R/x86_64-pc-linux-gnu-library/4.6/testthat/include/testthat/vendor/catch.hpp:478:85: note: expanded from macro 'INTERNAL_CATCH_UNIQUE_NAME'
  478 | #  define INTERNAL_CATCH_UNIQUE_NAME( name ) INTERNAL_CATCH_UNIQUE_NAME_LINE( name, __COUNTER__ )
      |                                                                                     ^
In file included from main.cpp:65:
./test-r_vector.h:214:3: warning: '__COUNTER__' is a C2y extension [-Wc2y-extensions]
  214 |   test_that("read-only vector copy assignment operator doesn't clear properties (#365)") {
      |   ^
/home/pacha/R/x86_64-pc-linux-gnu-library/4.6/testthat/include/testthat/testthat.h:188:20: note: expanded from macro 'test_that'
  188 | # define test_that CATCH_SECTION
      |                    ^
/home/pacha/R/x86_64-pc-linux-gnu-library/4.6/testthat/include/testthat/vendor/catch.hpp:17627:30: note: expanded from macro 'CATCH_SECTION'
 17627 | #define CATCH_SECTION( ... ) INTERNAL_CATCH_SECTION( __VA_ARGS__ )
       |                              ^
/home/pacha/R/x86_64-pc-linux-gnu-library/4.6/testthat/include/testthat/vendor/catch.hpp:2940:31: note: expanded from macro 'INTERNAL_CATCH_SECTION'
 2940 |     if( Catch::Section const& INTERNAL_CATCH_UNIQUE_NAME( catch_internal_Section ) = Catch::SectionInfo( CATCH_INTERNAL_LINEINFO, __VA_ARGS__ ) ) \
      |                               ^
/home/pacha/R/x86_64-pc-linux-gnu-library/4.6/testthat/include/testthat/vendor/catch.hpp:478:85: note: expanded from macro 'INTERNAL_CATCH_UNIQUE_NAME'
  478 | #  define INTERNAL_CATCH_UNIQUE_NAME( name ) INTERNAL_CATCH_UNIQUE_NAME_LINE( name, __COUNTER__ )
      |                                                                                     ^
In file included from main.cpp:65:
./test-r_vector.h:252:3: warning: '__COUNTER__' is a C2y extension [-Wc2y-extensions]
  252 |   test_that("read-only vector move assignment operator clears properties (#365)") {
      |   ^
/home/pacha/R/x86_64-pc-linux-gnu-library/4.6/testthat/include/testthat/testthat.h:188:20: note: expanded from macro 'test_that'
  188 | # define test_that CATCH_SECTION
      |                    ^
/home/pacha/R/x86_64-pc-linux-gnu-library/4.6/testthat/include/testthat/vendor/catch.hpp:17627:30: note: expanded from macro 'CATCH_SECTION'
 17627 | #define CATCH_SECTION( ... ) INTERNAL_CATCH_SECTION( __VA_ARGS__ )
       |                              ^
/home/pacha/R/x86_64-pc-linux-gnu-library/4.6/testthat/include/testthat/vendor/catch.hpp:2940:31: note: expanded from macro 'INTERNAL_CATCH_SECTION'
 2940 |     if( Catch::Section const& INTERNAL_CATCH_UNIQUE_NAME( catch_internal_Section ) = Catch::SectionInfo( CATCH_INTERNAL_LINEINFO, __VA_ARGS__ ) ) \
      |                               ^
/home/pacha/R/x86_64-pc-linux-gnu-library/4.6/testthat/include/testthat/vendor/catch.hpp:478:85: note: expanded from macro 'INTERNAL_CATCH_UNIQUE_NAME'
  478 | #  define INTERNAL_CATCH_UNIQUE_NAME( name ) INTERNAL_CATCH_UNIQUE_NAME_LINE( name, __COUNTER__ )
      |                                                                                     ^
In file included from main.cpp:65:
./test-r_vector.h:280:3: warning: '__COUNTER__' is a C2y extension [-Wc2y-extensions]
  280 |   test_that("writable vector copy assignment operator doesn't clear properties (#365)") {
      |   ^
/home/pacha/R/x86_64-pc-linux-gnu-library/4.6/testthat/include/testthat/testthat.h:188:20: note: expanded from macro 'test_that'
  188 | # define test_that CATCH_SECTION
      |                    ^
/home/pacha/R/x86_64-pc-linux-gnu-library/4.6/testthat/include/testthat/vendor/catch.hpp:17627:30: note: expanded from macro 'CATCH_SECTION'
 17627 | #define CATCH_SECTION( ... ) INTERNAL_CATCH_SECTION( __VA_ARGS__ )
       |                              ^
/home/pacha/R/x86_64-pc-linux-gnu-library/4.6/testthat/include/testthat/vendor/catch.hpp:2940:31: note: expanded from macro 'INTERNAL_CATCH_SECTION'
 2940 |     if( Catch::Section const& INTERNAL_CATCH_UNIQUE_NAME( catch_internal_Section ) = Catch::SectionInfo( CATCH_INTERNAL_LINEINFO, __VA_ARGS__ ) ) \
      |                               ^
/home/pacha/R/x86_64-pc-linux-gnu-library/4.6/testthat/include/testthat/vendor/catch.hpp:478:85: note: expanded from macro 'INTERNAL_CATCH_UNIQUE_NAME'
  478 | #  define INTERNAL_CATCH_UNIQUE_NAME( name ) INTERNAL_CATCH_UNIQUE_NAME_LINE( name, __COUNTER__ )
      |                                                                                     ^
In file included from main.cpp:65:
./test-r_vector.h:313:3: warning: '__COUNTER__' is a C2y extension [-Wc2y-extensions]
  313 |   test_that("writable vector move assignment operator clears properties (#365)") {
      |   ^
/home/pacha/R/x86_64-pc-linux-gnu-library/4.6/testthat/include/testthat/testthat.h:188:20: note: expanded from macro 'test_that'
  188 | # define test_that CATCH_SECTION
      |                    ^
/home/pacha/R/x86_64-pc-linux-gnu-library/4.6/testthat/include/testthat/vendor/catch.hpp:17627:30: note: expanded from macro 'CATCH_SECTION'
 17627 | #define CATCH_SECTION( ... ) INTERNAL_CATCH_SECTION( __VA_ARGS__ )
       |                              ^
/home/pacha/R/x86_64-pc-linux-gnu-library/4.6/testthat/include/testthat/vendor/catch.hpp:2940:31: note: expanded from macro 'INTERNAL_CATCH_SECTION'
 2940 |     if( Catch::Section const& INTERNAL_CATCH_UNIQUE_NAME( catch_internal_Section ) = Catch::SectionInfo( CATCH_INTERNAL_LINEINFO, __VA_ARGS__ ) ) \
      |                               ^
/home/pacha/R/x86_64-pc-linux-gnu-library/4.6/testthat/include/testthat/vendor/catch.hpp:478:85: note: expanded from macro 'INTERNAL_CATCH_UNIQUE_NAME'
  478 | #  define INTERNAL_CATCH_UNIQUE_NAME( name ) INTERNAL_CATCH_UNIQUE_NAME_LINE( name, __COUNTER__ )
      |                                                                                     ^
In file included from main.cpp:65:
./test-r_vector.h:336:3: warning: '__COUNTER__' is a C2y extension [-Wc2y-extensions]
  336 |   test_that("writable vector copy assignment works with default constructed vectors") {
      |   ^
/home/pacha/R/x86_64-pc-linux-gnu-library/4.6/testthat/include/testthat/testthat.h:188:20: note: expanded from macro 'test_that'
  188 | # define test_that CATCH_SECTION
      |                    ^
/home/pacha/R/x86_64-pc-linux-gnu-library/4.6/testthat/include/testthat/vendor/catch.hpp:17627:30: note: expanded from macro 'CATCH_SECTION'
 17627 | #define CATCH_SECTION( ... ) INTERNAL_CATCH_SECTION( __VA_ARGS__ )
       |                              ^
/home/pacha/R/x86_64-pc-linux-gnu-library/4.6/testthat/include/testthat/vendor/catch.hpp:2940:31: note: expanded from macro 'INTERNAL_CATCH_SECTION'
 2940 |     if( Catch::Section const& INTERNAL_CATCH_UNIQUE_NAME( catch_internal_Section ) = Catch::SectionInfo( CATCH_INTERNAL_LINEINFO, __VA_ARGS__ ) ) \
      |                               ^
/home/pacha/R/x86_64-pc-linux-gnu-library/4.6/testthat/include/testthat/vendor/catch.hpp:478:85: note: expanded from macro 'INTERNAL_CATCH_UNIQUE_NAME'
  478 | #  define INTERNAL_CATCH_UNIQUE_NAME( name ) INTERNAL_CATCH_UNIQUE_NAME_LINE( name, __COUNTER__ )
      |                                                                                     ^
In file included from main.cpp:65:
./test-r_vector.h:350:3: warning: '__COUNTER__' is a C2y extension [-Wc2y-extensions]
  350 |   test_that("writable vector copy constructor correctly tracks the `capacity_`") {
      |   ^
/home/pacha/R/x86_64-pc-linux-gnu-library/4.6/testthat/include/testthat/testthat.h:188:20: note: expanded from macro 'test_that'
  188 | # define test_that CATCH_SECTION
      |                    ^
/home/pacha/R/x86_64-pc-linux-gnu-library/4.6/testthat/include/testthat/vendor/catch.hpp:17627:30: note: expanded from macro 'CATCH_SECTION'
 17627 | #define CATCH_SECTION( ... ) INTERNAL_CATCH_SECTION( __VA_ARGS__ )
       |                              ^
/home/pacha/R/x86_64-pc-linux-gnu-library/4.6/testthat/include/testthat/vendor/catch.hpp:2940:31: note: expanded from macro 'INTERNAL_CATCH_SECTION'
 2940 |     if( Catch::Section const& INTERNAL_CATCH_UNIQUE_NAME( catch_internal_Section ) = Catch::SectionInfo( CATCH_INTERNAL_LINEINFO, __VA_ARGS__ ) ) \
      |                               ^
/home/pacha/R/x86_64-pc-linux-gnu-library/4.6/testthat/include/testthat/vendor/catch.hpp:478:85: note: expanded from macro 'INTERNAL_CATCH_UNIQUE_NAME'
  478 | #  define INTERNAL_CATCH_UNIQUE_NAME( name ) INTERNAL_CATCH_UNIQUE_NAME_LINE( name, __COUNTER__ )
      |                                                                                     ^
In file included from main.cpp:65:
./test-r_vector.h:374:3: warning: '__COUNTER__' is a C2y extension [-Wc2y-extensions]
  374 |   test_that("writable vector copy constructor works with default constructed vectors") {
      |   ^
/home/pacha/R/x86_64-pc-linux-gnu-library/4.6/testthat/include/testthat/testthat.h:188:20: note: expanded from macro 'test_that'
  188 | # define test_that CATCH_SECTION
      |                    ^
/home/pacha/R/x86_64-pc-linux-gnu-library/4.6/testthat/include/testthat/vendor/catch.hpp:17627:30: note: expanded from macro 'CATCH_SECTION'
 17627 | #define CATCH_SECTION( ... ) INTERNAL_CATCH_SECTION( __VA_ARGS__ )
       |                              ^
/home/pacha/R/x86_64-pc-linux-gnu-library/4.6/testthat/include/testthat/vendor/catch.hpp:2940:31: note: expanded from macro 'INTERNAL_CATCH_SECTION'
 2940 |     if( Catch::Section const& INTERNAL_CATCH_UNIQUE_NAME( catch_internal_Section ) = Catch::SectionInfo( CATCH_INTERNAL_LINEINFO, __VA_ARGS__ ) ) \
      |                               ^
/home/pacha/R/x86_64-pc-linux-gnu-library/4.6/testthat/include/testthat/vendor/catch.hpp:478:85: note: expanded from macro 'INTERNAL_CATCH_UNIQUE_NAME'
  478 | #  define INTERNAL_CATCH_UNIQUE_NAME( name ) INTERNAL_CATCH_UNIQUE_NAME_LINE( name, __COUNTER__ )
      |                                                                                     ^
In file included from main.cpp:65:
./test-r_vector.h:386:3: warning: '__COUNTER__' is a C2y extension [-Wc2y-extensions]
  386 |   test_that(
      |   ^
/home/pacha/R/x86_64-pc-linux-gnu-library/4.6/testthat/include/testthat/testthat.h:188:20: note: expanded from macro 'test_that'
  188 | # define test_that CATCH_SECTION
      |                    ^
/home/pacha/R/x86_64-pc-linux-gnu-library/4.6/testthat/include/testthat/vendor/catch.hpp:17627:30: note: expanded from macro 'CATCH_SECTION'
 17627 | #define CATCH_SECTION( ... ) INTERNAL_CATCH_SECTION( __VA_ARGS__ )
       |                              ^
/home/pacha/R/x86_64-pc-linux-gnu-library/4.6/testthat/include/testthat/vendor/catch.hpp:2940:31: note: expanded from macro 'INTERNAL_CATCH_SECTION'
 2940 |     if( Catch::Section const& INTERNAL_CATCH_UNIQUE_NAME( catch_internal_Section ) = Catch::SectionInfo( CATCH_INTERNAL_LINEINFO, __VA_ARGS__ ) ) \
      |                               ^
/home/pacha/R/x86_64-pc-linux-gnu-library/4.6/testthat/include/testthat/vendor/catch.hpp:478:85: note: expanded from macro 'INTERNAL_CATCH_UNIQUE_NAME'
  478 | #  define INTERNAL_CATCH_UNIQUE_NAME( name ) INTERNAL_CATCH_UNIQUE_NAME_LINE( name, __COUNTER__ )
      |                                                                                     ^
In file included from main.cpp:65:
./test-r_vector.h:416:3: warning: '__COUNTER__' is a C2y extension [-Wc2y-extensions]
  416 |   test_that(
      |   ^
/home/pacha/R/x86_64-pc-linux-gnu-library/4.6/testthat/include/testthat/testthat.h:188:20: note: expanded from macro 'test_that'
  188 | # define test_that CATCH_SECTION
      |                    ^
/home/pacha/R/x86_64-pc-linux-gnu-library/4.6/testthat/include/testthat/vendor/catch.hpp:17627:30: note: expanded from macro 'CATCH_SECTION'
 17627 | #define CATCH_SECTION( ... ) INTERNAL_CATCH_SECTION( __VA_ARGS__ )
       |                              ^
/home/pacha/R/x86_64-pc-linux-gnu-library/4.6/testthat/include/testthat/vendor/catch.hpp:2940:31: note: expanded from macro 'INTERNAL_CATCH_SECTION'
 2940 |     if( Catch::Section const& INTERNAL_CATCH_UNIQUE_NAME( catch_internal_Section ) = Catch::SectionInfo( CATCH_INTERNAL_LINEINFO, __VA_ARGS__ ) ) \
      |                               ^
/home/pacha/R/x86_64-pc-linux-gnu-library/4.6/testthat/include/testthat/vendor/catch.hpp:478:85: note: expanded from macro 'INTERNAL_CATCH_UNIQUE_NAME'
  478 | #  define INTERNAL_CATCH_UNIQUE_NAME( name ) INTERNAL_CATCH_UNIQUE_NAME_LINE( name, __COUNTER__ )
      |                                                                                     ^
In file included from main.cpp:65:
./test-r_vector.h:459:3: warning: '__COUNTER__' is a C2y extension [-Wc2y-extensions]
  459 |   test_that("`proxy` is copy assignable (integers) (#300, #339)") {
      |   ^
/home/pacha/R/x86_64-pc-linux-gnu-library/4.6/testthat/include/testthat/testthat.h:188:20: note: expanded from macro 'test_that'
  188 | # define test_that CATCH_SECTION
      |                    ^
/home/pacha/R/x86_64-pc-linux-gnu-library/4.6/testthat/include/testthat/vendor/catch.hpp:17627:30: note: expanded from macro 'CATCH_SECTION'
 17627 | #define CATCH_SECTION( ... ) INTERNAL_CATCH_SECTION( __VA_ARGS__ )
       |                              ^
/home/pacha/R/x86_64-pc-linux-gnu-library/4.6/testthat/include/testthat/vendor/catch.hpp:2940:31: note: expanded from macro 'INTERNAL_CATCH_SECTION'
 2940 |     if( Catch::Section const& INTERNAL_CATCH_UNIQUE_NAME( catch_internal_Section ) = Catch::SectionInfo( CATCH_INTERNAL_LINEINFO, __VA_ARGS__ ) ) \
      |                               ^
/home/pacha/R/x86_64-pc-linux-gnu-library/4.6/testthat/include/testthat/vendor/catch.hpp:478:85: note: expanded from macro 'INTERNAL_CATCH_UNIQUE_NAME'
  478 | #  define INTERNAL_CATCH_UNIQUE_NAME( name ) INTERNAL_CATCH_UNIQUE_NAME_LINE( name, __COUNTER__ )
      |                                                                                     ^
In file included from main.cpp:65:
./test-r_vector.h:480:3: warning: '__COUNTER__' is a C2y extension [-Wc2y-extensions]
  480 |   test_that("`proxy` is copy assignable (list) (#300, #339)") {
      |   ^
/home/pacha/R/x86_64-pc-linux-gnu-library/4.6/testthat/include/testthat/testthat.h:188:20: note: expanded from macro 'test_that'
  188 | # define test_that CATCH_SECTION
      |                    ^
/home/pacha/R/x86_64-pc-linux-gnu-library/4.6/testthat/include/testthat/vendor/catch.hpp:17627:30: note: expanded from macro 'CATCH_SECTION'
 17627 | #define CATCH_SECTION( ... ) INTERNAL_CATCH_SECTION( __VA_ARGS__ )
       |                              ^
/home/pacha/R/x86_64-pc-linux-gnu-library/4.6/testthat/include/testthat/vendor/catch.hpp:2940:31: note: expanded from macro 'INTERNAL_CATCH_SECTION'
 2940 |     if( Catch::Section const& INTERNAL_CATCH_UNIQUE_NAME( catch_internal_Section ) = Catch::SectionInfo( CATCH_INTERNAL_LINEINFO, __VA_ARGS__ ) ) \
      |                               ^
/home/pacha/R/x86_64-pc-linux-gnu-library/4.6/testthat/include/testthat/vendor/catch.hpp:478:85: note: expanded from macro 'INTERNAL_CATCH_UNIQUE_NAME'
  478 | #  define INTERNAL_CATCH_UNIQUE_NAME( name ) INTERNAL_CATCH_UNIQUE_NAME_LINE( name, __COUNTER__ )
      |                                                                                     ^
In file included from main.cpp:65:
./test-r_vector.h:500:3: warning: '__COUNTER__' is a C2y extension [-Wc2y-extensions]
  500 |   test_that("`proxy` is copy assignable (strings) (#300, #339)") {
      |   ^
/home/pacha/R/x86_64-pc-linux-gnu-library/4.6/testthat/include/testthat/testthat.h:188:20: note: expanded from macro 'test_that'
  188 | # define test_that CATCH_SECTION
      |                    ^
/home/pacha/R/x86_64-pc-linux-gnu-library/4.6/testthat/include/testthat/vendor/catch.hpp:17627:30: note: expanded from macro 'CATCH_SECTION'
 17627 | #define CATCH_SECTION( ... ) INTERNAL_CATCH_SECTION( __VA_ARGS__ )
       |                              ^
/home/pacha/R/x86_64-pc-linux-gnu-library/4.6/testthat/include/testthat/vendor/catch.hpp:2940:31: note: expanded from macro 'INTERNAL_CATCH_SECTION'
 2940 |     if( Catch::Section const& INTERNAL_CATCH_UNIQUE_NAME( catch_internal_Section ) = Catch::SectionInfo( CATCH_INTERNAL_LINEINFO, __VA_ARGS__ ) ) \
      |                               ^
/home/pacha/R/x86_64-pc-linux-gnu-library/4.6/testthat/include/testthat/vendor/catch.hpp:478:85: note: expanded from macro 'INTERNAL_CATCH_UNIQUE_NAME'
  478 | #  define INTERNAL_CATCH_UNIQUE_NAME( name ) INTERNAL_CATCH_UNIQUE_NAME_LINE( name, __COUNTER__ )
      |                                                                                     ^
In file included from main.cpp:65:
./test-r_vector.h:520:3: warning: '__COUNTER__' is a C2y extension [-Wc2y-extensions]
  520 |   test_that("std::max_element works on read only vectors") {
      |   ^
/home/pacha/R/x86_64-pc-linux-gnu-library/4.6/testthat/include/testthat/testthat.h:188:20: note: expanded from macro 'test_that'
  188 | # define test_that CATCH_SECTION
      |                    ^
/home/pacha/R/x86_64-pc-linux-gnu-library/4.6/testthat/include/testthat/vendor/catch.hpp:17627:30: note: expanded from macro 'CATCH_SECTION'
 17627 | #define CATCH_SECTION( ... ) INTERNAL_CATCH_SECTION( __VA_ARGS__ )
       |                              ^
/home/pacha/R/x86_64-pc-linux-gnu-library/4.6/testthat/include/testthat/vendor/catch.hpp:2940:31: note: expanded from macro 'INTERNAL_CATCH_SECTION'
 2940 |     if( Catch::Section const& INTERNAL_CATCH_UNIQUE_NAME( catch_internal_Section ) = Catch::SectionInfo( CATCH_INTERNAL_LINEINFO, __VA_ARGS__ ) ) \
      |                               ^
/home/pacha/R/x86_64-pc-linux-gnu-library/4.6/testthat/include/testthat/vendor/catch.hpp:478:85: note: expanded from macro 'INTERNAL_CATCH_UNIQUE_NAME'
  478 | #  define INTERNAL_CATCH_UNIQUE_NAME( name ) INTERNAL_CATCH_UNIQUE_NAME_LINE( name, __COUNTER__ )
      |                                                                                     ^
In file included from main.cpp:65:
./test-r_vector.h:536:3: warning: '__COUNTER__' is a C2y extension [-Wc2y-extensions]
  536 |   test_that("std::max_element works on writable vectors (#334)") {
      |   ^
/home/pacha/R/x86_64-pc-linux-gnu-library/4.6/testthat/include/testthat/testthat.h:188:20: note: expanded from macro 'test_that'
  188 | # define test_that CATCH_SECTION
      |                    ^
/home/pacha/R/x86_64-pc-linux-gnu-library/4.6/testthat/include/testthat/vendor/catch.hpp:17627:30: note: expanded from macro 'CATCH_SECTION'
 17627 | #define CATCH_SECTION( ... ) INTERNAL_CATCH_SECTION( __VA_ARGS__ )
       |                              ^
/home/pacha/R/x86_64-pc-linux-gnu-library/4.6/testthat/include/testthat/vendor/catch.hpp:2940:31: note: expanded from macro 'INTERNAL_CATCH_SECTION'
 2940 |     if( Catch::Section const& INTERNAL_CATCH_UNIQUE_NAME( catch_internal_Section ) = Catch::SectionInfo( CATCH_INTERNAL_LINEINFO, __VA_ARGS__ ) ) \
      |                               ^
/home/pacha/R/x86_64-pc-linux-gnu-library/4.6/testthat/include/testthat/vendor/catch.hpp:478:85: note: expanded from macro 'INTERNAL_CATCH_UNIQUE_NAME'
  478 | #  define INTERNAL_CATCH_UNIQUE_NAME( name ) INTERNAL_CATCH_UNIQUE_NAME_LINE( name, __COUNTER__ )
      |                                                                                     ^
In file included from main.cpp:66:
./test-r_vector_advanced.h:3:1: warning: '__COUNTER__' is a C2y extension [-Wc2y-extensions]
    3 | context("r_vector-advanced-C++") {
      | ^
/home/pacha/R/x86_64-pc-linux-gnu-library/4.6/testthat/include/testthat/testthat.h:187:25: note: expanded from macro 'context'
  187 | # define context(__X__) CATCH_TEST_CASE(__X__ " | " __FILE__)
      |                         ^
/home/pacha/R/x86_64-pc-linux-gnu-library/4.6/testthat/include/testthat/vendor/catch.hpp:17623:32: note: expanded from macro 'CATCH_TEST_CASE'
 17623 | #define CATCH_TEST_CASE( ... ) INTERNAL_CATCH_TESTCASE( __VA_ARGS__ )
       |                                ^
/home/pacha/R/x86_64-pc-linux-gnu-library/4.6/testthat/include/testthat/vendor/catch.hpp:1062:35: note: expanded from macro 'INTERNAL_CATCH_TESTCASE'
 1062 |         INTERNAL_CATCH_TESTCASE2( INTERNAL_CATCH_UNIQUE_NAME( C_A_T_C_H_T_E_S_T_ ), __VA_ARGS__ )
      |                                   ^
/home/pacha/R/x86_64-pc-linux-gnu-library/4.6/testthat/include/testthat/vendor/catch.hpp:478:85: note: expanded from macro 'INTERNAL_CATCH_UNIQUE_NAME'
  478 | #  define INTERNAL_CATCH_UNIQUE_NAME( name ) INTERNAL_CATCH_UNIQUE_NAME_LINE( name, __COUNTER__ )
      |                                                                                     ^
In file included from main.cpp:66:
./test-r_vector_advanced.h:3:1: warning: '__COUNTER__' is a C2y extension [-Wc2y-extensions]
/home/pacha/R/x86_64-pc-linux-gnu-library/4.6/testthat/include/testthat/testthat.h:187:25: note: expanded from macro 'context'
  187 | # define context(__X__) CATCH_TEST_CASE(__X__ " | " __FILE__)
      |                         ^
/home/pacha/R/x86_64-pc-linux-gnu-library/4.6/testthat/include/testthat/vendor/catch.hpp:17623:32: note: expanded from macro 'CATCH_TEST_CASE'
 17623 | #define CATCH_TEST_CASE( ... ) INTERNAL_CATCH_TESTCASE( __VA_ARGS__ )
       |                                ^
/home/pacha/R/x86_64-pc-linux-gnu-library/4.6/testthat/include/testthat/vendor/catch.hpp:1062:9: note: expanded from macro 'INTERNAL_CATCH_TESTCASE'
 1062 |         INTERNAL_CATCH_TESTCASE2( INTERNAL_CATCH_UNIQUE_NAME( C_A_T_C_H_T_E_S_T_ ), __VA_ARGS__ )
      |         ^
/home/pacha/R/x86_64-pc-linux-gnu-library/4.6/testthat/include/testthat/vendor/catch.hpp:1058:35: note: expanded from macro 'INTERNAL_CATCH_TESTCASE2'
 1058 |         namespace{ Catch::AutoReg INTERNAL_CATCH_UNIQUE_NAME( autoRegistrar )( Catch::makeTestInvoker( &TestName ), CATCH_INTERNAL_LINEINFO, Catch::StringRef(), Catch::NameAndTags{ __VA_ARGS__ } ); } /* NOLINT */ \
      |                                   ^
/home/pacha/R/x86_64-pc-linux-gnu-library/4.6/testthat/include/testthat/vendor/catch.hpp:478:85: note: expanded from macro 'INTERNAL_CATCH_UNIQUE_NAME'
  478 | #  define INTERNAL_CATCH_UNIQUE_NAME( name ) INTERNAL_CATCH_UNIQUE_NAME_LINE( name, __COUNTER__ )
      |                                                                                     ^
In file included from main.cpp:66:
./test-r_vector_advanced.h:6:3: warning: '__COUNTER__' is a C2y extension [-Wc2y-extensions]
    6 |   test_that("writable::doubles::value() method works") {
      |   ^
/home/pacha/R/x86_64-pc-linux-gnu-library/4.6/testthat/include/testthat/testthat.h:188:20: note: expanded from macro 'test_that'
  188 | # define test_that CATCH_SECTION
      |                    ^
/home/pacha/R/x86_64-pc-linux-gnu-library/4.6/testthat/include/testthat/vendor/catch.hpp:17627:30: note: expanded from macro 'CATCH_SECTION'
 17627 | #define CATCH_SECTION( ... ) INTERNAL_CATCH_SECTION( __VA_ARGS__ )
       |                              ^
/home/pacha/R/x86_64-pc-linux-gnu-library/4.6/testthat/include/testthat/vendor/catch.hpp:2940:31: note: expanded from macro 'INTERNAL_CATCH_SECTION'
 2940 |     if( Catch::Section const& INTERNAL_CATCH_UNIQUE_NAME( catch_internal_Section ) = Catch::SectionInfo( CATCH_INTERNAL_LINEINFO, __VA_ARGS__ ) ) \
      |                               ^
/home/pacha/R/x86_64-pc-linux-gnu-library/4.6/testthat/include/testthat/vendor/catch.hpp:478:85: note: expanded from macro 'INTERNAL_CATCH_UNIQUE_NAME'
  478 | #  define INTERNAL_CATCH_UNIQUE_NAME( name ) INTERNAL_CATCH_UNIQUE_NAME_LINE( name, __COUNTER__ )
      |                                                                                     ^
In file included from main.cpp:66:
./test-r_vector_advanced.h:13:3: warning: '__COUNTER__' is a C2y extension [-Wc2y-extensions]
   13 |   test_that("writable::integers::value() method works") {
      |   ^
/home/pacha/R/x86_64-pc-linux-gnu-library/4.6/testthat/include/testthat/testthat.h:188:20: note: expanded from macro 'test_that'
  188 | # define test_that CATCH_SECTION
      |                    ^
/home/pacha/R/x86_64-pc-linux-gnu-library/4.6/testthat/include/testthat/vendor/catch.hpp:17627:30: note: expanded from macro 'CATCH_SECTION'
 17627 | #define CATCH_SECTION( ... ) INTERNAL_CATCH_SECTION( __VA_ARGS__ )
       |                              ^
/home/pacha/R/x86_64-pc-linux-gnu-library/4.6/testthat/include/testthat/vendor/catch.hpp:2940:31: note: expanded from macro 'INTERNAL_CATCH_SECTION'
 2940 |     if( Catch::Section const& INTERNAL_CATCH_UNIQUE_NAME( catch_internal_Section ) = Catch::SectionInfo( CATCH_INTERNAL_LINEINFO, __VA_ARGS__ ) ) \
      |                               ^
/home/pacha/R/x86_64-pc-linux-gnu-library/4.6/testthat/include/testthat/vendor/catch.hpp:478:85: note: expanded from macro 'INTERNAL_CATCH_UNIQUE_NAME'
  478 | #  define INTERNAL_CATCH_UNIQUE_NAME( name ) INTERNAL_CATCH_UNIQUE_NAME_LINE( name, __COUNTER__ )
      |                                                                                     ^
In file included from main.cpp:66:
./test-r_vector_advanced.h:21:3: warning: '__COUNTER__' is a C2y extension [-Wc2y-extensions]
   21 |   test_that("doubles::cbegin() and cend() work") {
      |   ^
/home/pacha/R/x86_64-pc-linux-gnu-library/4.6/testthat/include/testthat/testthat.h:188:20: note: expanded from macro 'test_that'
  188 | # define test_that CATCH_SECTION
      |                    ^
/home/pacha/R/x86_64-pc-linux-gnu-library/4.6/testthat/include/testthat/vendor/catch.hpp:17627:30: note: expanded from macro 'CATCH_SECTION'
 17627 | #define CATCH_SECTION( ... ) INTERNAL_CATCH_SECTION( __VA_ARGS__ )
       |                              ^
/home/pacha/R/x86_64-pc-linux-gnu-library/4.6/testthat/include/testthat/vendor/catch.hpp:2940:31: note: expanded from macro 'INTERNAL_CATCH_SECTION'
 2940 |     if( Catch::Section const& INTERNAL_CATCH_UNIQUE_NAME( catch_internal_Section ) = Catch::SectionInfo( CATCH_INTERNAL_LINEINFO, __VA_ARGS__ ) ) \
      |                               ^
/home/pacha/R/x86_64-pc-linux-gnu-library/4.6/testthat/include/testthat/vendor/catch.hpp:478:85: note: expanded from macro 'INTERNAL_CATCH_UNIQUE_NAME'
  478 | #  define INTERNAL_CATCH_UNIQUE_NAME( name ) INTERNAL_CATCH_UNIQUE_NAME_LINE( name, __COUNTER__ )
      |                                                                                     ^
In file included from main.cpp:66:
./test-r_vector_advanced.h:33:3: warning: '__COUNTER__' is a C2y extension [-Wc2y-extensions]
   33 |   test_that("iterator difference works") {
      |   ^
/home/pacha/R/x86_64-pc-linux-gnu-library/4.6/testthat/include/testthat/testthat.h:188:20: note: expanded from macro 'test_that'
  188 | # define test_that CATCH_SECTION
      |                    ^
/home/pacha/R/x86_64-pc-linux-gnu-library/4.6/testthat/include/testthat/vendor/catch.hpp:17627:30: note: expanded from macro 'CATCH_SECTION'
 17627 | #define CATCH_SECTION( ... ) INTERNAL_CATCH_SECTION( __VA_ARGS__ )
       |                              ^
/home/pacha/R/x86_64-pc-linux-gnu-library/4.6/testthat/include/testthat/vendor/catch.hpp:2940:31: note: expanded from macro 'INTERNAL_CATCH_SECTION'
 2940 |     if( Catch::Section const& INTERNAL_CATCH_UNIQUE_NAME( catch_internal_Section ) = Catch::SectionInfo( CATCH_INTERNAL_LINEINFO, __VA_ARGS__ ) ) \
      |                               ^
/home/pacha/R/x86_64-pc-linux-gnu-library/4.6/testthat/include/testthat/vendor/catch.hpp:478:85: note: expanded from macro 'INTERNAL_CATCH_UNIQUE_NAME'
  478 | #  define INTERNAL_CATCH_UNIQUE_NAME( name ) INTERNAL_CATCH_UNIQUE_NAME_LINE( name, __COUNTER__ )
      |                                                                                     ^
In file included from main.cpp:66:
./test-r_vector_advanced.h:45:3: warning: '__COUNTER__' is a C2y extension [-Wc2y-extensions]
   45 |   test_that("data_ptr() works for read-only vectors") {
      |   ^
/home/pacha/R/x86_64-pc-linux-gnu-library/4.6/testthat/include/testthat/testthat.h:188:20: note: expanded from macro 'test_that'
  188 | # define test_that CATCH_SECTION
      |                    ^
/home/pacha/R/x86_64-pc-linux-gnu-library/4.6/testthat/include/testthat/vendor/catch.hpp:17627:30: note: expanded from macro 'CATCH_SECTION'
 17627 | #define CATCH_SECTION( ... ) INTERNAL_CATCH_SECTION( __VA_ARGS__ )
       |                              ^
/home/pacha/R/x86_64-pc-linux-gnu-library/4.6/testthat/include/testthat/vendor/catch.hpp:2940:31: note: expanded from macro 'INTERNAL_CATCH_SECTION'
 2940 |     if( Catch::Section const& INTERNAL_CATCH_UNIQUE_NAME( catch_internal_Section ) = Catch::SectionInfo( CATCH_INTERNAL_LINEINFO, __VA_ARGS__ ) ) \
      |                               ^
/home/pacha/R/x86_64-pc-linux-gnu-library/4.6/testthat/include/testthat/vendor/catch.hpp:478:85: note: expanded from macro 'INTERNAL_CATCH_UNIQUE_NAME'
  478 | #  define INTERNAL_CATCH_UNIQUE_NAME( name ) INTERNAL_CATCH_UNIQUE_NAME_LINE( name, __COUNTER__ )
      |                                                                                     ^
In file included from main.cpp:66:
./test-r_vector_advanced.h:58:3: warning: '__COUNTER__' is a C2y extension [-Wc2y-extensions]
   58 |   test_that("data_ptr_writable() works for writable vectors") {
      |   ^
/home/pacha/R/x86_64-pc-linux-gnu-library/4.6/testthat/include/testthat/testthat.h:188:20: note: expanded from macro 'test_that'
  188 | # define test_that CATCH_SECTION
      |                    ^
/home/pacha/R/x86_64-pc-linux-gnu-library/4.6/testthat/include/testthat/vendor/catch.hpp:17627:30: note: expanded from macro 'CATCH_SECTION'
 17627 | #define CATCH_SECTION( ... ) INTERNAL_CATCH_SECTION( __VA_ARGS__ )
       |                              ^
/home/pacha/R/x86_64-pc-linux-gnu-library/4.6/testthat/include/testthat/vendor/catch.hpp:2940:31: note: expanded from macro 'INTERNAL_CATCH_SECTION'
 2940 |     if( Catch::Section const& INTERNAL_CATCH_UNIQUE_NAME( catch_internal_Section ) = Catch::SectionInfo( CATCH_INTERNAL_LINEINFO, __VA_ARGS__ ) ) \
      |                               ^
/home/pacha/R/x86_64-pc-linux-gnu-library/4.6/testthat/include/testthat/vendor/catch.hpp:478:85: note: expanded from macro 'INTERNAL_CATCH_UNIQUE_NAME'
  478 | #  define INTERNAL_CATCH_UNIQUE_NAME( name ) INTERNAL_CATCH_UNIQUE_NAME_LINE( name, __COUNTER__ )
      |                                                                                     ^
In file included from main.cpp:66:
./test-r_vector_advanced.h:68:3: warning: '__COUNTER__' is a C2y extension [-Wc2y-extensions]
   68 |   test_that("reserve() and push_back() interaction") {
      |   ^
/home/pacha/R/x86_64-pc-linux-gnu-library/4.6/testthat/include/testthat/testthat.h:188:20: note: expanded from macro 'test_that'
  188 | # define test_that CATCH_SECTION
      |                    ^
/home/pacha/R/x86_64-pc-linux-gnu-library/4.6/testthat/include/testthat/vendor/catch.hpp:17627:30: note: expanded from macro 'CATCH_SECTION'
 17627 | #define CATCH_SECTION( ... ) INTERNAL_CATCH_SECTION( __VA_ARGS__ )
       |                              ^
/home/pacha/R/x86_64-pc-linux-gnu-library/4.6/testthat/include/testthat/vendor/catch.hpp:2940:31: note: expanded from macro 'INTERNAL_CATCH_SECTION'
 2940 |     if( Catch::Section const& INTERNAL_CATCH_UNIQUE_NAME( catch_internal_Section ) = Catch::SectionInfo( CATCH_INTERNAL_LINEINFO, __VA_ARGS__ ) ) \
      |                               ^
/home/pacha/R/x86_64-pc-linux-gnu-library/4.6/testthat/include/testthat/vendor/catch.hpp:478:85: note: expanded from macro 'INTERNAL_CATCH_UNIQUE_NAME'
  478 | #  define INTERNAL_CATCH_UNIQUE_NAME( name ) INTERNAL_CATCH_UNIQUE_NAME_LINE( name, __COUNTER__ )
      |                                                                                     ^
In file included from main.cpp:66:
./test-r_vector_advanced.h:78:3: warning: '__COUNTER__' is a C2y extension [-Wc2y-extensions]
   78 |   test_that("clear() works") {
      |   ^
/home/pacha/R/x86_64-pc-linux-gnu-library/4.6/testthat/include/testthat/testthat.h:188:20: note: expanded from macro 'test_that'
  188 | # define test_that CATCH_SECTION
      |                    ^
/home/pacha/R/x86_64-pc-linux-gnu-library/4.6/testthat/include/testthat/vendor/catch.hpp:17627:30: note: expanded from macro 'CATCH_SECTION'
 17627 | #define CATCH_SECTION( ... ) INTERNAL_CATCH_SECTION( __VA_ARGS__ )
       |                              ^
/home/pacha/R/x86_64-pc-linux-gnu-library/4.6/testthat/include/testthat/vendor/catch.hpp:2940:31: note: expanded from macro 'INTERNAL_CATCH_SECTION'
 2940 |     if( Catch::Section const& INTERNAL_CATCH_UNIQUE_NAME( catch_internal_Section ) = Catch::SectionInfo( CATCH_INTERNAL_LINEINFO, __VA_ARGS__ ) ) \
      |                               ^
/home/pacha/R/x86_64-pc-linux-gnu-library/4.6/testthat/include/testthat/vendor/catch.hpp:478:85: note: expanded from macro 'INTERNAL_CATCH_UNIQUE_NAME'
  478 | #  define INTERNAL_CATCH_UNIQUE_NAME( name ) INTERNAL_CATCH_UNIQUE_NAME_LINE( name, __COUNTER__ )
      |                                                                                     ^
In file included from main.cpp:66:
./test-r_vector_advanced.h:86:3: warning: '__COUNTER__' is a C2y extension [-Wc2y-extensions]
   86 |   test_that("SEXP conversion truncates capacity") {
      |   ^
/home/pacha/R/x86_64-pc-linux-gnu-library/4.6/testthat/include/testthat/testthat.h:188:20: note: expanded from macro 'test_that'
  188 | # define test_that CATCH_SECTION
      |                    ^
/home/pacha/R/x86_64-pc-linux-gnu-library/4.6/testthat/include/testthat/vendor/catch.hpp:17627:30: note: expanded from macro 'CATCH_SECTION'
 17627 | #define CATCH_SECTION( ... ) INTERNAL_CATCH_SECTION( __VA_ARGS__ )
       |                              ^
/home/pacha/R/x86_64-pc-linux-gnu-library/4.6/testthat/include/testthat/vendor/catch.hpp:2940:31: note: expanded from macro 'INTERNAL_CATCH_SECTION'
 2940 |     if( Catch::Section const& INTERNAL_CATCH_UNIQUE_NAME( catch_internal_Section ) = Catch::SectionInfo( CATCH_INTERNAL_LINEINFO, __VA_ARGS__ ) ) \
      |                               ^
/home/pacha/R/x86_64-pc-linux-gnu-library/4.6/testthat/include/testthat/vendor/catch.hpp:478:85: note: expanded from macro 'INTERNAL_CATCH_UNIQUE_NAME'
  478 | #  define INTERNAL_CATCH_UNIQUE_NAME( name ) INTERNAL_CATCH_UNIQUE_NAME_LINE( name, __COUNTER__ )
      |                                                                                     ^
In file included from main.cpp:67:
./test-raws.h:4:1: warning: '__COUNTER__' is a C2y extension [-Wc2y-extensions]
    4 | context("raws-C++") {
      | ^
/home/pacha/R/x86_64-pc-linux-gnu-library/4.6/testthat/include/testthat/testthat.h:187:25: note: expanded from macro 'context'
  187 | # define context(__X__) CATCH_TEST_CASE(__X__ " | " __FILE__)
      |                         ^
/home/pacha/R/x86_64-pc-linux-gnu-library/4.6/testthat/include/testthat/vendor/catch.hpp:17623:32: note: expanded from macro 'CATCH_TEST_CASE'
 17623 | #define CATCH_TEST_CASE( ... ) INTERNAL_CATCH_TESTCASE( __VA_ARGS__ )
       |                                ^
/home/pacha/R/x86_64-pc-linux-gnu-library/4.6/testthat/include/testthat/vendor/catch.hpp:1062:35: note: expanded from macro 'INTERNAL_CATCH_TESTCASE'
 1062 |         INTERNAL_CATCH_TESTCASE2( INTERNAL_CATCH_UNIQUE_NAME( C_A_T_C_H_T_E_S_T_ ), __VA_ARGS__ )
      |                                   ^
/home/pacha/R/x86_64-pc-linux-gnu-library/4.6/testthat/include/testthat/vendor/catch.hpp:478:85: note: expanded from macro 'INTERNAL_CATCH_UNIQUE_NAME'
  478 | #  define INTERNAL_CATCH_UNIQUE_NAME( name ) INTERNAL_CATCH_UNIQUE_NAME_LINE( name, __COUNTER__ )
      |                                                                                     ^
In file included from main.cpp:67:
./test-raws.h:4:1: warning: '__COUNTER__' is a C2y extension [-Wc2y-extensions]
/home/pacha/R/x86_64-pc-linux-gnu-library/4.6/testthat/include/testthat/testthat.h:187:25: note: expanded from macro 'context'
  187 | # define context(__X__) CATCH_TEST_CASE(__X__ " | " __FILE__)
      |                         ^
/home/pacha/R/x86_64-pc-linux-gnu-library/4.6/testthat/include/testthat/vendor/catch.hpp:17623:32: note: expanded from macro 'CATCH_TEST_CASE'
 17623 | #define CATCH_TEST_CASE( ... ) INTERNAL_CATCH_TESTCASE( __VA_ARGS__ )
       |                                ^
/home/pacha/R/x86_64-pc-linux-gnu-library/4.6/testthat/include/testthat/vendor/catch.hpp:1062:9: note: expanded from macro 'INTERNAL_CATCH_TESTCASE'
 1062 |         INTERNAL_CATCH_TESTCASE2( INTERNAL_CATCH_UNIQUE_NAME( C_A_T_C_H_T_E_S_T_ ), __VA_ARGS__ )
      |         ^
/home/pacha/R/x86_64-pc-linux-gnu-library/4.6/testthat/include/testthat/vendor/catch.hpp:1058:35: note: expanded from macro 'INTERNAL_CATCH_TESTCASE2'
 1058 |         namespace{ Catch::AutoReg INTERNAL_CATCH_UNIQUE_NAME( autoRegistrar )( Catch::makeTestInvoker( &TestName ), CATCH_INTERNAL_LINEINFO, Catch::StringRef(), Catch::NameAndTags{ __VA_ARGS__ } ); } /* NOLINT */ \
      |                                   ^
/home/pacha/R/x86_64-pc-linux-gnu-library/4.6/testthat/include/testthat/vendor/catch.hpp:478:85: note: expanded from macro 'INTERNAL_CATCH_UNIQUE_NAME'
  478 | #  define INTERNAL_CATCH_UNIQUE_NAME( name ) INTERNAL_CATCH_UNIQUE_NAME_LINE( name, __COUNTER__ )
      |                                                                                     ^
In file included from main.cpp:67:
./test-raws.h:5:3: warning: '__COUNTER__' is a C2y extension [-Wc2y-extensions]
    5 |   test_that("raws.push_back()") {
      |   ^
/home/pacha/R/x86_64-pc-linux-gnu-library/4.6/testthat/include/testthat/testthat.h:188:20: note: expanded from macro 'test_that'
  188 | # define test_that CATCH_SECTION
      |                    ^
/home/pacha/R/x86_64-pc-linux-gnu-library/4.6/testthat/include/testthat/vendor/catch.hpp:17627:30: note: expanded from macro 'CATCH_SECTION'
 17627 | #define CATCH_SECTION( ... ) INTERNAL_CATCH_SECTION( __VA_ARGS__ )
       |                              ^
/home/pacha/R/x86_64-pc-linux-gnu-library/4.6/testthat/include/testthat/vendor/catch.hpp:2940:31: note: expanded from macro 'INTERNAL_CATCH_SECTION'
 2940 |     if( Catch::Section const& INTERNAL_CATCH_UNIQUE_NAME( catch_internal_Section ) = Catch::SectionInfo( CATCH_INTERNAL_LINEINFO, __VA_ARGS__ ) ) \
      |                               ^
/home/pacha/R/x86_64-pc-linux-gnu-library/4.6/testthat/include/testthat/vendor/catch.hpp:478:85: note: expanded from macro 'INTERNAL_CATCH_UNIQUE_NAME'
  478 | #  define INTERNAL_CATCH_UNIQUE_NAME( name ) INTERNAL_CATCH_UNIQUE_NAME_LINE( name, __COUNTER__ )
      |                                                                                     ^
In file included from main.cpp:67:
./test-raws.h:14:3: warning: '__COUNTER__' is a C2y extension [-Wc2y-extensions]
   14 |   test_that("raws.resize()") {
      |   ^
/home/pacha/R/x86_64-pc-linux-gnu-library/4.6/testthat/include/testthat/testthat.h:188:20: note: expanded from macro 'test_that'
  188 | # define test_that CATCH_SECTION
      |                    ^
/home/pacha/R/x86_64-pc-linux-gnu-library/4.6/testthat/include/testthat/vendor/catch.hpp:17627:30: note: expanded from macro 'CATCH_SECTION'
 17627 | #define CATCH_SECTION( ... ) INTERNAL_CATCH_SECTION( __VA_ARGS__ )
       |                              ^
/home/pacha/R/x86_64-pc-linux-gnu-library/4.6/testthat/include/testthat/vendor/catch.hpp:2940:31: note: expanded from macro 'INTERNAL_CATCH_SECTION'
 2940 |     if( Catch::Section const& INTERNAL_CATCH_UNIQUE_NAME( catch_internal_Section ) = Catch::SectionInfo( CATCH_INTERNAL_LINEINFO, __VA_ARGS__ ) ) \
      |                               ^
/home/pacha/R/x86_64-pc-linux-gnu-library/4.6/testthat/include/testthat/vendor/catch.hpp:478:85: note: expanded from macro 'INTERNAL_CATCH_UNIQUE_NAME'
  478 | #  define INTERNAL_CATCH_UNIQUE_NAME( name ) INTERNAL_CATCH_UNIQUE_NAME_LINE( name, __COUNTER__ )
      |                                                                                     ^
In file included from main.cpp:67:
./test-raws.h:24:3: warning: '__COUNTER__' is a C2y extension [-Wc2y-extensions]
   24 |   test_that("raws.at()") {
      |   ^
/home/pacha/R/x86_64-pc-linux-gnu-library/4.6/testthat/include/testthat/testthat.h:188:20: note: expanded from macro 'test_that'
  188 | # define test_that CATCH_SECTION
      |                    ^
/home/pacha/R/x86_64-pc-linux-gnu-library/4.6/testthat/include/testthat/vendor/catch.hpp:17627:30: note: expanded from macro 'CATCH_SECTION'
 17627 | #define CATCH_SECTION( ... ) INTERNAL_CATCH_SECTION( __VA_ARGS__ )
       |                              ^
/home/pacha/R/x86_64-pc-linux-gnu-library/4.6/testthat/include/testthat/vendor/catch.hpp:2940:31: note: expanded from macro 'INTERNAL_CATCH_SECTION'
 2940 |     if( Catch::Section const& INTERNAL_CATCH_UNIQUE_NAME( catch_internal_Section ) = Catch::SectionInfo( CATCH_INTERNAL_LINEINFO, __VA_ARGS__ ) ) \
      |                               ^
/home/pacha/R/x86_64-pc-linux-gnu-library/4.6/testthat/include/testthat/vendor/catch.hpp:478:85: note: expanded from macro 'INTERNAL_CATCH_UNIQUE_NAME'
  478 | #  define INTERNAL_CATCH_UNIQUE_NAME( name ) INTERNAL_CATCH_UNIQUE_NAME_LINE( name, __COUNTER__ )
      |                                                                                     ^
In file included from main.cpp:67:
./test-raws.h:35:3: warning: '__COUNTER__' is a C2y extension [-Wc2y-extensions]
   35 |   test_that("raws.pop_back()") {
      |   ^
/home/pacha/R/x86_64-pc-linux-gnu-library/4.6/testthat/include/testthat/testthat.h:188:20: note: expanded from macro 'test_that'
  188 | # define test_that CATCH_SECTION
      |                    ^
/home/pacha/R/x86_64-pc-linux-gnu-library/4.6/testthat/include/testthat/vendor/catch.hpp:17627:30: note: expanded from macro 'CATCH_SECTION'
 17627 | #define CATCH_SECTION( ... ) INTERNAL_CATCH_SECTION( __VA_ARGS__ )
       |                              ^
/home/pacha/R/x86_64-pc-linux-gnu-library/4.6/testthat/include/testthat/vendor/catch.hpp:2940:31: note: expanded from macro 'INTERNAL_CATCH_SECTION'
 2940 |     if( Catch::Section const& INTERNAL_CATCH_UNIQUE_NAME( catch_internal_Section ) = Catch::SectionInfo( CATCH_INTERNAL_LINEINFO, __VA_ARGS__ ) ) \
      |                               ^
/home/pacha/R/x86_64-pc-linux-gnu-library/4.6/testthat/include/testthat/vendor/catch.hpp:478:85: note: expanded from macro 'INTERNAL_CATCH_UNIQUE_NAME'
  478 | #  define INTERNAL_CATCH_UNIQUE_NAME( name ) INTERNAL_CATCH_UNIQUE_NAME_LINE( name, __COUNTER__ )
      |                                                                                     ^
In file included from main.cpp:67:
./test-raws.h:47:3: warning: '__COUNTER__' is a C2y extension [-Wc2y-extensions]
   47 |   test_that("raws.insert()") {
      |   ^
/home/pacha/R/x86_64-pc-linux-gnu-library/4.6/testthat/include/testthat/testthat.h:188:20: note: expanded from macro 'test_that'
  188 | # define test_that CATCH_SECTION
      |                    ^
/home/pacha/R/x86_64-pc-linux-gnu-library/4.6/testthat/include/testthat/vendor/catch.hpp:17627:30: note: expanded from macro 'CATCH_SECTION'
 17627 | #define CATCH_SECTION( ... ) INTERNAL_CATCH_SECTION( __VA_ARGS__ )
       |                              ^
/home/pacha/R/x86_64-pc-linux-gnu-library/4.6/testthat/include/testthat/vendor/catch.hpp:2940:31: note: expanded from macro 'INTERNAL_CATCH_SECTION'
 2940 |     if( Catch::Section const& INTERNAL_CATCH_UNIQUE_NAME( catch_internal_Section ) = Catch::SectionInfo( CATCH_INTERNAL_LINEINFO, __VA_ARGS__ ) ) \
      |                               ^
/home/pacha/R/x86_64-pc-linux-gnu-library/4.6/testthat/include/testthat/vendor/catch.hpp:478:85: note: expanded from macro 'INTERNAL_CATCH_UNIQUE_NAME'
  478 | #  define INTERNAL_CATCH_UNIQUE_NAME( name ) INTERNAL_CATCH_UNIQUE_NAME_LINE( name, __COUNTER__ )
      |                                                                                     ^
In file included from main.cpp:67:
./test-raws.h:59:3: warning: '__COUNTER__' is a C2y extension [-Wc2y-extensions]
   59 |   test_that("raws.erase()") {
      |   ^
/home/pacha/R/x86_64-pc-linux-gnu-library/4.6/testthat/include/testthat/testthat.h:188:20: note: expanded from macro 'test_that'
  188 | # define test_that CATCH_SECTION
      |                    ^
/home/pacha/R/x86_64-pc-linux-gnu-library/4.6/testthat/include/testthat/vendor/catch.hpp:17627:30: note: expanded from macro 'CATCH_SECTION'
 17627 | #define CATCH_SECTION( ... ) INTERNAL_CATCH_SECTION( __VA_ARGS__ )
       |                              ^
/home/pacha/R/x86_64-pc-linux-gnu-library/4.6/testthat/include/testthat/vendor/catch.hpp:2940:31: note: expanded from macro 'INTERNAL_CATCH_SECTION'
 2940 |     if( Catch::Section const& INTERNAL_CATCH_UNIQUE_NAME( catch_internal_Section ) = Catch::SectionInfo( CATCH_INTERNAL_LINEINFO, __VA_ARGS__ ) ) \
      |                               ^
/home/pacha/R/x86_64-pc-linux-gnu-library/4.6/testthat/include/testthat/vendor/catch.hpp:478:85: note: expanded from macro 'INTERNAL_CATCH_UNIQUE_NAME'
  478 | #  define INTERNAL_CATCH_UNIQUE_NAME( name ) INTERNAL_CATCH_UNIQUE_NAME_LINE( name, __COUNTER__ )
      |                                                                                     ^
In file included from main.cpp:67:
./test-raws.h:85:3: warning: '__COUNTER__' is a C2y extension [-Wc2y-extensions]
   85 |   test_that("raws.iterator* = ") {
      |   ^
/home/pacha/R/x86_64-pc-linux-gnu-library/4.6/testthat/include/testthat/testthat.h:188:20: note: expanded from macro 'test_that'
  188 | # define test_that CATCH_SECTION
      |                    ^
/home/pacha/R/x86_64-pc-linux-gnu-library/4.6/testthat/include/testthat/vendor/catch.hpp:17627:30: note: expanded from macro 'CATCH_SECTION'
 17627 | #define CATCH_SECTION( ... ) INTERNAL_CATCH_SECTION( __VA_ARGS__ )
       |                              ^
/home/pacha/R/x86_64-pc-linux-gnu-library/4.6/testthat/include/testthat/vendor/catch.hpp:2940:31: note: expanded from macro 'INTERNAL_CATCH_SECTION'
 2940 |     if( Catch::Section const& INTERNAL_CATCH_UNIQUE_NAME( catch_internal_Section ) = Catch::SectionInfo( CATCH_INTERNAL_LINEINFO, __VA_ARGS__ ) ) \
      |                               ^
/home/pacha/R/x86_64-pc-linux-gnu-library/4.6/testthat/include/testthat/vendor/catch.hpp:478:85: note: expanded from macro 'INTERNAL_CATCH_UNIQUE_NAME'
  478 | #  define INTERNAL_CATCH_UNIQUE_NAME( name ) INTERNAL_CATCH_UNIQUE_NAME_LINE( name, __COUNTER__ )
      |                                                                                     ^
In file included from main.cpp:67:
./test-raws.h:101:3: warning: '__COUNTER__' is a C2y extension [-Wc2y-extensions]
  101 |   test_that("writable::raws(SEXP)") {
      |   ^
/home/pacha/R/x86_64-pc-linux-gnu-library/4.6/testthat/include/testthat/testthat.h:188:20: note: expanded from macro 'test_that'
  188 | # define test_that CATCH_SECTION
      |                    ^
/home/pacha/R/x86_64-pc-linux-gnu-library/4.6/testthat/include/testthat/vendor/catch.hpp:17627:30: note: expanded from macro 'CATCH_SECTION'
 17627 | #define CATCH_SECTION( ... ) INTERNAL_CATCH_SECTION( __VA_ARGS__ )
       |                              ^
/home/pacha/R/x86_64-pc-linux-gnu-library/4.6/testthat/include/testthat/vendor/catch.hpp:2940:31: note: expanded from macro 'INTERNAL_CATCH_SECTION'
 2940 |     if( Catch::Section const& INTERNAL_CATCH_UNIQUE_NAME( catch_internal_Section ) = Catch::SectionInfo( CATCH_INTERNAL_LINEINFO, __VA_ARGS__ ) ) \
      |                               ^
/home/pacha/R/x86_64-pc-linux-gnu-library/4.6/testthat/include/testthat/vendor/catch.hpp:478:85: note: expanded from macro 'INTERNAL_CATCH_UNIQUE_NAME'
  478 | #  define INTERNAL_CATCH_UNIQUE_NAME( name ) INTERNAL_CATCH_UNIQUE_NAME_LINE( name, __COUNTER__ )
      |                                                                                     ^
In file included from main.cpp:67:
./test-raws.h:130:3: warning: '__COUNTER__' is a C2y extension [-Wc2y-extensions]
  130 |   test_that("writable::raws(initializer_list<named_arg>)") {
      |   ^
/home/pacha/R/x86_64-pc-linux-gnu-library/4.6/testthat/include/testthat/testthat.h:188:20: note: expanded from macro 'test_that'
  188 | # define test_that CATCH_SECTION
      |                    ^
/home/pacha/R/x86_64-pc-linux-gnu-library/4.6/testthat/include/testthat/vendor/catch.hpp:17627:30: note: expanded from macro 'CATCH_SECTION'
 17627 | #define CATCH_SECTION( ... ) INTERNAL_CATCH_SECTION( __VA_ARGS__ )
       |                              ^
/home/pacha/R/x86_64-pc-linux-gnu-library/4.6/testthat/include/testthat/vendor/catch.hpp:2940:31: note: expanded from macro 'INTERNAL_CATCH_SECTION'
 2940 |     if( Catch::Section const& INTERNAL_CATCH_UNIQUE_NAME( catch_internal_Section ) = Catch::SectionInfo( CATCH_INTERNAL_LINEINFO, __VA_ARGS__ ) ) \
      |                               ^
/home/pacha/R/x86_64-pc-linux-gnu-library/4.6/testthat/include/testthat/vendor/catch.hpp:478:85: note: expanded from macro 'INTERNAL_CATCH_UNIQUE_NAME'
  478 | #  define INTERNAL_CATCH_UNIQUE_NAME( name ) INTERNAL_CATCH_UNIQUE_NAME_LINE( name, __COUNTER__ )
      |                                                                                     ^
In file included from main.cpp:67:
./test-raws.h:157:3: warning: '__COUNTER__' is a C2y extension [-Wc2y-extensions]
  157 |   test_that("writable::raws(initializer_list<named_arg>) type check") {
      |   ^
/home/pacha/R/x86_64-pc-linux-gnu-library/4.6/testthat/include/testthat/testthat.h:188:20: note: expanded from macro 'test_that'
  188 | # define test_that CATCH_SECTION
      |                    ^
/home/pacha/R/x86_64-pc-linux-gnu-library/4.6/testthat/include/testthat/vendor/catch.hpp:17627:30: note: expanded from macro 'CATCH_SECTION'
 17627 | #define CATCH_SECTION( ... ) INTERNAL_CATCH_SECTION( __VA_ARGS__ )
       |                              ^
/home/pacha/R/x86_64-pc-linux-gnu-library/4.6/testthat/include/testthat/vendor/catch.hpp:2940:31: note: expanded from macro 'INTERNAL_CATCH_SECTION'
 2940 |     if( Catch::Section const& INTERNAL_CATCH_UNIQUE_NAME( catch_internal_Section ) = Catch::SectionInfo( CATCH_INTERNAL_LINEINFO, __VA_ARGS__ ) ) \
      |                               ^
/home/pacha/R/x86_64-pc-linux-gnu-library/4.6/testthat/include/testthat/vendor/catch.hpp:478:85: note: expanded from macro 'INTERNAL_CATCH_UNIQUE_NAME'
  478 | #  define INTERNAL_CATCH_UNIQUE_NAME( name ) INTERNAL_CATCH_UNIQUE_NAME_LINE( name, __COUNTER__ )
      |                                                                                     ^
In file included from main.cpp:67:
./test-raws.h:166:3: warning: '__COUNTER__' is a C2y extension [-Wc2y-extensions]
  166 |   test_that("writable::raws(initializer_list<named_arg>) length check") {
      |   ^
/home/pacha/R/x86_64-pc-linux-gnu-library/4.6/testthat/include/testthat/testthat.h:188:20: note: expanded from macro 'test_that'
  188 | # define test_that CATCH_SECTION
      |                    ^
/home/pacha/R/x86_64-pc-linux-gnu-library/4.6/testthat/include/testthat/vendor/catch.hpp:17627:30: note: expanded from macro 'CATCH_SECTION'
 17627 | #define CATCH_SECTION( ... ) INTERNAL_CATCH_SECTION( __VA_ARGS__ )
       |                              ^
/home/pacha/R/x86_64-pc-linux-gnu-library/4.6/testthat/include/testthat/vendor/catch.hpp:2940:31: note: expanded from macro 'INTERNAL_CATCH_SECTION'
 2940 |     if( Catch::Section const& INTERNAL_CATCH_UNIQUE_NAME( catch_internal_Section ) = Catch::SectionInfo( CATCH_INTERNAL_LINEINFO, __VA_ARGS__ ) ) \
      |                               ^
/home/pacha/R/x86_64-pc-linux-gnu-library/4.6/testthat/include/testthat/vendor/catch.hpp:478:85: note: expanded from macro 'INTERNAL_CATCH_UNIQUE_NAME'
  478 | #  define INTERNAL_CATCH_UNIQUE_NAME( name ) INTERNAL_CATCH_UNIQUE_NAME_LINE( name, __COUNTER__ )
      |                                                                                     ^
In file included from main.cpp:67:
./test-raws.h:173:3: warning: '__COUNTER__' is a C2y extension [-Wc2y-extensions]
  173 |   test_that("writable::raws(initializer_list<uint_8>)") {
      |   ^
/home/pacha/R/x86_64-pc-linux-gnu-library/4.6/testthat/include/testthat/testthat.h:188:20: note: expanded from macro 'test_that'
  188 | # define test_that CATCH_SECTION
      |                    ^
/home/pacha/R/x86_64-pc-linux-gnu-library/4.6/testthat/include/testthat/vendor/catch.hpp:17627:30: note: expanded from macro 'CATCH_SECTION'
 17627 | #define CATCH_SECTION( ... ) INTERNAL_CATCH_SECTION( __VA_ARGS__ )
       |                              ^
/home/pacha/R/x86_64-pc-linux-gnu-library/4.6/testthat/include/testthat/vendor/catch.hpp:2940:31: note: expanded from macro 'INTERNAL_CATCH_SECTION'
 2940 |     if( Catch::Section const& INTERNAL_CATCH_UNIQUE_NAME( catch_internal_Section ) = Catch::SectionInfo( CATCH_INTERNAL_LINEINFO, __VA_ARGS__ ) ) \
      |                               ^
/home/pacha/R/x86_64-pc-linux-gnu-library/4.6/testthat/include/testthat/vendor/catch.hpp:478:85: note: expanded from macro 'INTERNAL_CATCH_UNIQUE_NAME'
  478 | #  define INTERNAL_CATCH_UNIQUE_NAME( name ) INTERNAL_CATCH_UNIQUE_NAME_LINE( name, __COUNTER__ )
      |                                                                                     ^
In file included from main.cpp:68:
./test-sexp.h:3:1: warning: '__COUNTER__' is a C2y extension [-Wc2y-extensions]
    3 | context("sexp-C++") {
      | ^
/home/pacha/R/x86_64-pc-linux-gnu-library/4.6/testthat/include/testthat/testthat.h:187:25: note: expanded from macro 'context'
  187 | # define context(__X__) CATCH_TEST_CASE(__X__ " | " __FILE__)
      |                         ^
/home/pacha/R/x86_64-pc-linux-gnu-library/4.6/testthat/include/testthat/vendor/catch.hpp:17623:32: note: expanded from macro 'CATCH_TEST_CASE'
 17623 | #define CATCH_TEST_CASE( ... ) INTERNAL_CATCH_TESTCASE( __VA_ARGS__ )
       |                                ^
/home/pacha/R/x86_64-pc-linux-gnu-library/4.6/testthat/include/testthat/vendor/catch.hpp:1062:35: note: expanded from macro 'INTERNAL_CATCH_TESTCASE'
 1062 |         INTERNAL_CATCH_TESTCASE2( INTERNAL_CATCH_UNIQUE_NAME( C_A_T_C_H_T_E_S_T_ ), __VA_ARGS__ )
      |                                   ^
/home/pacha/R/x86_64-pc-linux-gnu-library/4.6/testthat/include/testthat/vendor/catch.hpp:478:85: note: expanded from macro 'INTERNAL_CATCH_UNIQUE_NAME'
  478 | #  define INTERNAL_CATCH_UNIQUE_NAME( name ) INTERNAL_CATCH_UNIQUE_NAME_LINE( name, __COUNTER__ )
      |                                                                                     ^
In file included from main.cpp:68:
./test-sexp.h:3:1: warning: '__COUNTER__' is a C2y extension [-Wc2y-extensions]
/home/pacha/R/x86_64-pc-linux-gnu-library/4.6/testthat/include/testthat/testthat.h:187:25: note: expanded from macro 'context'
  187 | # define context(__X__) CATCH_TEST_CASE(__X__ " | " __FILE__)
      |                         ^
/home/pacha/R/x86_64-pc-linux-gnu-library/4.6/testthat/include/testthat/vendor/catch.hpp:17623:32: note: expanded from macro 'CATCH_TEST_CASE'
 17623 | #define CATCH_TEST_CASE( ... ) INTERNAL_CATCH_TESTCASE( __VA_ARGS__ )
       |                                ^
/home/pacha/R/x86_64-pc-linux-gnu-library/4.6/testthat/include/testthat/vendor/catch.hpp:1062:9: note: expanded from macro 'INTERNAL_CATCH_TESTCASE'
 1062 |         INTERNAL_CATCH_TESTCASE2( INTERNAL_CATCH_UNIQUE_NAME( C_A_T_C_H_T_E_S_T_ ), __VA_ARGS__ )
      |         ^
/home/pacha/R/x86_64-pc-linux-gnu-library/4.6/testthat/include/testthat/vendor/catch.hpp:1058:35: note: expanded from macro 'INTERNAL_CATCH_TESTCASE2'
 1058 |         namespace{ Catch::AutoReg INTERNAL_CATCH_UNIQUE_NAME( autoRegistrar )( Catch::makeTestInvoker( &TestName ), CATCH_INTERNAL_LINEINFO, Catch::StringRef(), Catch::NameAndTags{ __VA_ARGS__ } ); } /* NOLINT */ \
      |                                   ^
/home/pacha/R/x86_64-pc-linux-gnu-library/4.6/testthat/include/testthat/vendor/catch.hpp:478:85: note: expanded from macro 'INTERNAL_CATCH_UNIQUE_NAME'
  478 | #  define INTERNAL_CATCH_UNIQUE_NAME( name ) INTERNAL_CATCH_UNIQUE_NAME_LINE( name, __COUNTER__ )
      |                                                                                     ^
In file included from main.cpp:68:
./test-sexp.h:4:3: warning: '__COUNTER__' is a C2y extension [-Wc2y-extensions]
    4 |   test_that("sexp initializer lists work") {
      |   ^
/home/pacha/R/x86_64-pc-linux-gnu-library/4.6/testthat/include/testthat/testthat.h:188:20: note: expanded from macro 'test_that'
  188 | # define test_that CATCH_SECTION
      |                    ^
/home/pacha/R/x86_64-pc-linux-gnu-library/4.6/testthat/include/testthat/vendor/catch.hpp:17627:30: note: expanded from macro 'CATCH_SECTION'
 17627 | #define CATCH_SECTION( ... ) INTERNAL_CATCH_SECTION( __VA_ARGS__ )
       |                              ^
/home/pacha/R/x86_64-pc-linux-gnu-library/4.6/testthat/include/testthat/vendor/catch.hpp:2940:31: note: expanded from macro 'INTERNAL_CATCH_SECTION'
 2940 |     if( Catch::Section const& INTERNAL_CATCH_UNIQUE_NAME( catch_internal_Section ) = Catch::SectionInfo( CATCH_INTERNAL_LINEINFO, __VA_ARGS__ ) ) \
      |                               ^
/home/pacha/R/x86_64-pc-linux-gnu-library/4.6/testthat/include/testthat/vendor/catch.hpp:478:85: note: expanded from macro 'INTERNAL_CATCH_UNIQUE_NAME'
  478 | #  define INTERNAL_CATCH_UNIQUE_NAME( name ) INTERNAL_CATCH_UNIQUE_NAME_LINE( name, __COUNTER__ )
      |                                                                                     ^
In file included from main.cpp:68:
./test-sexp.h:18:3: warning: '__COUNTER__' is a C2y extension [-Wc2y-extensions]
   18 |   test_that("scalar constructors work") {
      |   ^
/home/pacha/R/x86_64-pc-linux-gnu-library/4.6/testthat/include/testthat/testthat.h:188:20: note: expanded from macro 'test_that'
  188 | # define test_that CATCH_SECTION
      |                    ^
/home/pacha/R/x86_64-pc-linux-gnu-library/4.6/testthat/include/testthat/vendor/catch.hpp:17627:30: note: expanded from macro 'CATCH_SECTION'
 17627 | #define CATCH_SECTION( ... ) INTERNAL_CATCH_SECTION( __VA_ARGS__ )
       |                              ^
/home/pacha/R/x86_64-pc-linux-gnu-library/4.6/testthat/include/testthat/vendor/catch.hpp:2940:31: note: expanded from macro 'INTERNAL_CATCH_SECTION'
 2940 |     if( Catch::Section const& INTERNAL_CATCH_UNIQUE_NAME( catch_internal_Section ) = Catch::SectionInfo( CATCH_INTERNAL_LINEINFO, __VA_ARGS__ ) ) \
      |                               ^
/home/pacha/R/x86_64-pc-linux-gnu-library/4.6/testthat/include/testthat/vendor/catch.hpp:478:85: note: expanded from macro 'INTERNAL_CATCH_UNIQUE_NAME'
  478 | #  define INTERNAL_CATCH_UNIQUE_NAME( name ) INTERNAL_CATCH_UNIQUE_NAME_LINE( name, __COUNTER__ )
      |                                                                                     ^
In file included from main.cpp:68:
./test-sexp.h:32:3: warning: '__COUNTER__' is a C2y extension [-Wc2y-extensions]
   32 |   test_that("move constructor works") {
      |   ^
/home/pacha/R/x86_64-pc-linux-gnu-library/4.6/testthat/include/testthat/testthat.h:188:20: note: expanded from macro 'test_that'
  188 | # define test_that CATCH_SECTION
      |                    ^
/home/pacha/R/x86_64-pc-linux-gnu-library/4.6/testthat/include/testthat/vendor/catch.hpp:17627:30: note: expanded from macro 'CATCH_SECTION'
 17627 | #define CATCH_SECTION( ... ) INTERNAL_CATCH_SECTION( __VA_ARGS__ )
       |                              ^
/home/pacha/R/x86_64-pc-linux-gnu-library/4.6/testthat/include/testthat/vendor/catch.hpp:2940:31: note: expanded from macro 'INTERNAL_CATCH_SECTION'
 2940 |     if( Catch::Section const& INTERNAL_CATCH_UNIQUE_NAME( catch_internal_Section ) = Catch::SectionInfo( CATCH_INTERNAL_LINEINFO, __VA_ARGS__ ) ) \
      |                               ^
/home/pacha/R/x86_64-pc-linux-gnu-library/4.6/testthat/include/testthat/vendor/catch.hpp:478:85: note: expanded from macro 'INTERNAL_CATCH_UNIQUE_NAME'
  478 | #  define INTERNAL_CATCH_UNIQUE_NAME( name ) INTERNAL_CATCH_UNIQUE_NAME_LINE( name, __COUNTER__ )
      |                                                                                     ^
In file included from main.cpp:69:
./test-sexp_advanced.h:3:1: warning: '__COUNTER__' is a C2y extension [-Wc2y-extensions]
    3 | context("sexp-advanced-C++") {
      | ^
/home/pacha/R/x86_64-pc-linux-gnu-library/4.6/testthat/include/testthat/testthat.h:187:25: note: expanded from macro 'context'
  187 | # define context(__X__) CATCH_TEST_CASE(__X__ " | " __FILE__)
      |                         ^
/home/pacha/R/x86_64-pc-linux-gnu-library/4.6/testthat/include/testthat/vendor/catch.hpp:17623:32: note: expanded from macro 'CATCH_TEST_CASE'
 17623 | #define CATCH_TEST_CASE( ... ) INTERNAL_CATCH_TESTCASE( __VA_ARGS__ )
       |                                ^
/home/pacha/R/x86_64-pc-linux-gnu-library/4.6/testthat/include/testthat/vendor/catch.hpp:1062:35: note: expanded from macro 'INTERNAL_CATCH_TESTCASE'
 1062 |         INTERNAL_CATCH_TESTCASE2( INTERNAL_CATCH_UNIQUE_NAME( C_A_T_C_H_T_E_S_T_ ), __VA_ARGS__ )
      |                                   ^
/home/pacha/R/x86_64-pc-linux-gnu-library/4.6/testthat/include/testthat/vendor/catch.hpp:478:85: note: expanded from macro 'INTERNAL_CATCH_UNIQUE_NAME'
  478 | #  define INTERNAL_CATCH_UNIQUE_NAME( name ) INTERNAL_CATCH_UNIQUE_NAME_LINE( name, __COUNTER__ )
      |                                                                                     ^
In file included from main.cpp:69:
./test-sexp_advanced.h:3:1: warning: '__COUNTER__' is a C2y extension [-Wc2y-extensions]
/home/pacha/R/x86_64-pc-linux-gnu-library/4.6/testthat/include/testthat/testthat.h:187:25: note: expanded from macro 'context'
  187 | # define context(__X__) CATCH_TEST_CASE(__X__ " | " __FILE__)
      |                         ^
/home/pacha/R/x86_64-pc-linux-gnu-library/4.6/testthat/include/testthat/vendor/catch.hpp:17623:32: note: expanded from macro 'CATCH_TEST_CASE'
 17623 | #define CATCH_TEST_CASE( ... ) INTERNAL_CATCH_TESTCASE( __VA_ARGS__ )
       |                                ^
/home/pacha/R/x86_64-pc-linux-gnu-library/4.6/testthat/include/testthat/vendor/catch.hpp:1062:9: note: expanded from macro 'INTERNAL_CATCH_TESTCASE'
 1062 |         INTERNAL_CATCH_TESTCASE2( INTERNAL_CATCH_UNIQUE_NAME( C_A_T_C_H_T_E_S_T_ ), __VA_ARGS__ )
      |         ^
/home/pacha/R/x86_64-pc-linux-gnu-library/4.6/testthat/include/testthat/vendor/catch.hpp:1058:35: note: expanded from macro 'INTERNAL_CATCH_TESTCASE2'
 1058 |         namespace{ Catch::AutoReg INTERNAL_CATCH_UNIQUE_NAME( autoRegistrar )( Catch::makeTestInvoker( &TestName ), CATCH_INTERNAL_LINEINFO, Catch::StringRef(), Catch::NameAndTags{ __VA_ARGS__ } ); } /* NOLINT */ \
      |                                   ^
/home/pacha/R/x86_64-pc-linux-gnu-library/4.6/testthat/include/testthat/vendor/catch.hpp:478:85: note: expanded from macro 'INTERNAL_CATCH_UNIQUE_NAME'
  478 | #  define INTERNAL_CATCH_UNIQUE_NAME( name ) INTERNAL_CATCH_UNIQUE_NAME_LINE( name, __COUNTER__ )
      |                                                                                     ^
In file included from main.cpp:69:
./test-sexp_advanced.h:4:3: warning: '__COUNTER__' is a C2y extension [-Wc2y-extensions]
    4 |   test_that("sexp copy assignment operator") {
      |   ^
/home/pacha/R/x86_64-pc-linux-gnu-library/4.6/testthat/include/testthat/testthat.h:188:20: note: expanded from macro 'test_that'
  188 | # define test_that CATCH_SECTION
      |                    ^
/home/pacha/R/x86_64-pc-linux-gnu-library/4.6/testthat/include/testthat/vendor/catch.hpp:17627:30: note: expanded from macro 'CATCH_SECTION'
 17627 | #define CATCH_SECTION( ... ) INTERNAL_CATCH_SECTION( __VA_ARGS__ )
       |                              ^
/home/pacha/R/x86_64-pc-linux-gnu-library/4.6/testthat/include/testthat/vendor/catch.hpp:2940:31: note: expanded from macro 'INTERNAL_CATCH_SECTION'
 2940 |     if( Catch::Section const& INTERNAL_CATCH_UNIQUE_NAME( catch_internal_Section ) = Catch::SectionInfo( CATCH_INTERNAL_LINEINFO, __VA_ARGS__ ) ) \
      |                               ^
/home/pacha/R/x86_64-pc-linux-gnu-library/4.6/testthat/include/testthat/vendor/catch.hpp:478:85: note: expanded from macro 'INTERNAL_CATCH_UNIQUE_NAME'
  478 | #  define INTERNAL_CATCH_UNIQUE_NAME( name ) INTERNAL_CATCH_UNIQUE_NAME_LINE( name, __COUNTER__ )
      |                                                                                     ^
In file included from main.cpp:69:
./test-sexp_advanced.h:12:3: warning: '__COUNTER__' is a C2y extension [-Wc2y-extensions]
   12 |   test_that("sexp attr(SEXP) works") {
      |   ^
/home/pacha/R/x86_64-pc-linux-gnu-library/4.6/testthat/include/testthat/testthat.h:188:20: note: expanded from macro 'test_that'
  188 | # define test_that CATCH_SECTION
      |                    ^
/home/pacha/R/x86_64-pc-linux-gnu-library/4.6/testthat/include/testthat/vendor/catch.hpp:17627:30: note: expanded from macro 'CATCH_SECTION'
 17627 | #define CATCH_SECTION( ... ) INTERNAL_CATCH_SECTION( __VA_ARGS__ )
       |                              ^
/home/pacha/R/x86_64-pc-linux-gnu-library/4.6/testthat/include/testthat/vendor/catch.hpp:2940:31: note: expanded from macro 'INTERNAL_CATCH_SECTION'
 2940 |     if( Catch::Section const& INTERNAL_CATCH_UNIQUE_NAME( catch_internal_Section ) = Catch::SectionInfo( CATCH_INTERNAL_LINEINFO, __VA_ARGS__ ) ) \
      |                               ^
/home/pacha/R/x86_64-pc-linux-gnu-library/4.6/testthat/include/testthat/vendor/catch.hpp:478:85: note: expanded from macro 'INTERNAL_CATCH_UNIQUE_NAME'
  478 | #  define INTERNAL_CATCH_UNIQUE_NAME( name ) INTERNAL_CATCH_UNIQUE_NAME_LINE( name, __COUNTER__ )
      |                                                                                     ^
In file included from main.cpp:69:
./test-sexp_advanced.h:20:3: warning: '__COUNTER__' is a C2y extension [-Wc2y-extensions]
   20 |   test_that("sexp attr(std::string) works") {
      |   ^
/home/pacha/R/x86_64-pc-linux-gnu-library/4.6/testthat/include/testthat/testthat.h:188:20: note: expanded from macro 'test_that'
  188 | # define test_that CATCH_SECTION
      |                    ^
/home/pacha/R/x86_64-pc-linux-gnu-library/4.6/testthat/include/testthat/vendor/catch.hpp:17627:30: note: expanded from macro 'CATCH_SECTION'
 17627 | #define CATCH_SECTION( ... ) INTERNAL_CATCH_SECTION( __VA_ARGS__ )
       |                              ^
/home/pacha/R/x86_64-pc-linux-gnu-library/4.6/testthat/include/testthat/vendor/catch.hpp:2940:31: note: expanded from macro 'INTERNAL_CATCH_SECTION'
 2940 |     if( Catch::Section const& INTERNAL_CATCH_UNIQUE_NAME( catch_internal_Section ) = Catch::SectionInfo( CATCH_INTERNAL_LINEINFO, __VA_ARGS__ ) ) \
      |                               ^
/home/pacha/R/x86_64-pc-linux-gnu-library/4.6/testthat/include/testthat/vendor/catch.hpp:478:85: note: expanded from macro 'INTERNAL_CATCH_UNIQUE_NAME'
  478 | #  define INTERNAL_CATCH_UNIQUE_NAME( name ) INTERNAL_CATCH_UNIQUE_NAME_LINE( name, __COUNTER__ )
      |                                                                                     ^
In file included from main.cpp:69:
./test-sexp_advanced.h:29:3: warning: '__COUNTER__' is a C2y extension [-Wc2y-extensions]
   29 |   test_that("sexp names() works") {
      |   ^
/home/pacha/R/x86_64-pc-linux-gnu-library/4.6/testthat/include/testthat/testthat.h:188:20: note: expanded from macro 'test_that'
  188 | # define test_that CATCH_SECTION
      |                    ^
/home/pacha/R/x86_64-pc-linux-gnu-library/4.6/testthat/include/testthat/vendor/catch.hpp:17627:30: note: expanded from macro 'CATCH_SECTION'
 17627 | #define CATCH_SECTION( ... ) INTERNAL_CATCH_SECTION( __VA_ARGS__ )
       |                              ^
/home/pacha/R/x86_64-pc-linux-gnu-library/4.6/testthat/include/testthat/vendor/catch.hpp:2940:31: note: expanded from macro 'INTERNAL_CATCH_SECTION'
 2940 |     if( Catch::Section const& INTERNAL_CATCH_UNIQUE_NAME( catch_internal_Section ) = Catch::SectionInfo( CATCH_INTERNAL_LINEINFO, __VA_ARGS__ ) ) \
      |                               ^
/home/pacha/R/x86_64-pc-linux-gnu-library/4.6/testthat/include/testthat/vendor/catch.hpp:478:85: note: expanded from macro 'INTERNAL_CATCH_UNIQUE_NAME'
  478 | #  define INTERNAL_CATCH_UNIQUE_NAME( name ) INTERNAL_CATCH_UNIQUE_NAME_LINE( name, __COUNTER__ )
      |                                                                                     ^
In file included from main.cpp:69:
./test-sexp_advanced.h:38:3: warning: '__COUNTER__' is a C2y extension [-Wc2y-extensions]
   38 |   test_that("sexp deprecated conversion operators") {
      |   ^
/home/pacha/R/x86_64-pc-linux-gnu-library/4.6/testthat/include/testthat/testthat.h:188:20: note: expanded from macro 'test_that'
  188 | # define test_that CATCH_SECTION
      |                    ^
/home/pacha/R/x86_64-pc-linux-gnu-library/4.6/testthat/include/testthat/vendor/catch.hpp:17627:30: note: expanded from macro 'CATCH_SECTION'
 17627 | #define CATCH_SECTION( ... ) INTERNAL_CATCH_SECTION( __VA_ARGS__ )
       |                              ^
/home/pacha/R/x86_64-pc-linux-gnu-library/4.6/testthat/include/testthat/vendor/catch.hpp:2940:31: note: expanded from macro 'INTERNAL_CATCH_SECTION'
 2940 |     if( Catch::Section const& INTERNAL_CATCH_UNIQUE_NAME( catch_internal_Section ) = Catch::SectionInfo( CATCH_INTERNAL_LINEINFO, __VA_ARGS__ ) ) \
      |                               ^
/home/pacha/R/x86_64-pc-linux-gnu-library/4.6/testthat/include/testthat/vendor/catch.hpp:478:85: note: expanded from macro 'INTERNAL_CATCH_UNIQUE_NAME'
  478 | #  define INTERNAL_CATCH_UNIQUE_NAME( name ) INTERNAL_CATCH_UNIQUE_NAME_LINE( name, __COUNTER__ )
      |                                                                                     ^
In file included from main.cpp:70:
./test-string.h:3:1: warning: '__COUNTER__' is a C2y extension [-Wc2y-extensions]
    3 | context("string-C++") {
      | ^
/home/pacha/R/x86_64-pc-linux-gnu-library/4.6/testthat/include/testthat/testthat.h:187:25: note: expanded from macro 'context'
  187 | # define context(__X__) CATCH_TEST_CASE(__X__ " | " __FILE__)
      |                         ^
/home/pacha/R/x86_64-pc-linux-gnu-library/4.6/testthat/include/testthat/vendor/catch.hpp:17623:32: note: expanded from macro 'CATCH_TEST_CASE'
 17623 | #define CATCH_TEST_CASE( ... ) INTERNAL_CATCH_TESTCASE( __VA_ARGS__ )
       |                                ^
/home/pacha/R/x86_64-pc-linux-gnu-library/4.6/testthat/include/testthat/vendor/catch.hpp:1062:35: note: expanded from macro 'INTERNAL_CATCH_TESTCASE'
 1062 |         INTERNAL_CATCH_TESTCASE2( INTERNAL_CATCH_UNIQUE_NAME( C_A_T_C_H_T_E_S_T_ ), __VA_ARGS__ )
      |                                   ^
/home/pacha/R/x86_64-pc-linux-gnu-library/4.6/testthat/include/testthat/vendor/catch.hpp:478:85: note: expanded from macro 'INTERNAL_CATCH_UNIQUE_NAME'
  478 | #  define INTERNAL_CATCH_UNIQUE_NAME( name ) INTERNAL_CATCH_UNIQUE_NAME_LINE( name, __COUNTER__ )
      |                                                                                     ^
In file included from main.cpp:70:
./test-string.h:3:1: warning: '__COUNTER__' is a C2y extension [-Wc2y-extensions]
/home/pacha/R/x86_64-pc-linux-gnu-library/4.6/testthat/include/testthat/testthat.h:187:25: note: expanded from macro 'context'
  187 | # define context(__X__) CATCH_TEST_CASE(__X__ " | " __FILE__)
      |                         ^
/home/pacha/R/x86_64-pc-linux-gnu-library/4.6/testthat/include/testthat/vendor/catch.hpp:17623:32: note: expanded from macro 'CATCH_TEST_CASE'
 17623 | #define CATCH_TEST_CASE( ... ) INTERNAL_CATCH_TESTCASE( __VA_ARGS__ )
       |                                ^
/home/pacha/R/x86_64-pc-linux-gnu-library/4.6/testthat/include/testthat/vendor/catch.hpp:1062:9: note: expanded from macro 'INTERNAL_CATCH_TESTCASE'
 1062 |         INTERNAL_CATCH_TESTCASE2( INTERNAL_CATCH_UNIQUE_NAME( C_A_T_C_H_T_E_S_T_ ), __VA_ARGS__ )
      |         ^
/home/pacha/R/x86_64-pc-linux-gnu-library/4.6/testthat/include/testthat/vendor/catch.hpp:1058:35: note: expanded from macro 'INTERNAL_CATCH_TESTCASE2'
 1058 |         namespace{ Catch::AutoReg INTERNAL_CATCH_UNIQUE_NAME( autoRegistrar )( Catch::makeTestInvoker( &TestName ), CATCH_INTERNAL_LINEINFO, Catch::StringRef(), Catch::NameAndTags{ __VA_ARGS__ } ); } /* NOLINT */ \
      |                                   ^
/home/pacha/R/x86_64-pc-linux-gnu-library/4.6/testthat/include/testthat/vendor/catch.hpp:478:85: note: expanded from macro 'INTERNAL_CATCH_UNIQUE_NAME'
  478 | #  define INTERNAL_CATCH_UNIQUE_NAME( name ) INTERNAL_CATCH_UNIQUE_NAME_LINE( name, __COUNTER__ )
      |                                                                                     ^
In file included from main.cpp:70:
./test-string.h:4:3: warning: '__COUNTER__' is a C2y extension [-Wc2y-extensions]
    4 |   test_that("is_na(string)") {
      |   ^
/home/pacha/R/x86_64-pc-linux-gnu-library/4.6/testthat/include/testthat/testthat.h:188:20: note: expanded from macro 'test_that'
  188 | # define test_that CATCH_SECTION
      |                    ^
/home/pacha/R/x86_64-pc-linux-gnu-library/4.6/testthat/include/testthat/vendor/catch.hpp:17627:30: note: expanded from macro 'CATCH_SECTION'
 17627 | #define CATCH_SECTION( ... ) INTERNAL_CATCH_SECTION( __VA_ARGS__ )
       |                              ^
/home/pacha/R/x86_64-pc-linux-gnu-library/4.6/testthat/include/testthat/vendor/catch.hpp:2940:31: note: expanded from macro 'INTERNAL_CATCH_SECTION'
 2940 |     if( Catch::Section const& INTERNAL_CATCH_UNIQUE_NAME( catch_internal_Section ) = Catch::SectionInfo( CATCH_INTERNAL_LINEINFO, __VA_ARGS__ ) ) \
      |                               ^
/home/pacha/R/x86_64-pc-linux-gnu-library/4.6/testthat/include/testthat/vendor/catch.hpp:478:85: note: expanded from macro 'INTERNAL_CATCH_UNIQUE_NAME'
  478 | #  define INTERNAL_CATCH_UNIQUE_NAME( name ) INTERNAL_CATCH_UNIQUE_NAME_LINE( name, __COUNTER__ )
      |                                                                                     ^
In file included from main.cpp:71:
./test-strings.h:3:1: warning: '__COUNTER__' is a C2y extension [-Wc2y-extensions]
    3 | context("strings-C++") {
      | ^
/home/pacha/R/x86_64-pc-linux-gnu-library/4.6/testthat/include/testthat/testthat.h:187:25: note: expanded from macro 'context'
  187 | # define context(__X__) CATCH_TEST_CASE(__X__ " | " __FILE__)
      |                         ^
/home/pacha/R/x86_64-pc-linux-gnu-library/4.6/testthat/include/testthat/vendor/catch.hpp:17623:32: note: expanded from macro 'CATCH_TEST_CASE'
 17623 | #define CATCH_TEST_CASE( ... ) INTERNAL_CATCH_TESTCASE( __VA_ARGS__ )
       |                                ^
/home/pacha/R/x86_64-pc-linux-gnu-library/4.6/testthat/include/testthat/vendor/catch.hpp:1062:35: note: expanded from macro 'INTERNAL_CATCH_TESTCASE'
 1062 |         INTERNAL_CATCH_TESTCASE2( INTERNAL_CATCH_UNIQUE_NAME( C_A_T_C_H_T_E_S_T_ ), __VA_ARGS__ )
      |                                   ^
/home/pacha/R/x86_64-pc-linux-gnu-library/4.6/testthat/include/testthat/vendor/catch.hpp:478:85: note: expanded from macro 'INTERNAL_CATCH_UNIQUE_NAME'
  478 | #  define INTERNAL_CATCH_UNIQUE_NAME( name ) INTERNAL_CATCH_UNIQUE_NAME_LINE( name, __COUNTER__ )
      |                                                                                     ^
In file included from main.cpp:71:
./test-strings.h:3:1: warning: '__COUNTER__' is a C2y extension [-Wc2y-extensions]
/home/pacha/R/x86_64-pc-linux-gnu-library/4.6/testthat/include/testthat/testthat.h:187:25: note: expanded from macro 'context'
  187 | # define context(__X__) CATCH_TEST_CASE(__X__ " | " __FILE__)
      |                         ^
/home/pacha/R/x86_64-pc-linux-gnu-library/4.6/testthat/include/testthat/vendor/catch.hpp:17623:32: note: expanded from macro 'CATCH_TEST_CASE'
 17623 | #define CATCH_TEST_CASE( ... ) INTERNAL_CATCH_TESTCASE( __VA_ARGS__ )
       |                                ^
/home/pacha/R/x86_64-pc-linux-gnu-library/4.6/testthat/include/testthat/vendor/catch.hpp:1062:9: note: expanded from macro 'INTERNAL_CATCH_TESTCASE'
 1062 |         INTERNAL_CATCH_TESTCASE2( INTERNAL_CATCH_UNIQUE_NAME( C_A_T_C_H_T_E_S_T_ ), __VA_ARGS__ )
      |         ^
/home/pacha/R/x86_64-pc-linux-gnu-library/4.6/testthat/include/testthat/vendor/catch.hpp:1058:35: note: expanded from macro 'INTERNAL_CATCH_TESTCASE2'
 1058 |         namespace{ Catch::AutoReg INTERNAL_CATCH_UNIQUE_NAME( autoRegistrar )( Catch::makeTestInvoker( &TestName ), CATCH_INTERNAL_LINEINFO, Catch::StringRef(), Catch::NameAndTags{ __VA_ARGS__ } ); } /* NOLINT */ \
      |                                   ^
/home/pacha/R/x86_64-pc-linux-gnu-library/4.6/testthat/include/testthat/vendor/catch.hpp:478:85: note: expanded from macro 'INTERNAL_CATCH_UNIQUE_NAME'
  478 | #  define INTERNAL_CATCH_UNIQUE_NAME( name ) INTERNAL_CATCH_UNIQUE_NAME_LINE( name, __COUNTER__ )
      |                                                                                     ^
In file included from main.cpp:71:
./test-strings.h:4:3: warning: '__COUNTER__' is a C2y extension [-Wc2y-extensions]
    4 |   test_that("strings.push_back()") {
      |   ^
/home/pacha/R/x86_64-pc-linux-gnu-library/4.6/testthat/include/testthat/testthat.h:188:20: note: expanded from macro 'test_that'
  188 | # define test_that CATCH_SECTION
      |                    ^
/home/pacha/R/x86_64-pc-linux-gnu-library/4.6/testthat/include/testthat/vendor/catch.hpp:17627:30: note: expanded from macro 'CATCH_SECTION'
 17627 | #define CATCH_SECTION( ... ) INTERNAL_CATCH_SECTION( __VA_ARGS__ )
       |                              ^
/home/pacha/R/x86_64-pc-linux-gnu-library/4.6/testthat/include/testthat/vendor/catch.hpp:2940:31: note: expanded from macro 'INTERNAL_CATCH_SECTION'
 2940 |     if( Catch::Section const& INTERNAL_CATCH_UNIQUE_NAME( catch_internal_Section ) = Catch::SectionInfo( CATCH_INTERNAL_LINEINFO, __VA_ARGS__ ) ) \
      |                               ^
/home/pacha/R/x86_64-pc-linux-gnu-library/4.6/testthat/include/testthat/vendor/catch.hpp:478:85: note: expanded from macro 'INTERNAL_CATCH_UNIQUE_NAME'
  478 | #  define INTERNAL_CATCH_UNIQUE_NAME( name ) INTERNAL_CATCH_UNIQUE_NAME_LINE( name, __COUNTER__ )
      |                                                                                     ^
In file included from main.cpp:71:
./test-strings.h:13:3: warning: '__COUNTER__' is a C2y extension [-Wc2y-extensions]
   13 |   test_that("strings.resize()") {
      |   ^
/home/pacha/R/x86_64-pc-linux-gnu-library/4.6/testthat/include/testthat/testthat.h:188:20: note: expanded from macro 'test_that'
  188 | # define test_that CATCH_SECTION
      |                    ^
/home/pacha/R/x86_64-pc-linux-gnu-library/4.6/testthat/include/testthat/vendor/catch.hpp:17627:30: note: expanded from macro 'CATCH_SECTION'
 17627 | #define CATCH_SECTION( ... ) INTERNAL_CATCH_SECTION( __VA_ARGS__ )
       |                              ^
/home/pacha/R/x86_64-pc-linux-gnu-library/4.6/testthat/include/testthat/vendor/catch.hpp:2940:31: note: expanded from macro 'INTERNAL_CATCH_SECTION'
 2940 |     if( Catch::Section const& INTERNAL_CATCH_UNIQUE_NAME( catch_internal_Section ) = Catch::SectionInfo( CATCH_INTERNAL_LINEINFO, __VA_ARGS__ ) ) \
      |                               ^
/home/pacha/R/x86_64-pc-linux-gnu-library/4.6/testthat/include/testthat/vendor/catch.hpp:478:85: note: expanded from macro 'INTERNAL_CATCH_UNIQUE_NAME'
  478 | #  define INTERNAL_CATCH_UNIQUE_NAME( name ) INTERNAL_CATCH_UNIQUE_NAME_LINE( name, __COUNTER__ )
      |                                                                                     ^
In file included from main.cpp:71:
./test-strings.h:23:3: warning: '__COUNTER__' is a C2y extension [-Wc2y-extensions]
   23 |   test_that("strings.at()") {
      |   ^
/home/pacha/R/x86_64-pc-linux-gnu-library/4.6/testthat/include/testthat/testthat.h:188:20: note: expanded from macro 'test_that'
  188 | # define test_that CATCH_SECTION
      |                    ^
/home/pacha/R/x86_64-pc-linux-gnu-library/4.6/testthat/include/testthat/vendor/catch.hpp:17627:30: note: expanded from macro 'CATCH_SECTION'
 17627 | #define CATCH_SECTION( ... ) INTERNAL_CATCH_SECTION( __VA_ARGS__ )
       |                              ^
/home/pacha/R/x86_64-pc-linux-gnu-library/4.6/testthat/include/testthat/vendor/catch.hpp:2940:31: note: expanded from macro 'INTERNAL_CATCH_SECTION'
 2940 |     if( Catch::Section const& INTERNAL_CATCH_UNIQUE_NAME( catch_internal_Section ) = Catch::SectionInfo( CATCH_INTERNAL_LINEINFO, __VA_ARGS__ ) ) \
      |                               ^
/home/pacha/R/x86_64-pc-linux-gnu-library/4.6/testthat/include/testthat/vendor/catch.hpp:478:85: note: expanded from macro 'INTERNAL_CATCH_UNIQUE_NAME'
  478 | #  define INTERNAL_CATCH_UNIQUE_NAME( name ) INTERNAL_CATCH_UNIQUE_NAME_LINE( name, __COUNTER__ )
      |                                                                                     ^
In file included from main.cpp:71:
./test-strings.h:35:3: warning: '__COUNTER__' is a C2y extension [-Wc2y-extensions]
   35 |   test_that("strings.pop_back()") {
      |   ^
/home/pacha/R/x86_64-pc-linux-gnu-library/4.6/testthat/include/testthat/testthat.h:188:20: note: expanded from macro 'test_that'
  188 | # define test_that CATCH_SECTION
      |                    ^
/home/pacha/R/x86_64-pc-linux-gnu-library/4.6/testthat/include/testthat/vendor/catch.hpp:17627:30: note: expanded from macro 'CATCH_SECTION'
 17627 | #define CATCH_SECTION( ... ) INTERNAL_CATCH_SECTION( __VA_ARGS__ )
       |                              ^
/home/pacha/R/x86_64-pc-linux-gnu-library/4.6/testthat/include/testthat/vendor/catch.hpp:2940:31: note: expanded from macro 'INTERNAL_CATCH_SECTION'
 2940 |     if( Catch::Section const& INTERNAL_CATCH_UNIQUE_NAME( catch_internal_Section ) = Catch::SectionInfo( CATCH_INTERNAL_LINEINFO, __VA_ARGS__ ) ) \
      |                               ^
/home/pacha/R/x86_64-pc-linux-gnu-library/4.6/testthat/include/testthat/vendor/catch.hpp:478:85: note: expanded from macro 'INTERNAL_CATCH_UNIQUE_NAME'
  478 | #  define INTERNAL_CATCH_UNIQUE_NAME( name ) INTERNAL_CATCH_UNIQUE_NAME_LINE( name, __COUNTER__ )
      |                                                                                     ^
In file included from main.cpp:71:
./test-strings.h:47:3: warning: '__COUNTER__' is a C2y extension [-Wc2y-extensions]
   47 |   test_that("strings.insert()") {
      |   ^
/home/pacha/R/x86_64-pc-linux-gnu-library/4.6/testthat/include/testthat/testthat.h:188:20: note: expanded from macro 'test_that'
  188 | # define test_that CATCH_SECTION
      |                    ^
/home/pacha/R/x86_64-pc-linux-gnu-library/4.6/testthat/include/testthat/vendor/catch.hpp:17627:30: note: expanded from macro 'CATCH_SECTION'
 17627 | #define CATCH_SECTION( ... ) INTERNAL_CATCH_SECTION( __VA_ARGS__ )
       |                              ^
/home/pacha/R/x86_64-pc-linux-gnu-library/4.6/testthat/include/testthat/vendor/catch.hpp:2940:31: note: expanded from macro 'INTERNAL_CATCH_SECTION'
 2940 |     if( Catch::Section const& INTERNAL_CATCH_UNIQUE_NAME( catch_internal_Section ) = Catch::SectionInfo( CATCH_INTERNAL_LINEINFO, __VA_ARGS__ ) ) \
      |                               ^
/home/pacha/R/x86_64-pc-linux-gnu-library/4.6/testthat/include/testthat/vendor/catch.hpp:478:85: note: expanded from macro 'INTERNAL_CATCH_UNIQUE_NAME'
  478 | #  define INTERNAL_CATCH_UNIQUE_NAME( name ) INTERNAL_CATCH_UNIQUE_NAME_LINE( name, __COUNTER__ )
      |                                                                                     ^
In file included from main.cpp:71:
./test-strings.h:60:3: warning: '__COUNTER__' is a C2y extension [-Wc2y-extensions]
   60 |   test_that("strings.erase()") {
      |   ^
/home/pacha/R/x86_64-pc-linux-gnu-library/4.6/testthat/include/testthat/testthat.h:188:20: note: expanded from macro 'test_that'
  188 | # define test_that CATCH_SECTION
      |                    ^
/home/pacha/R/x86_64-pc-linux-gnu-library/4.6/testthat/include/testthat/vendor/catch.hpp:17627:30: note: expanded from macro 'CATCH_SECTION'
 17627 | #define CATCH_SECTION( ... ) INTERNAL_CATCH_SECTION( __VA_ARGS__ )
       |                              ^
/home/pacha/R/x86_64-pc-linux-gnu-library/4.6/testthat/include/testthat/vendor/catch.hpp:2940:31: note: expanded from macro 'INTERNAL_CATCH_SECTION'
 2940 |     if( Catch::Section const& INTERNAL_CATCH_UNIQUE_NAME( catch_internal_Section ) = Catch::SectionInfo( CATCH_INTERNAL_LINEINFO, __VA_ARGS__ ) ) \
      |                               ^
/home/pacha/R/x86_64-pc-linux-gnu-library/4.6/testthat/include/testthat/vendor/catch.hpp:478:85: note: expanded from macro 'INTERNAL_CATCH_UNIQUE_NAME'
  478 | #  define INTERNAL_CATCH_UNIQUE_NAME( name ) INTERNAL_CATCH_UNIQUE_NAME_LINE( name, __COUNTER__ )
      |                                                                                     ^
In file included from main.cpp:71:
./test-strings.h:87:3: warning: '__COUNTER__' is a C2y extension [-Wc2y-extensions]
   87 |   test_that("strings.iterator* = ") {
      |   ^
/home/pacha/R/x86_64-pc-linux-gnu-library/4.6/testthat/include/testthat/testthat.h:188:20: note: expanded from macro 'test_that'
  188 | # define test_that CATCH_SECTION
      |                    ^
/home/pacha/R/x86_64-pc-linux-gnu-library/4.6/testthat/include/testthat/vendor/catch.hpp:17627:30: note: expanded from macro 'CATCH_SECTION'
 17627 | #define CATCH_SECTION( ... ) INTERNAL_CATCH_SECTION( __VA_ARGS__ )
       |                              ^
/home/pacha/R/x86_64-pc-linux-gnu-library/4.6/testthat/include/testthat/vendor/catch.hpp:2940:31: note: expanded from macro 'INTERNAL_CATCH_SECTION'
 2940 |     if( Catch::Section const& INTERNAL_CATCH_UNIQUE_NAME( catch_internal_Section ) = Catch::SectionInfo( CATCH_INTERNAL_LINEINFO, __VA_ARGS__ ) ) \
      |                               ^
/home/pacha/R/x86_64-pc-linux-gnu-library/4.6/testthat/include/testthat/vendor/catch.hpp:478:85: note: expanded from macro 'INTERNAL_CATCH_UNIQUE_NAME'
  478 | #  define INTERNAL_CATCH_UNIQUE_NAME( name ) INTERNAL_CATCH_UNIQUE_NAME_LINE( name, __COUNTER__ )
      |                                                                                     ^
In file included from main.cpp:71:
./test-strings.h:103:3: warning: '__COUNTER__' is a C2y extension [-Wc2y-extensions]
  103 |   test_that("writable::strings(SEXP)") {
      |   ^
/home/pacha/R/x86_64-pc-linux-gnu-library/4.6/testthat/include/testthat/testthat.h:188:20: note: expanded from macro 'test_that'
  188 | # define test_that CATCH_SECTION
      |                    ^
/home/pacha/R/x86_64-pc-linux-gnu-library/4.6/testthat/include/testthat/vendor/catch.hpp:17627:30: note: expanded from macro 'CATCH_SECTION'
 17627 | #define CATCH_SECTION( ... ) INTERNAL_CATCH_SECTION( __VA_ARGS__ )
       |                              ^
/home/pacha/R/x86_64-pc-linux-gnu-library/4.6/testthat/include/testthat/vendor/catch.hpp:2940:31: note: expanded from macro 'INTERNAL_CATCH_SECTION'
 2940 |     if( Catch::Section const& INTERNAL_CATCH_UNIQUE_NAME( catch_internal_Section ) = Catch::SectionInfo( CATCH_INTERNAL_LINEINFO, __VA_ARGS__ ) ) \
      |                               ^
/home/pacha/R/x86_64-pc-linux-gnu-library/4.6/testthat/include/testthat/vendor/catch.hpp:478:85: note: expanded from macro 'INTERNAL_CATCH_UNIQUE_NAME'
  478 | #  define INTERNAL_CATCH_UNIQUE_NAME( name ) INTERNAL_CATCH_UNIQUE_NAME_LINE( name, __COUNTER__ )
      |                                                                                     ^
In file included from main.cpp:71:
./test-strings.h:132:3: warning: '__COUNTER__' is a C2y extension [-Wc2y-extensions]
  132 |   test_that("writable::strings(initializer_list<named_arg>)") {
      |   ^
/home/pacha/R/x86_64-pc-linux-gnu-library/4.6/testthat/include/testthat/testthat.h:188:20: note: expanded from macro 'test_that'
  188 | # define test_that CATCH_SECTION
      |                    ^
/home/pacha/R/x86_64-pc-linux-gnu-library/4.6/testthat/include/testthat/vendor/catch.hpp:17627:30: note: expanded from macro 'CATCH_SECTION'
 17627 | #define CATCH_SECTION( ... ) INTERNAL_CATCH_SECTION( __VA_ARGS__ )
       |                              ^
/home/pacha/R/x86_64-pc-linux-gnu-library/4.6/testthat/include/testthat/vendor/catch.hpp:2940:31: note: expanded from macro 'INTERNAL_CATCH_SECTION'
 2940 |     if( Catch::Section const& INTERNAL_CATCH_UNIQUE_NAME( catch_internal_Section ) = Catch::SectionInfo( CATCH_INTERNAL_LINEINFO, __VA_ARGS__ ) ) \
      |                               ^
/home/pacha/R/x86_64-pc-linux-gnu-library/4.6/testthat/include/testthat/vendor/catch.hpp:478:85: note: expanded from macro 'INTERNAL_CATCH_UNIQUE_NAME'
  478 | #  define INTERNAL_CATCH_UNIQUE_NAME( name ) INTERNAL_CATCH_UNIQUE_NAME_LINE( name, __COUNTER__ )
      |                                                                                     ^
In file included from main.cpp:71:
./test-strings.h:165:3: warning: '__COUNTER__' is a C2y extension [-Wc2y-extensions]
  165 |   test_that("writable::strings(initializer_list<named_arg>) type check") {
      |   ^
/home/pacha/R/x86_64-pc-linux-gnu-library/4.6/testthat/include/testthat/testthat.h:188:20: note: expanded from macro 'test_that'
  188 | # define test_that CATCH_SECTION
      |                    ^
/home/pacha/R/x86_64-pc-linux-gnu-library/4.6/testthat/include/testthat/vendor/catch.hpp:17627:30: note: expanded from macro 'CATCH_SECTION'
 17627 | #define CATCH_SECTION( ... ) INTERNAL_CATCH_SECTION( __VA_ARGS__ )
       |                              ^
/home/pacha/R/x86_64-pc-linux-gnu-library/4.6/testthat/include/testthat/vendor/catch.hpp:2940:31: note: expanded from macro 'INTERNAL_CATCH_SECTION'
 2940 |     if( Catch::Section const& INTERNAL_CATCH_UNIQUE_NAME( catch_internal_Section ) = Catch::SectionInfo( CATCH_INTERNAL_LINEINFO, __VA_ARGS__ ) ) \
      |                               ^
/home/pacha/R/x86_64-pc-linux-gnu-library/4.6/testthat/include/testthat/vendor/catch.hpp:478:85: note: expanded from macro 'INTERNAL_CATCH_UNIQUE_NAME'
  478 | #  define INTERNAL_CATCH_UNIQUE_NAME( name ) INTERNAL_CATCH_UNIQUE_NAME_LINE( name, __COUNTER__ )
      |                                                                                     ^
In file included from main.cpp:71:
./test-strings.h:171:3: warning: '__COUNTER__' is a C2y extension [-Wc2y-extensions]
  171 |   test_that("writable::strings(initializer_list<named_arg>) length check") {
      |   ^
/home/pacha/R/x86_64-pc-linux-gnu-library/4.6/testthat/include/testthat/testthat.h:188:20: note: expanded from macro 'test_that'
  188 | # define test_that CATCH_SECTION
      |                    ^
/home/pacha/R/x86_64-pc-linux-gnu-library/4.6/testthat/include/testthat/vendor/catch.hpp:17627:30: note: expanded from macro 'CATCH_SECTION'
 17627 | #define CATCH_SECTION( ... ) INTERNAL_CATCH_SECTION( __VA_ARGS__ )
       |                              ^
/home/pacha/R/x86_64-pc-linux-gnu-library/4.6/testthat/include/testthat/vendor/catch.hpp:2940:31: note: expanded from macro 'INTERNAL_CATCH_SECTION'
 2940 |     if( Catch::Section const& INTERNAL_CATCH_UNIQUE_NAME( catch_internal_Section ) = Catch::SectionInfo( CATCH_INTERNAL_LINEINFO, __VA_ARGS__ ) ) \
      |                               ^
/home/pacha/R/x86_64-pc-linux-gnu-library/4.6/testthat/include/testthat/vendor/catch.hpp:478:85: note: expanded from macro 'INTERNAL_CATCH_UNIQUE_NAME'
  478 | #  define INTERNAL_CATCH_UNIQUE_NAME( name ) INTERNAL_CATCH_UNIQUE_NAME_LINE( name, __COUNTER__ )
      |                                                                                     ^
In file included from main.cpp:71:
./test-strings.h:178:3: warning: '__COUNTER__' is a C2y extension [-Wc2y-extensions]
  178 |   test_that("writable::strings(initializer_list<r_string>)") {
      |   ^
/home/pacha/R/x86_64-pc-linux-gnu-library/4.6/testthat/include/testthat/testthat.h:188:20: note: expanded from macro 'test_that'
  188 | # define test_that CATCH_SECTION
      |                    ^
/home/pacha/R/x86_64-pc-linux-gnu-library/4.6/testthat/include/testthat/vendor/catch.hpp:17627:30: note: expanded from macro 'CATCH_SECTION'
 17627 | #define CATCH_SECTION( ... ) INTERNAL_CATCH_SECTION( __VA_ARGS__ )
       |                              ^
/home/pacha/R/x86_64-pc-linux-gnu-library/4.6/testthat/include/testthat/vendor/catch.hpp:2940:31: note: expanded from macro 'INTERNAL_CATCH_SECTION'
 2940 |     if( Catch::Section const& INTERNAL_CATCH_UNIQUE_NAME( catch_internal_Section ) = Catch::SectionInfo( CATCH_INTERNAL_LINEINFO, __VA_ARGS__ ) ) \
      |                               ^
/home/pacha/R/x86_64-pc-linux-gnu-library/4.6/testthat/include/testthat/vendor/catch.hpp:478:85: note: expanded from macro 'INTERNAL_CATCH_UNIQUE_NAME'
  478 | #  define INTERNAL_CATCH_UNIQUE_NAME( name ) INTERNAL_CATCH_UNIQUE_NAME_LINE( name, __COUNTER__ )
      |                                                                                     ^
In file included from main.cpp:71:
./test-strings.h:206:3: warning: '__COUNTER__' is a C2y extension [-Wc2y-extensions]
  206 |   test_that("std::initializer_list<const char*>") {
      |   ^
/home/pacha/R/x86_64-pc-linux-gnu-library/4.6/testthat/include/testthat/testthat.h:188:20: note: expanded from macro 'test_that'
  188 | # define test_that CATCH_SECTION
      |                    ^
/home/pacha/R/x86_64-pc-linux-gnu-library/4.6/testthat/include/testthat/vendor/catch.hpp:17627:30: note: expanded from macro 'CATCH_SECTION'
 17627 | #define CATCH_SECTION( ... ) INTERNAL_CATCH_SECTION( __VA_ARGS__ )
       |                              ^
/home/pacha/R/x86_64-pc-linux-gnu-library/4.6/testthat/include/testthat/vendor/catch.hpp:2940:31: note: expanded from macro 'INTERNAL_CATCH_SECTION'
 2940 |     if( Catch::Section const& INTERNAL_CATCH_UNIQUE_NAME( catch_internal_Section ) = Catch::SectionInfo( CATCH_INTERNAL_LINEINFO, __VA_ARGS__ ) ) \
      |                               ^
/home/pacha/R/x86_64-pc-linux-gnu-library/4.6/testthat/include/testthat/vendor/catch.hpp:478:85: note: expanded from macro 'INTERNAL_CATCH_UNIQUE_NAME'
  478 | #  define INTERNAL_CATCH_UNIQUE_NAME( name ) INTERNAL_CATCH_UNIQUE_NAME_LINE( name, __COUNTER__ )
      |                                                                                     ^
In file included from main.cpp:71:
./test-strings.h:212:3: warning: '__COUNTER__' is a C2y extension [-Wc2y-extensions]
  212 |   test_that("std::initializer_list<std::string>") {
      |   ^
/home/pacha/R/x86_64-pc-linux-gnu-library/4.6/testthat/include/testthat/testthat.h:188:20: note: expanded from macro 'test_that'
  188 | # define test_that CATCH_SECTION
      |                    ^
/home/pacha/R/x86_64-pc-linux-gnu-library/4.6/testthat/include/testthat/vendor/catch.hpp:17627:30: note: expanded from macro 'CATCH_SECTION'
 17627 | #define CATCH_SECTION( ... ) INTERNAL_CATCH_SECTION( __VA_ARGS__ )
       |                              ^
/home/pacha/R/x86_64-pc-linux-gnu-library/4.6/testthat/include/testthat/vendor/catch.hpp:2940:31: note: expanded from macro 'INTERNAL_CATCH_SECTION'
 2940 |     if( Catch::Section const& INTERNAL_CATCH_UNIQUE_NAME( catch_internal_Section ) = Catch::SectionInfo( CATCH_INTERNAL_LINEINFO, __VA_ARGS__ ) ) \
      |                               ^
/home/pacha/R/x86_64-pc-linux-gnu-library/4.6/testthat/include/testthat/vendor/catch.hpp:478:85: note: expanded from macro 'INTERNAL_CATCH_UNIQUE_NAME'
  478 | #  define INTERNAL_CATCH_UNIQUE_NAME( name ) INTERNAL_CATCH_UNIQUE_NAME_LINE( name, __COUNTER__ )
      |                                                                                     ^
In file included from main.cpp:71:
./test-strings.h:219:3: warning: '__COUNTER__' is a C2y extension [-Wc2y-extensions]
  219 |   test_that("NA_STRING constructor") {
      |   ^
/home/pacha/R/x86_64-pc-linux-gnu-library/4.6/testthat/include/testthat/testthat.h:188:20: note: expanded from macro 'test_that'
  188 | # define test_that CATCH_SECTION
      |                    ^
/home/pacha/R/x86_64-pc-linux-gnu-library/4.6/testthat/include/testthat/vendor/catch.hpp:17627:30: note: expanded from macro 'CATCH_SECTION'
 17627 | #define CATCH_SECTION( ... ) INTERNAL_CATCH_SECTION( __VA_ARGS__ )
       |                              ^
/home/pacha/R/x86_64-pc-linux-gnu-library/4.6/testthat/include/testthat/vendor/catch.hpp:2940:31: note: expanded from macro 'INTERNAL_CATCH_SECTION'
 2940 |     if( Catch::Section const& INTERNAL_CATCH_UNIQUE_NAME( catch_internal_Section ) = Catch::SectionInfo( CATCH_INTERNAL_LINEINFO, __VA_ARGS__ ) ) \
      |                               ^
/home/pacha/R/x86_64-pc-linux-gnu-library/4.6/testthat/include/testthat/vendor/catch.hpp:478:85: note: expanded from macro 'INTERNAL_CATCH_UNIQUE_NAME'
  478 | #  define INTERNAL_CATCH_UNIQUE_NAME( name ) INTERNAL_CATCH_UNIQUE_NAME_LINE( name, __COUNTER__ )
      |                                                                                     ^
In file included from main.cpp:71:
./test-strings.h:232:3: warning: '__COUNTER__' is a C2y extension [-Wc2y-extensions]
  232 |   test_that("CHARSXP move constructor") {
      |   ^
/home/pacha/R/x86_64-pc-linux-gnu-library/4.6/testthat/include/testthat/testthat.h:188:20: note: expanded from macro 'test_that'
  188 | # define test_that CATCH_SECTION
      |                    ^
/home/pacha/R/x86_64-pc-linux-gnu-library/4.6/testthat/include/testthat/vendor/catch.hpp:17627:30: note: expanded from macro 'CATCH_SECTION'
 17627 | #define CATCH_SECTION( ... ) INTERNAL_CATCH_SECTION( __VA_ARGS__ )
       |                              ^
/home/pacha/R/x86_64-pc-linux-gnu-library/4.6/testthat/include/testthat/vendor/catch.hpp:2940:31: note: expanded from macro 'INTERNAL_CATCH_SECTION'
 2940 |     if( Catch::Section const& INTERNAL_CATCH_UNIQUE_NAME( catch_internal_Section ) = Catch::SectionInfo( CATCH_INTERNAL_LINEINFO, __VA_ARGS__ ) ) \
      |                               ^
/home/pacha/R/x86_64-pc-linux-gnu-library/4.6/testthat/include/testthat/vendor/catch.hpp:478:85: note: expanded from macro 'INTERNAL_CATCH_UNIQUE_NAME'
  478 | #  define INTERNAL_CATCH_UNIQUE_NAME( name ) INTERNAL_CATCH_UNIQUE_NAME_LINE( name, __COUNTER__ )
      |                                                                                     ^
In file included from main.cpp:71:
./test-strings.h:248:3: warning: '__COUNTER__' is a C2y extension [-Wc2y-extensions]
  248 |   test_that("strings::operator=() and strings::at() do compile") {
      |   ^
/home/pacha/R/x86_64-pc-linux-gnu-library/4.6/testthat/include/testthat/testthat.h:188:20: note: expanded from macro 'test_that'
  188 | # define test_that CATCH_SECTION
      |                    ^
/home/pacha/R/x86_64-pc-linux-gnu-library/4.6/testthat/include/testthat/vendor/catch.hpp:17627:30: note: expanded from macro 'CATCH_SECTION'
 17627 | #define CATCH_SECTION( ... ) INTERNAL_CATCH_SECTION( __VA_ARGS__ )
       |                              ^
/home/pacha/R/x86_64-pc-linux-gnu-library/4.6/testthat/include/testthat/vendor/catch.hpp:2940:31: note: expanded from macro 'INTERNAL_CATCH_SECTION'
 2940 |     if( Catch::Section const& INTERNAL_CATCH_UNIQUE_NAME( catch_internal_Section ) = Catch::SectionInfo( CATCH_INTERNAL_LINEINFO, __VA_ARGS__ ) ) \
      |                               ^
/home/pacha/R/x86_64-pc-linux-gnu-library/4.6/testthat/include/testthat/vendor/catch.hpp:478:85: note: expanded from macro 'INTERNAL_CATCH_UNIQUE_NAME'
  478 | #  define INTERNAL_CATCH_UNIQUE_NAME( name ) INTERNAL_CATCH_UNIQUE_NAME_LINE( name, __COUNTER__ )
      |                                                                                     ^
In file included from main.cpp:71:
./test-strings.h:255:3: warning: '__COUNTER__' is a C2y extension [-Wc2y-extensions]
  255 |   test_that("strings::operator=() works with std:strings") {
      |   ^
/home/pacha/R/x86_64-pc-linux-gnu-library/4.6/testthat/include/testthat/testthat.h:188:20: note: expanded from macro 'test_that'
  188 | # define test_that CATCH_SECTION
      |                    ^
/home/pacha/R/x86_64-pc-linux-gnu-library/4.6/testthat/include/testthat/vendor/catch.hpp:17627:30: note: expanded from macro 'CATCH_SECTION'
 17627 | #define CATCH_SECTION( ... ) INTERNAL_CATCH_SECTION( __VA_ARGS__ )
       |                              ^
/home/pacha/R/x86_64-pc-linux-gnu-library/4.6/testthat/include/testthat/vendor/catch.hpp:2940:31: note: expanded from macro 'INTERNAL_CATCH_SECTION'
 2940 |     if( Catch::Section const& INTERNAL_CATCH_UNIQUE_NAME( catch_internal_Section ) = Catch::SectionInfo( CATCH_INTERNAL_LINEINFO, __VA_ARGS__ ) ) \
      |                               ^
/home/pacha/R/x86_64-pc-linux-gnu-library/4.6/testthat/include/testthat/vendor/catch.hpp:478:85: note: expanded from macro 'INTERNAL_CATCH_UNIQUE_NAME'
  478 | #  define INTERNAL_CATCH_UNIQUE_NAME( name ) INTERNAL_CATCH_UNIQUE_NAME_LINE( name, __COUNTER__ )
      |                                                                                     ^
In file included from main.cpp:71:
./test-strings.h:263:3: warning: '__COUNTER__' is a C2y extension [-Wc2y-extensions]
  263 |   test_that("conversion to SEXP with missing values") {
      |   ^
/home/pacha/R/x86_64-pc-linux-gnu-library/4.6/testthat/include/testthat/testthat.h:188:20: note: expanded from macro 'test_that'
  188 | # define test_that CATCH_SECTION
      |                    ^
/home/pacha/R/x86_64-pc-linux-gnu-library/4.6/testthat/include/testthat/vendor/catch.hpp:17627:30: note: expanded from macro 'CATCH_SECTION'
 17627 | #define CATCH_SECTION( ... ) INTERNAL_CATCH_SECTION( __VA_ARGS__ )
       |                              ^
/home/pacha/R/x86_64-pc-linux-gnu-library/4.6/testthat/include/testthat/vendor/catch.hpp:2940:31: note: expanded from macro 'INTERNAL_CATCH_SECTION'
 2940 |     if( Catch::Section const& INTERNAL_CATCH_UNIQUE_NAME( catch_internal_Section ) = Catch::SectionInfo( CATCH_INTERNAL_LINEINFO, __VA_ARGS__ ) ) \
      |                               ^
/home/pacha/R/x86_64-pc-linux-gnu-library/4.6/testthat/include/testthat/vendor/catch.hpp:478:85: note: expanded from macro 'INTERNAL_CATCH_UNIQUE_NAME'
  478 | #  define INTERNAL_CATCH_UNIQUE_NAME( name ) INTERNAL_CATCH_UNIQUE_NAME_LINE( name, __COUNTER__ )
      |                                                                                     ^
In file included from main.cpp:72:
./test-translate_names.h:3:1: warning: '__COUNTER__' is a C2y extension [-Wc2y-extensions]
    3 | context("translate_names-C++") {
      | ^
/home/pacha/R/x86_64-pc-linux-gnu-library/4.6/testthat/include/testthat/testthat.h:187:25: note: expanded from macro 'context'
  187 | # define context(__X__) CATCH_TEST_CASE(__X__ " | " __FILE__)
      |                         ^
/home/pacha/R/x86_64-pc-linux-gnu-library/4.6/testthat/include/testthat/vendor/catch.hpp:17623:32: note: expanded from macro 'CATCH_TEST_CASE'
 17623 | #define CATCH_TEST_CASE( ... ) INTERNAL_CATCH_TESTCASE( __VA_ARGS__ )
       |                                ^
/home/pacha/R/x86_64-pc-linux-gnu-library/4.6/testthat/include/testthat/vendor/catch.hpp:1062:35: note: expanded from macro 'INTERNAL_CATCH_TESTCASE'
 1062 |         INTERNAL_CATCH_TESTCASE2( INTERNAL_CATCH_UNIQUE_NAME( C_A_T_C_H_T_E_S_T_ ), __VA_ARGS__ )
      |                                   ^
/home/pacha/R/x86_64-pc-linux-gnu-library/4.6/testthat/include/testthat/vendor/catch.hpp:478:85: note: expanded from macro 'INTERNAL_CATCH_UNIQUE_NAME'
  478 | #  define INTERNAL_CATCH_UNIQUE_NAME( name ) INTERNAL_CATCH_UNIQUE_NAME_LINE( name, __COUNTER__ )
      |                                                                                     ^
In file included from main.cpp:72:
./test-translate_names.h:3:1: warning: '__COUNTER__' is a C2y extension [-Wc2y-extensions]
/home/pacha/R/x86_64-pc-linux-gnu-library/4.6/testthat/include/testthat/testthat.h:187:25: note: expanded from macro 'context'
  187 | # define context(__X__) CATCH_TEST_CASE(__X__ " | " __FILE__)
      |                         ^
/home/pacha/R/x86_64-pc-linux-gnu-library/4.6/testthat/include/testthat/vendor/catch.hpp:17623:32: note: expanded from macro 'CATCH_TEST_CASE'
 17623 | #define CATCH_TEST_CASE( ... ) INTERNAL_CATCH_TESTCASE( __VA_ARGS__ )
       |                                ^
/home/pacha/R/x86_64-pc-linux-gnu-library/4.6/testthat/include/testthat/vendor/catch.hpp:1062:9: note: expanded from macro 'INTERNAL_CATCH_TESTCASE'
 1062 |         INTERNAL_CATCH_TESTCASE2( INTERNAL_CATCH_UNIQUE_NAME( C_A_T_C_H_T_E_S_T_ ), __VA_ARGS__ )
      |         ^
/home/pacha/R/x86_64-pc-linux-gnu-library/4.6/testthat/include/testthat/vendor/catch.hpp:1058:35: note: expanded from macro 'INTERNAL_CATCH_TESTCASE2'
 1058 |         namespace{ Catch::AutoReg INTERNAL_CATCH_UNIQUE_NAME( autoRegistrar )( Catch::makeTestInvoker( &TestName ), CATCH_INTERNAL_LINEINFO, Catch::StringRef(), Catch::NameAndTags{ __VA_ARGS__ } ); } /* NOLINT */ \
      |                                   ^
/home/pacha/R/x86_64-pc-linux-gnu-library/4.6/testthat/include/testthat/vendor/catch.hpp:478:85: note: expanded from macro 'INTERNAL_CATCH_UNIQUE_NAME'
  478 | #  define INTERNAL_CATCH_UNIQUE_NAME( name ) INTERNAL_CATCH_UNIQUE_NAME_LINE( name, __COUNTER__ )
      |                                                                                     ^
In file included from main.cpp:72:
./test-translate_names.h:4:3: warning: '__COUNTER__' is a C2y extension [-Wc2y-extensions]
    4 |   test_that("translate_names_to_vector works") {
      |   ^
/home/pacha/R/x86_64-pc-linux-gnu-library/4.6/testthat/include/testthat/testthat.h:188:20: note: expanded from macro 'test_that'
  188 | # define test_that CATCH_SECTION
      |                    ^
/home/pacha/R/x86_64-pc-linux-gnu-library/4.6/testthat/include/testthat/vendor/catch.hpp:17627:30: note: expanded from macro 'CATCH_SECTION'
 17627 | #define CATCH_SECTION( ... ) INTERNAL_CATCH_SECTION( __VA_ARGS__ )
       |                              ^
/home/pacha/R/x86_64-pc-linux-gnu-library/4.6/testthat/include/testthat/vendor/catch.hpp:2940:31: note: expanded from macro 'INTERNAL_CATCH_SECTION'
 2940 |     if( Catch::Section const& INTERNAL_CATCH_UNIQUE_NAME( catch_internal_Section ) = Catch::SectionInfo( CATCH_INTERNAL_LINEINFO, __VA_ARGS__ ) ) \
      |                               ^
/home/pacha/R/x86_64-pc-linux-gnu-library/4.6/testthat/include/testthat/vendor/catch.hpp:478:85: note: expanded from macro 'INTERNAL_CATCH_UNIQUE_NAME'
  478 | #  define INTERNAL_CATCH_UNIQUE_NAME( name ) INTERNAL_CATCH_UNIQUE_NAME_LINE( name, __COUNTER__ )
      |                                                                                     ^
In file included from main.cpp:72:
./test-translate_names.h:17:3: warning: '__COUNTER__' is a C2y extension [-Wc2y-extensions]
   17 |   test_that("translate_names_to_vector with R_NilValue") {
      |   ^
/home/pacha/R/x86_64-pc-linux-gnu-library/4.6/testthat/include/testthat/testthat.h:188:20: note: expanded from macro 'test_that'
  188 | # define test_that CATCH_SECTION
      |                    ^
/home/pacha/R/x86_64-pc-linux-gnu-library/4.6/testthat/include/testthat/vendor/catch.hpp:17627:30: note: expanded from macro 'CATCH_SECTION'
 17627 | #define CATCH_SECTION( ... ) INTERNAL_CATCH_SECTION( __VA_ARGS__ )
       |                              ^
/home/pacha/R/x86_64-pc-linux-gnu-library/4.6/testthat/include/testthat/vendor/catch.hpp:2940:31: note: expanded from macro 'INTERNAL_CATCH_SECTION'
 2940 |     if( Catch::Section const& INTERNAL_CATCH_UNIQUE_NAME( catch_internal_Section ) = Catch::SectionInfo( CATCH_INTERNAL_LINEINFO, __VA_ARGS__ ) ) \
      |                               ^
/home/pacha/R/x86_64-pc-linux-gnu-library/4.6/testthat/include/testthat/vendor/catch.hpp:478:85: note: expanded from macro 'INTERNAL_CATCH_UNIQUE_NAME'
  478 | #  define INTERNAL_CATCH_UNIQUE_NAME( name ) INTERNAL_CATCH_UNIQUE_NAME_LINE( name, __COUNTER__ )
      |                                                                                     ^
In file included from main.cpp:72:
./test-translate_names.h:22:3: warning: '__COUNTER__' is a C2y extension [-Wc2y-extensions]
   22 |   test_that("find_name_pos_cached works") {
      |   ^
/home/pacha/R/x86_64-pc-linux-gnu-library/4.6/testthat/include/testthat/testthat.h:188:20: note: expanded from macro 'test_that'
  188 | # define test_that CATCH_SECTION
      |                    ^
/home/pacha/R/x86_64-pc-linux-gnu-library/4.6/testthat/include/testthat/vendor/catch.hpp:17627:30: note: expanded from macro 'CATCH_SECTION'
 17627 | #define CATCH_SECTION( ... ) INTERNAL_CATCH_SECTION( __VA_ARGS__ )
       |                              ^
/home/pacha/R/x86_64-pc-linux-gnu-library/4.6/testthat/include/testthat/vendor/catch.hpp:2940:31: note: expanded from macro 'INTERNAL_CATCH_SECTION'
 2940 |     if( Catch::Section const& INTERNAL_CATCH_UNIQUE_NAME( catch_internal_Section ) = Catch::SectionInfo( CATCH_INTERNAL_LINEINFO, __VA_ARGS__ ) ) \
      |                               ^
/home/pacha/R/x86_64-pc-linux-gnu-library/4.6/testthat/include/testthat/vendor/catch.hpp:478:85: note: expanded from macro 'INTERNAL_CATCH_UNIQUE_NAME'
  478 | #  define INTERNAL_CATCH_UNIQUE_NAME( name ) INTERNAL_CATCH_UNIQUE_NAME_LINE( name, __COUNTER__ )
      |                                                                                     ^
In file included from main.cpp:72:
./test-translate_names.h:31:3: warning: '__COUNTER__' is a C2y extension [-Wc2y-extensions]
   31 |   test_that("find_cached with read-only vector") {
      |   ^
/home/pacha/R/x86_64-pc-linux-gnu-library/4.6/testthat/include/testthat/testthat.h:188:20: note: expanded from macro 'test_that'
  188 | # define test_that CATCH_SECTION
      |                    ^
/home/pacha/R/x86_64-pc-linux-gnu-library/4.6/testthat/include/testthat/vendor/catch.hpp:17627:30: note: expanded from macro 'CATCH_SECTION'
 17627 | #define CATCH_SECTION( ... ) INTERNAL_CATCH_SECTION( __VA_ARGS__ )
       |                              ^
/home/pacha/R/x86_64-pc-linux-gnu-library/4.6/testthat/include/testthat/vendor/catch.hpp:2940:31: note: expanded from macro 'INTERNAL_CATCH_SECTION'
 2940 |     if( Catch::Section const& INTERNAL_CATCH_UNIQUE_NAME( catch_internal_Section ) = Catch::SectionInfo( CATCH_INTERNAL_LINEINFO, __VA_ARGS__ ) ) \
      |                               ^
/home/pacha/R/x86_64-pc-linux-gnu-library/4.6/testthat/include/testthat/vendor/catch.hpp:478:85: note: expanded from macro 'INTERNAL_CATCH_UNIQUE_NAME'
  478 | #  define INTERNAL_CATCH_UNIQUE_NAME( name ) INTERNAL_CATCH_UNIQUE_NAME_LINE( name, __COUNTER__ )
      |                                                                                     ^
In file included from main.cpp:73:
./test-weak_ref.h:3:1: warning: '__COUNTER__' is a C2y extension [-Wc2y-extensions]
    3 | context("weak_ref-C++") {
      | ^
/home/pacha/R/x86_64-pc-linux-gnu-library/4.6/testthat/include/testthat/testthat.h:187:25: note: expanded from macro 'context'
  187 | # define context(__X__) CATCH_TEST_CASE(__X__ " | " __FILE__)
      |                         ^
/home/pacha/R/x86_64-pc-linux-gnu-library/4.6/testthat/include/testthat/vendor/catch.hpp:17623:32: note: expanded from macro 'CATCH_TEST_CASE'
 17623 | #define CATCH_TEST_CASE( ... ) INTERNAL_CATCH_TESTCASE( __VA_ARGS__ )
       |                                ^
/home/pacha/R/x86_64-pc-linux-gnu-library/4.6/testthat/include/testthat/vendor/catch.hpp:1062:35: note: expanded from macro 'INTERNAL_CATCH_TESTCASE'
 1062 |         INTERNAL_CATCH_TESTCASE2( INTERNAL_CATCH_UNIQUE_NAME( C_A_T_C_H_T_E_S_T_ ), __VA_ARGS__ )
      |                                   ^
/home/pacha/R/x86_64-pc-linux-gnu-library/4.6/testthat/include/testthat/vendor/catch.hpp:478:85: note: expanded from macro 'INTERNAL_CATCH_UNIQUE_NAME'
  478 | #  define INTERNAL_CATCH_UNIQUE_NAME( name ) INTERNAL_CATCH_UNIQUE_NAME_LINE( name, __COUNTER__ )
      |                                                                                     ^
In file included from main.cpp:73:
./test-weak_ref.h:3:1: warning: '__COUNTER__' is a C2y extension [-Wc2y-extensions]
/home/pacha/R/x86_64-pc-linux-gnu-library/4.6/testthat/include/testthat/testthat.h:187:25: note: expanded from macro 'context'
  187 | # define context(__X__) CATCH_TEST_CASE(__X__ " | " __FILE__)
      |                         ^
/home/pacha/R/x86_64-pc-linux-gnu-library/4.6/testthat/include/testthat/vendor/catch.hpp:17623:32: note: expanded from macro 'CATCH_TEST_CASE'
 17623 | #define CATCH_TEST_CASE( ... ) INTERNAL_CATCH_TESTCASE( __VA_ARGS__ )
       |                                ^
/home/pacha/R/x86_64-pc-linux-gnu-library/4.6/testthat/include/testthat/vendor/catch.hpp:1062:9: note: expanded from macro 'INTERNAL_CATCH_TESTCASE'
 1062 |         INTERNAL_CATCH_TESTCASE2( INTERNAL_CATCH_UNIQUE_NAME( C_A_T_C_H_T_E_S_T_ ), __VA_ARGS__ )
      |         ^
/home/pacha/R/x86_64-pc-linux-gnu-library/4.6/testthat/include/testthat/vendor/catch.hpp:1058:35: note: expanded from macro 'INTERNAL_CATCH_TESTCASE2'
 1058 |         namespace{ Catch::AutoReg INTERNAL_CATCH_UNIQUE_NAME( autoRegistrar )( Catch::makeTestInvoker( &TestName ), CATCH_INTERNAL_LINEINFO, Catch::StringRef(), Catch::NameAndTags{ __VA_ARGS__ } ); } /* NOLINT */ \
      |                                   ^
/home/pacha/R/x86_64-pc-linux-gnu-library/4.6/testthat/include/testthat/vendor/catch.hpp:478:85: note: expanded from macro 'INTERNAL_CATCH_UNIQUE_NAME'
  478 | #  define INTERNAL_CATCH_UNIQUE_NAME( name ) INTERNAL_CATCH_UNIQUE_NAME_LINE( name, __COUNTER__ )
      |                                                                                     ^
In file included from main.cpp:73:
./test-weak_ref.h:4:3: warning: '__COUNTER__' is a C2y extension [-Wc2y-extensions]
    4 |   test_that("weak_ref wraps key and value") {
      |   ^
/home/pacha/R/x86_64-pc-linux-gnu-library/4.6/testthat/include/testthat/testthat.h:188:20: note: expanded from macro 'test_that'
  188 | # define test_that CATCH_SECTION
      |                    ^
/home/pacha/R/x86_64-pc-linux-gnu-library/4.6/testthat/include/testthat/vendor/catch.hpp:17627:30: note: expanded from macro 'CATCH_SECTION'
 17627 | #define CATCH_SECTION( ... ) INTERNAL_CATCH_SECTION( __VA_ARGS__ )
       |                              ^
/home/pacha/R/x86_64-pc-linux-gnu-library/4.6/testthat/include/testthat/vendor/catch.hpp:2940:31: note: expanded from macro 'INTERNAL_CATCH_SECTION'
 2940 |     if( Catch::Section const& INTERNAL_CATCH_UNIQUE_NAME( catch_internal_Section ) = Catch::SectionInfo( CATCH_INTERNAL_LINEINFO, __VA_ARGS__ ) ) \
      |                               ^
/home/pacha/R/x86_64-pc-linux-gnu-library/4.6/testthat/include/testthat/vendor/catch.hpp:478:85: note: expanded from macro 'INTERNAL_CATCH_UNIQUE_NAME'
  478 | #  define INTERNAL_CATCH_UNIQUE_NAME( name ) INTERNAL_CATCH_UNIQUE_NAME_LINE( name, __COUNTER__ )
      |                                                                                     ^
In file included from main.cpp:73:
./test-weak_ref.h:20:3: warning: '__COUNTER__' is a C2y extension [-Wc2y-extensions]
   20 |   test_that("weak_ref with R_NilValue key is not alive") {
      |   ^
/home/pacha/R/x86_64-pc-linux-gnu-library/4.6/testthat/include/testthat/testthat.h:188:20: note: expanded from macro 'test_that'
  188 | # define test_that CATCH_SECTION
      |                    ^
/home/pacha/R/x86_64-pc-linux-gnu-library/4.6/testthat/include/testthat/vendor/catch.hpp:17627:30: note: expanded from macro 'CATCH_SECTION'
 17627 | #define CATCH_SECTION( ... ) INTERNAL_CATCH_SECTION( __VA_ARGS__ )
       |                              ^
/home/pacha/R/x86_64-pc-linux-gnu-library/4.6/testthat/include/testthat/vendor/catch.hpp:2940:31: note: expanded from macro 'INTERNAL_CATCH_SECTION'
 2940 |     if( Catch::Section const& INTERNAL_CATCH_UNIQUE_NAME( catch_internal_Section ) = Catch::SectionInfo( CATCH_INTERNAL_LINEINFO, __VA_ARGS__ ) ) \
      |                               ^
/home/pacha/R/x86_64-pc-linux-gnu-library/4.6/testthat/include/testthat/vendor/catch.hpp:478:85: note: expanded from macro 'INTERNAL_CATCH_UNIQUE_NAME'
  478 | #  define INTERNAL_CATCH_UNIQUE_NAME( name ) INTERNAL_CATCH_UNIQUE_NAME_LINE( name, __COUNTER__ )
      |                                                                                     ^
In file included from main.cpp:73:
./test-weak_ref.h:28:3: warning: '__COUNTER__' is a C2y extension [-Wc2y-extensions]
   28 |   test_that("weak_ref rejects non-reference keys") {
      |   ^
/home/pacha/R/x86_64-pc-linux-gnu-library/4.6/testthat/include/testthat/testthat.h:188:20: note: expanded from macro 'test_that'
  188 | # define test_that CATCH_SECTION
      |                    ^
/home/pacha/R/x86_64-pc-linux-gnu-library/4.6/testthat/include/testthat/vendor/catch.hpp:17627:30: note: expanded from macro 'CATCH_SECTION'
 17627 | #define CATCH_SECTION( ... ) INTERNAL_CATCH_SECTION( __VA_ARGS__ )
       |                              ^
/home/pacha/R/x86_64-pc-linux-gnu-library/4.6/testthat/include/testthat/vendor/catch.hpp:2940:31: note: expanded from macro 'INTERNAL_CATCH_SECTION'
 2940 |     if( Catch::Section const& INTERNAL_CATCH_UNIQUE_NAME( catch_internal_Section ) = Catch::SectionInfo( CATCH_INTERNAL_LINEINFO, __VA_ARGS__ ) ) \
      |                               ^
/home/pacha/R/x86_64-pc-linux-gnu-library/4.6/testthat/include/testthat/vendor/catch.hpp:478:85: note: expanded from macro 'INTERNAL_CATCH_UNIQUE_NAME'
  478 | #  define INTERNAL_CATCH_UNIQUE_NAME( name ) INTERNAL_CATCH_UNIQUE_NAME_LINE( name, __COUNTER__ )
      |                                                                                     ^
In file included from main.cpp:73:
./test-weak_ref.h:34:3: warning: '__COUNTER__' is a C2y extension [-Wc2y-extensions]
   34 |   test_that("weak_ref::value() returns R_NilValue after key is collected") {
      |   ^
/home/pacha/R/x86_64-pc-linux-gnu-library/4.6/testthat/include/testthat/testthat.h:188:20: note: expanded from macro 'test_that'
  188 | # define test_that CATCH_SECTION
      |                    ^
/home/pacha/R/x86_64-pc-linux-gnu-library/4.6/testthat/include/testthat/vendor/catch.hpp:17627:30: note: expanded from macro 'CATCH_SECTION'
 17627 | #define CATCH_SECTION( ... ) INTERNAL_CATCH_SECTION( __VA_ARGS__ )
       |                              ^
/home/pacha/R/x86_64-pc-linux-gnu-library/4.6/testthat/include/testthat/vendor/catch.hpp:2940:31: note: expanded from macro 'INTERNAL_CATCH_SECTION'
 2940 |     if( Catch::Section const& INTERNAL_CATCH_UNIQUE_NAME( catch_internal_Section ) = Catch::SectionInfo( CATCH_INTERNAL_LINEINFO, __VA_ARGS__ ) ) \
      |                               ^
/home/pacha/R/x86_64-pc-linux-gnu-library/4.6/testthat/include/testthat/vendor/catch.hpp:478:85: note: expanded from macro 'INTERNAL_CATCH_UNIQUE_NAME'
  478 | #  define INTERNAL_CATCH_UNIQUE_NAME( name ) INTERNAL_CATCH_UNIQUE_NAME_LINE( name, __COUNTER__ )
      |                                                                                     ^
In file included from main.cpp:73:
./test-weak_ref.h:49:3: warning: '__COUNTER__' is a C2y extension [-Wc2y-extensions]
   49 |   test_that("weak_ref SEXP conversion round-trips to WEAKREFSXP") {
      |   ^
/home/pacha/R/x86_64-pc-linux-gnu-library/4.6/testthat/include/testthat/testthat.h:188:20: note: expanded from macro 'test_that'
  188 | # define test_that CATCH_SECTION
      |                    ^
/home/pacha/R/x86_64-pc-linux-gnu-library/4.6/testthat/include/testthat/vendor/catch.hpp:17627:30: note: expanded from macro 'CATCH_SECTION'
 17627 | #define CATCH_SECTION( ... ) INTERNAL_CATCH_SECTION( __VA_ARGS__ )
       |                              ^
/home/pacha/R/x86_64-pc-linux-gnu-library/4.6/testthat/include/testthat/vendor/catch.hpp:2940:31: note: expanded from macro 'INTERNAL_CATCH_SECTION'
 2940 |     if( Catch::Section const& INTERNAL_CATCH_UNIQUE_NAME( catch_internal_Section ) = Catch::SectionInfo( CATCH_INTERNAL_LINEINFO, __VA_ARGS__ ) ) \
      |                               ^
/home/pacha/R/x86_64-pc-linux-gnu-library/4.6/testthat/include/testthat/vendor/catch.hpp:478:85: note: expanded from macro 'INTERNAL_CATCH_UNIQUE_NAME'
  478 | #  define INTERNAL_CATCH_UNIQUE_NAME( name ) INTERNAL_CATCH_UNIQUE_NAME_LINE( name, __COUNTER__ )
      |                                                                                     ^
In file included from main.cpp:73:
./test-weak_ref.h:60:3: warning: '__COUNTER__' is a C2y extension [-Wc2y-extensions]
   60 |   test_that("weak_ref finalizer is called when key is collected") {
      |   ^
/home/pacha/R/x86_64-pc-linux-gnu-library/4.6/testthat/include/testthat/testthat.h:188:20: note: expanded from macro 'test_that'
  188 | # define test_that CATCH_SECTION
      |                    ^
/home/pacha/R/x86_64-pc-linux-gnu-library/4.6/testthat/include/testthat/vendor/catch.hpp:17627:30: note: expanded from macro 'CATCH_SECTION'
 17627 | #define CATCH_SECTION( ... ) INTERNAL_CATCH_SECTION( __VA_ARGS__ )
       |                              ^
/home/pacha/R/x86_64-pc-linux-gnu-library/4.6/testthat/include/testthat/vendor/catch.hpp:2940:31: note: expanded from macro 'INTERNAL_CATCH_SECTION'
 2940 |     if( Catch::Section const& INTERNAL_CATCH_UNIQUE_NAME( catch_internal_Section ) = Catch::SectionInfo( CATCH_INTERNAL_LINEINFO, __VA_ARGS__ ) ) \
      |                               ^
/home/pacha/R/x86_64-pc-linux-gnu-library/4.6/testthat/include/testthat/vendor/catch.hpp:478:85: note: expanded from macro 'INTERNAL_CATCH_UNIQUE_NAME'
  478 | #  define INTERNAL_CATCH_UNIQUE_NAME( name ) INTERNAL_CATCH_UNIQUE_NAME_LINE( name, __COUNTER__ )
      |                                                                                     ^
In file included from main.cpp:76:
./test-cxx17.h:10:1: warning: '__COUNTER__' is a C2y extension [-Wc2y-extensions]
   10 | context("cxx17-features-C++") {
      | ^
/home/pacha/R/x86_64-pc-linux-gnu-library/4.6/testthat/include/testthat/testthat.h:187:25: note: expanded from macro 'context'
  187 | # define context(__X__) CATCH_TEST_CASE(__X__ " | " __FILE__)
      |                         ^
/home/pacha/R/x86_64-pc-linux-gnu-library/4.6/testthat/include/testthat/vendor/catch.hpp:17623:32: note: expanded from macro 'CATCH_TEST_CASE'
 17623 | #define CATCH_TEST_CASE( ... ) INTERNAL_CATCH_TESTCASE( __VA_ARGS__ )
       |                                ^
/home/pacha/R/x86_64-pc-linux-gnu-library/4.6/testthat/include/testthat/vendor/catch.hpp:1062:35: note: expanded from macro 'INTERNAL_CATCH_TESTCASE'
 1062 |         INTERNAL_CATCH_TESTCASE2( INTERNAL_CATCH_UNIQUE_NAME( C_A_T_C_H_T_E_S_T_ ), __VA_ARGS__ )
      |                                   ^
/home/pacha/R/x86_64-pc-linux-gnu-library/4.6/testthat/include/testthat/vendor/catch.hpp:478:85: note: expanded from macro 'INTERNAL_CATCH_UNIQUE_NAME'
  478 | #  define INTERNAL_CATCH_UNIQUE_NAME( name ) INTERNAL_CATCH_UNIQUE_NAME_LINE( name, __COUNTER__ )
      |                                                                                     ^
In file included from main.cpp:76:
./test-cxx17.h:10:1: warning: '__COUNTER__' is a C2y extension [-Wc2y-extensions]
/home/pacha/R/x86_64-pc-linux-gnu-library/4.6/testthat/include/testthat/testthat.h:187:25: note: expanded from macro 'context'
  187 | # define context(__X__) CATCH_TEST_CASE(__X__ " | " __FILE__)
      |                         ^
/home/pacha/R/x86_64-pc-linux-gnu-library/4.6/testthat/include/testthat/vendor/catch.hpp:17623:32: note: expanded from macro 'CATCH_TEST_CASE'
 17623 | #define CATCH_TEST_CASE( ... ) INTERNAL_CATCH_TESTCASE( __VA_ARGS__ )
       |                                ^
/home/pacha/R/x86_64-pc-linux-gnu-library/4.6/testthat/include/testthat/vendor/catch.hpp:1062:9: note: expanded from macro 'INTERNAL_CATCH_TESTCASE'
 1062 |         INTERNAL_CATCH_TESTCASE2( INTERNAL_CATCH_UNIQUE_NAME( C_A_T_C_H_T_E_S_T_ ), __VA_ARGS__ )
      |         ^
/home/pacha/R/x86_64-pc-linux-gnu-library/4.6/testthat/include/testthat/vendor/catch.hpp:1058:35: note: expanded from macro 'INTERNAL_CATCH_TESTCASE2'
 1058 |         namespace{ Catch::AutoReg INTERNAL_CATCH_UNIQUE_NAME( autoRegistrar )( Catch::makeTestInvoker( &TestName ), CATCH_INTERNAL_LINEINFO, Catch::StringRef(), Catch::NameAndTags{ __VA_ARGS__ } ); } /* NOLINT */ \
      |                                   ^
/home/pacha/R/x86_64-pc-linux-gnu-library/4.6/testthat/include/testthat/vendor/catch.hpp:478:85: note: expanded from macro 'INTERNAL_CATCH_UNIQUE_NAME'
  478 | #  define INTERNAL_CATCH_UNIQUE_NAME( name ) INTERNAL_CATCH_UNIQUE_NAME_LINE( name, __COUNTER__ )
      |                                                                                     ^
In file included from main.cpp:76:
./test-cxx17.h:11:3: warning: '__COUNTER__' is a C2y extension [-Wc2y-extensions]
   11 |   test_that("if constexpr iterator selection works (doubles)") {
      |   ^
/home/pacha/R/x86_64-pc-linux-gnu-library/4.6/testthat/include/testthat/testthat.h:188:20: note: expanded from macro 'test_that'
  188 | # define test_that CATCH_SECTION
      |                    ^
/home/pacha/R/x86_64-pc-linux-gnu-library/4.6/testthat/include/testthat/vendor/catch.hpp:17627:30: note: expanded from macro 'CATCH_SECTION'
 17627 | #define CATCH_SECTION( ... ) INTERNAL_CATCH_SECTION( __VA_ARGS__ )
       |                              ^
/home/pacha/R/x86_64-pc-linux-gnu-library/4.6/testthat/include/testthat/vendor/catch.hpp:2940:31: note: expanded from macro 'INTERNAL_CATCH_SECTION'
 2940 |     if( Catch::Section const& INTERNAL_CATCH_UNIQUE_NAME( catch_internal_Section ) = Catch::SectionInfo( CATCH_INTERNAL_LINEINFO, __VA_ARGS__ ) ) \
      |                               ^
/home/pacha/R/x86_64-pc-linux-gnu-library/4.6/testthat/include/testthat/vendor/catch.hpp:478:85: note: expanded from macro 'INTERNAL_CATCH_UNIQUE_NAME'
  478 | #  define INTERNAL_CATCH_UNIQUE_NAME( name ) INTERNAL_CATCH_UNIQUE_NAME_LINE( name, __COUNTER__ )
      |                                                                                     ^
In file included from main.cpp:76:
./test-cxx17.h:27:3: warning: '__COUNTER__' is a C2y extension [-Wc2y-extensions]
   27 |   test_that("if constexpr iterator selection works (integers)") {
      |   ^
/home/pacha/R/x86_64-pc-linux-gnu-library/4.6/testthat/include/testthat/testthat.h:188:20: note: expanded from macro 'test_that'
  188 | # define test_that CATCH_SECTION
      |                    ^
/home/pacha/R/x86_64-pc-linux-gnu-library/4.6/testthat/include/testthat/vendor/catch.hpp:17627:30: note: expanded from macro 'CATCH_SECTION'
 17627 | #define CATCH_SECTION( ... ) INTERNAL_CATCH_SECTION( __VA_ARGS__ )
       |                              ^
/home/pacha/R/x86_64-pc-linux-gnu-library/4.6/testthat/include/testthat/vendor/catch.hpp:2940:31: note: expanded from macro 'INTERNAL_CATCH_SECTION'
 2940 |     if( Catch::Section const& INTERNAL_CATCH_UNIQUE_NAME( catch_internal_Section ) = Catch::SectionInfo( CATCH_INTERNAL_LINEINFO, __VA_ARGS__ ) ) \
      |                               ^
/home/pacha/R/x86_64-pc-linux-gnu-library/4.6/testthat/include/testthat/vendor/catch.hpp:478:85: note: expanded from macro 'INTERNAL_CATCH_UNIQUE_NAME'
  478 | #  define INTERNAL_CATCH_UNIQUE_NAME( name ) INTERNAL_CATCH_UNIQUE_NAME_LINE( name, __COUNTER__ )
      |                                                                                     ^
In file included from main.cpp:76:
./test-cxx17.h:42:3: warning: '__COUNTER__' is a C2y extension [-Wc2y-extensions]
   42 |   test_that("if constexpr iterator selection works (strings)") {
      |   ^
/home/pacha/R/x86_64-pc-linux-gnu-library/4.6/testthat/include/testthat/testthat.h:188:20: note: expanded from macro 'test_that'
  188 | # define test_that CATCH_SECTION
      |                    ^
/home/pacha/R/x86_64-pc-linux-gnu-library/4.6/testthat/include/testthat/vendor/catch.hpp:17627:30: note: expanded from macro 'CATCH_SECTION'
 17627 | #define CATCH_SECTION( ... ) INTERNAL_CATCH_SECTION( __VA_ARGS__ )
       |                              ^
/home/pacha/R/x86_64-pc-linux-gnu-library/4.6/testthat/include/testthat/vendor/catch.hpp:2940:31: note: expanded from macro 'INTERNAL_CATCH_SECTION'
 2940 |     if( Catch::Section const& INTERNAL_CATCH_UNIQUE_NAME( catch_internal_Section ) = Catch::SectionInfo( CATCH_INTERNAL_LINEINFO, __VA_ARGS__ ) ) \
      |                               ^
/home/pacha/R/x86_64-pc-linux-gnu-library/4.6/testthat/include/testthat/vendor/catch.hpp:478:85: note: expanded from macro 'INTERNAL_CATCH_UNIQUE_NAME'
  478 | #  define INTERNAL_CATCH_UNIQUE_NAME( name ) INTERNAL_CATCH_UNIQUE_NAME_LINE( name, __COUNTER__ )
      |                                                                                     ^
In file included from main.cpp:76:
./test-cxx17.h:58:3: warning: '__COUNTER__' is a C2y extension [-Wc2y-extensions]
   58 |   test_that("if constexpr iterator selection works (list)") {
      |   ^
/home/pacha/R/x86_64-pc-linux-gnu-library/4.6/testthat/include/testthat/testthat.h:188:20: note: expanded from macro 'test_that'
  188 | # define test_that CATCH_SECTION
      |                    ^
/home/pacha/R/x86_64-pc-linux-gnu-library/4.6/testthat/include/testthat/vendor/catch.hpp:17627:30: note: expanded from macro 'CATCH_SECTION'
 17627 | #define CATCH_SECTION( ... ) INTERNAL_CATCH_SECTION( __VA_ARGS__ )
       |                              ^
/home/pacha/R/x86_64-pc-linux-gnu-library/4.6/testthat/include/testthat/vendor/catch.hpp:2940:31: note: expanded from macro 'INTERNAL_CATCH_SECTION'
 2940 |     if( Catch::Section const& INTERNAL_CATCH_UNIQUE_NAME( catch_internal_Section ) = Catch::SectionInfo( CATCH_INTERNAL_LINEINFO, __VA_ARGS__ ) ) \
      |                               ^
/home/pacha/R/x86_64-pc-linux-gnu-library/4.6/testthat/include/testthat/vendor/catch.hpp:478:85: note: expanded from macro 'INTERNAL_CATCH_UNIQUE_NAME'
  478 | #  define INTERNAL_CATCH_UNIQUE_NAME( name ) INTERNAL_CATCH_UNIQUE_NAME_LINE( name, __COUNTER__ )
      |                                                                                     ^
In file included from main.cpp:76:
./test-cxx17.h:80:3: warning: '__COUNTER__' is a C2y extension [-Wc2y-extensions]
   80 |   test_that("structured bindings work with cpp4r types") {
      |   ^
/home/pacha/R/x86_64-pc-linux-gnu-library/4.6/testthat/include/testthat/testthat.h:188:20: note: expanded from macro 'test_that'
  188 | # define test_that CATCH_SECTION
      |                    ^
/home/pacha/R/x86_64-pc-linux-gnu-library/4.6/testthat/include/testthat/vendor/catch.hpp:17627:30: note: expanded from macro 'CATCH_SECTION'
 17627 | #define CATCH_SECTION( ... ) INTERNAL_CATCH_SECTION( __VA_ARGS__ )
       |                              ^
/home/pacha/R/x86_64-pc-linux-gnu-library/4.6/testthat/include/testthat/vendor/catch.hpp:2940:31: note: expanded from macro 'INTERNAL_CATCH_SECTION'
 2940 |     if( Catch::Section const& INTERNAL_CATCH_UNIQUE_NAME( catch_internal_Section ) = Catch::SectionInfo( CATCH_INTERNAL_LINEINFO, __VA_ARGS__ ) ) \
      |                               ^
/home/pacha/R/x86_64-pc-linux-gnu-library/4.6/testthat/include/testthat/vendor/catch.hpp:478:85: note: expanded from macro 'INTERNAL_CATCH_UNIQUE_NAME'
  478 | #  define INTERNAL_CATCH_UNIQUE_NAME( name ) INTERNAL_CATCH_UNIQUE_NAME_LINE( name, __COUNTER__ )
      |                                                                                     ^
In file included from main.cpp:76:
./test-cxx17.h:90:3: warning: '__COUNTER__' is a C2y extension [-Wc2y-extensions]
   90 |   test_that("[[nodiscard]] works correctly") {
      |   ^
/home/pacha/R/x86_64-pc-linux-gnu-library/4.6/testthat/include/testthat/testthat.h:188:20: note: expanded from macro 'test_that'
  188 | # define test_that CATCH_SECTION
      |                    ^
/home/pacha/R/x86_64-pc-linux-gnu-library/4.6/testthat/include/testthat/vendor/catch.hpp:17627:30: note: expanded from macro 'CATCH_SECTION'
 17627 | #define CATCH_SECTION( ... ) INTERNAL_CATCH_SECTION( __VA_ARGS__ )
       |                              ^
/home/pacha/R/x86_64-pc-linux-gnu-library/4.6/testthat/include/testthat/vendor/catch.hpp:2940:31: note: expanded from macro 'INTERNAL_CATCH_SECTION'
 2940 |     if( Catch::Section const& INTERNAL_CATCH_UNIQUE_NAME( catch_internal_Section ) = Catch::SectionInfo( CATCH_INTERNAL_LINEINFO, __VA_ARGS__ ) ) \
      |                               ^
/home/pacha/R/x86_64-pc-linux-gnu-library/4.6/testthat/include/testthat/vendor/catch.hpp:478:85: note: expanded from macro 'INTERNAL_CATCH_UNIQUE_NAME'
  478 | #  define INTERNAL_CATCH_UNIQUE_NAME( name ) INTERNAL_CATCH_UNIQUE_NAME_LINE( name, __COUNTER__ )
      |                                                                                     ^
In file included from main.cpp:76:
./test-cxx17.h:98:3: warning: '__COUNTER__' is a C2y extension [-Wc2y-extensions]
   98 |   test_that("inline variables work (store count)") {
      |   ^
/home/pacha/R/x86_64-pc-linux-gnu-library/4.6/testthat/include/testthat/testthat.h:188:20: note: expanded from macro 'test_that'
  188 | # define test_that CATCH_SECTION
      |                    ^
/home/pacha/R/x86_64-pc-linux-gnu-library/4.6/testthat/include/testthat/vendor/catch.hpp:17627:30: note: expanded from macro 'CATCH_SECTION'
 17627 | #define CATCH_SECTION( ... ) INTERNAL_CATCH_SECTION( __VA_ARGS__ )
       |                              ^
/home/pacha/R/x86_64-pc-linux-gnu-library/4.6/testthat/include/testthat/vendor/catch.hpp:2940:31: note: expanded from macro 'INTERNAL_CATCH_SECTION'
 2940 |     if( Catch::Section const& INTERNAL_CATCH_UNIQUE_NAME( catch_internal_Section ) = Catch::SectionInfo( CATCH_INTERNAL_LINEINFO, __VA_ARGS__ ) ) \
      |                               ^
/home/pacha/R/x86_64-pc-linux-gnu-library/4.6/testthat/include/testthat/vendor/catch.hpp:478:85: note: expanded from macro 'INTERNAL_CATCH_UNIQUE_NAME'
  478 | #  define INTERNAL_CATCH_UNIQUE_NAME( name ) INTERNAL_CATCH_UNIQUE_NAME_LINE( name, __COUNTER__ )
      |                                                                                     ^
In file included from main.cpp:76:
./test-cxx17.h:112:3: warning: '__COUNTER__' is a C2y extension [-Wc2y-extensions]
  112 |   test_that("const iterator with if constexpr") {
      |   ^
/home/pacha/R/x86_64-pc-linux-gnu-library/4.6/testthat/include/testthat/testthat.h:188:20: note: expanded from macro 'test_that'
  188 | # define test_that CATCH_SECTION
      |                    ^
/home/pacha/R/x86_64-pc-linux-gnu-library/4.6/testthat/include/testthat/vendor/catch.hpp:17627:30: note: expanded from macro 'CATCH_SECTION'
 17627 | #define CATCH_SECTION( ... ) INTERNAL_CATCH_SECTION( __VA_ARGS__ )
       |                              ^
/home/pacha/R/x86_64-pc-linux-gnu-library/4.6/testthat/include/testthat/vendor/catch.hpp:2940:31: note: expanded from macro 'INTERNAL_CATCH_SECTION'
 2940 |     if( Catch::Section const& INTERNAL_CATCH_UNIQUE_NAME( catch_internal_Section ) = Catch::SectionInfo( CATCH_INTERNAL_LINEINFO, __VA_ARGS__ ) ) \
      |                               ^
/home/pacha/R/x86_64-pc-linux-gnu-library/4.6/testthat/include/testthat/vendor/catch.hpp:478:85: note: expanded from macro 'INTERNAL_CATCH_UNIQUE_NAME'
  478 | #  define INTERNAL_CATCH_UNIQUE_NAME( name ) INTERNAL_CATCH_UNIQUE_NAME_LINE( name, __COUNTER__ )
      |                                                                                     ^
In file included from main.cpp:76:
./test-cxx17.h:131:3: warning: '__COUNTER__' is a C2y extension [-Wc2y-extensions]
  131 |   test_that("read-only begin/end with if constexpr (logicals)") {
      |   ^
/home/pacha/R/x86_64-pc-linux-gnu-library/4.6/testthat/include/testthat/testthat.h:188:20: note: expanded from macro 'test_that'
  188 | # define test_that CATCH_SECTION
      |                    ^
/home/pacha/R/x86_64-pc-linux-gnu-library/4.6/testthat/include/testthat/vendor/catch.hpp:17627:30: note: expanded from macro 'CATCH_SECTION'
 17627 | #define CATCH_SECTION( ... ) INTERNAL_CATCH_SECTION( __VA_ARGS__ )
       |                              ^
/home/pacha/R/x86_64-pc-linux-gnu-library/4.6/testthat/include/testthat/vendor/catch.hpp:2940:31: note: expanded from macro 'INTERNAL_CATCH_SECTION'
 2940 |     if( Catch::Section const& INTERNAL_CATCH_UNIQUE_NAME( catch_internal_Section ) = Catch::SectionInfo( CATCH_INTERNAL_LINEINFO, __VA_ARGS__ ) ) \
      |                               ^
/home/pacha/R/x86_64-pc-linux-gnu-library/4.6/testthat/include/testthat/vendor/catch.hpp:478:85: note: expanded from macro 'INTERNAL_CATCH_UNIQUE_NAME'
  478 | #  define INTERNAL_CATCH_UNIQUE_NAME( name ) INTERNAL_CATCH_UNIQUE_NAME_LINE( name, __COUNTER__ )
      |                                                                                     ^
In file included from main.cpp:76:
./test-cxx17.h:150:3: warning: '__COUNTER__' is a C2y extension [-Wc2y-extensions]
  150 |   test_that("writable iterator with proxy assignments") {
      |   ^
/home/pacha/R/x86_64-pc-linux-gnu-library/4.6/testthat/include/testthat/testthat.h:188:20: note: expanded from macro 'test_that'
  188 | # define test_that CATCH_SECTION
      |                    ^
/home/pacha/R/x86_64-pc-linux-gnu-library/4.6/testthat/include/testthat/vendor/catch.hpp:17627:30: note: expanded from macro 'CATCH_SECTION'
 17627 | #define CATCH_SECTION( ... ) INTERNAL_CATCH_SECTION( __VA_ARGS__ )
       |                              ^
/home/pacha/R/x86_64-pc-linux-gnu-library/4.6/testthat/include/testthat/vendor/catch.hpp:2940:31: note: expanded from macro 'INTERNAL_CATCH_SECTION'
 2940 |     if( Catch::Section const& INTERNAL_CATCH_UNIQUE_NAME( catch_internal_Section ) = Catch::SectionInfo( CATCH_INTERNAL_LINEINFO, __VA_ARGS__ ) ) \
      |                               ^
/home/pacha/R/x86_64-pc-linux-gnu-library/4.6/testthat/include/testthat/vendor/catch.hpp:478:85: note: expanded from macro 'INTERNAL_CATCH_UNIQUE_NAME'
  478 | #  define INTERNAL_CATCH_UNIQUE_NAME( name ) INTERNAL_CATCH_UNIQUE_NAME_LINE( name, __COUNTER__ )
      |                                                                                     ^
In file included from main.cpp:77:
./test-cxx20.h:10:1: warning: '__COUNTER__' is a C2y extension [-Wc2y-extensions]
   10 | context("cxx20-features-C++") {
      | ^
/home/pacha/R/x86_64-pc-linux-gnu-library/4.6/testthat/include/testthat/testthat.h:187:25: note: expanded from macro 'context'
  187 | # define context(__X__) CATCH_TEST_CASE(__X__ " | " __FILE__)
      |                         ^
/home/pacha/R/x86_64-pc-linux-gnu-library/4.6/testthat/include/testthat/vendor/catch.hpp:17623:32: note: expanded from macro 'CATCH_TEST_CASE'
 17623 | #define CATCH_TEST_CASE( ... ) INTERNAL_CATCH_TESTCASE( __VA_ARGS__ )
       |                                ^
/home/pacha/R/x86_64-pc-linux-gnu-library/4.6/testthat/include/testthat/vendor/catch.hpp:1062:35: note: expanded from macro 'INTERNAL_CATCH_TESTCASE'
 1062 |         INTERNAL_CATCH_TESTCASE2( INTERNAL_CATCH_UNIQUE_NAME( C_A_T_C_H_T_E_S_T_ ), __VA_ARGS__ )
      |                                   ^
/home/pacha/R/x86_64-pc-linux-gnu-library/4.6/testthat/include/testthat/vendor/catch.hpp:478:85: note: expanded from macro 'INTERNAL_CATCH_UNIQUE_NAME'
  478 | #  define INTERNAL_CATCH_UNIQUE_NAME( name ) INTERNAL_CATCH_UNIQUE_NAME_LINE( name, __COUNTER__ )
      |                                                                                     ^
In file included from main.cpp:77:
./test-cxx20.h:10:1: warning: '__COUNTER__' is a C2y extension [-Wc2y-extensions]
/home/pacha/R/x86_64-pc-linux-gnu-library/4.6/testthat/include/testthat/testthat.h:187:25: note: expanded from macro 'context'
  187 | # define context(__X__) CATCH_TEST_CASE(__X__ " | " __FILE__)
      |                         ^
/home/pacha/R/x86_64-pc-linux-gnu-library/4.6/testthat/include/testthat/vendor/catch.hpp:17623:32: note: expanded from macro 'CATCH_TEST_CASE'
 17623 | #define CATCH_TEST_CASE( ... ) INTERNAL_CATCH_TESTCASE( __VA_ARGS__ )
       |                                ^
/home/pacha/R/x86_64-pc-linux-gnu-library/4.6/testthat/include/testthat/vendor/catch.hpp:1062:9: note: expanded from macro 'INTERNAL_CATCH_TESTCASE'
 1062 |         INTERNAL_CATCH_TESTCASE2( INTERNAL_CATCH_UNIQUE_NAME( C_A_T_C_H_T_E_S_T_ ), __VA_ARGS__ )
      |         ^
/home/pacha/R/x86_64-pc-linux-gnu-library/4.6/testthat/include/testthat/vendor/catch.hpp:1058:35: note: expanded from macro 'INTERNAL_CATCH_TESTCASE2'
 1058 |         namespace{ Catch::AutoReg INTERNAL_CATCH_UNIQUE_NAME( autoRegistrar )( Catch::makeTestInvoker( &TestName ), CATCH_INTERNAL_LINEINFO, Catch::StringRef(), Catch::NameAndTags{ __VA_ARGS__ } ); } /* NOLINT */ \
      |                                   ^
/home/pacha/R/x86_64-pc-linux-gnu-library/4.6/testthat/include/testthat/vendor/catch.hpp:478:85: note: expanded from macro 'INTERNAL_CATCH_UNIQUE_NAME'
  478 | #  define INTERNAL_CATCH_UNIQUE_NAME( name ) INTERNAL_CATCH_UNIQUE_NAME_LINE( name, __COUNTER__ )
      |                                                                                     ^
In file included from main.cpp:77:
./test-cxx20.h:11:3: warning: '__COUNTER__' is a C2y extension [-Wc2y-extensions]
   11 |   test_that("[[likely]]/[[unlikely]] branch hints in operator[]") {
      |   ^
/home/pacha/R/x86_64-pc-linux-gnu-library/4.6/testthat/include/testthat/testthat.h:188:20: note: expanded from macro 'test_that'
  188 | # define test_that CATCH_SECTION
      |                    ^
/home/pacha/R/x86_64-pc-linux-gnu-library/4.6/testthat/include/testthat/vendor/catch.hpp:17627:30: note: expanded from macro 'CATCH_SECTION'
 17627 | #define CATCH_SECTION( ... ) INTERNAL_CATCH_SECTION( __VA_ARGS__ )
       |                              ^
/home/pacha/R/x86_64-pc-linux-gnu-library/4.6/testthat/include/testthat/vendor/catch.hpp:2940:31: note: expanded from macro 'INTERNAL_CATCH_SECTION'
 2940 |     if( Catch::Section const& INTERNAL_CATCH_UNIQUE_NAME( catch_internal_Section ) = Catch::SectionInfo( CATCH_INTERNAL_LINEINFO, __VA_ARGS__ ) ) \
      |                               ^
/home/pacha/R/x86_64-pc-linux-gnu-library/4.6/testthat/include/testthat/vendor/catch.hpp:478:85: note: expanded from macro 'INTERNAL_CATCH_UNIQUE_NAME'
  478 | #  define INTERNAL_CATCH_UNIQUE_NAME( name ) INTERNAL_CATCH_UNIQUE_NAME_LINE( name, __COUNTER__ )
      |                                                                                     ^
In file included from main.cpp:77:
./test-cxx20.h:24:3: warning: '__COUNTER__' is a C2y extension [-Wc2y-extensions]
   24 |   test_that("[[unlikely]] branch in valid_type for error paths") {
      |   ^
/home/pacha/R/x86_64-pc-linux-gnu-library/4.6/testthat/include/testthat/testthat.h:188:20: note: expanded from macro 'test_that'
  188 | # define test_that CATCH_SECTION
      |                    ^
/home/pacha/R/x86_64-pc-linux-gnu-library/4.6/testthat/include/testthat/vendor/catch.hpp:17627:30: note: expanded from macro 'CATCH_SECTION'
 17627 | #define CATCH_SECTION( ... ) INTERNAL_CATCH_SECTION( __VA_ARGS__ )
       |                              ^
/home/pacha/R/x86_64-pc-linux-gnu-library/4.6/testthat/include/testthat/vendor/catch.hpp:2940:31: note: expanded from macro 'INTERNAL_CATCH_SECTION'
 2940 |     if( Catch::Section const& INTERNAL_CATCH_UNIQUE_NAME( catch_internal_Section ) = Catch::SectionInfo( CATCH_INTERNAL_LINEINFO, __VA_ARGS__ ) ) \
      |                               ^
/home/pacha/R/x86_64-pc-linux-gnu-library/4.6/testthat/include/testthat/vendor/catch.hpp:478:85: note: expanded from macro 'INTERNAL_CATCH_UNIQUE_NAME'
  478 | #  define INTERNAL_CATCH_UNIQUE_NAME( name ) INTERNAL_CATCH_UNIQUE_NAME_LINE( name, __COUNTER__ )
      |                                                                                     ^
In file included from main.cpp:77:
./test-cxx20.h:34:3: warning: '__COUNTER__' is a C2y extension [-Wc2y-extensions]
   34 |   test_that("[[unlikely]] in generic_const_iterator buffer refill") {
      |   ^
/home/pacha/R/x86_64-pc-linux-gnu-library/4.6/testthat/include/testthat/testthat.h:188:20: note: expanded from macro 'test_that'
  188 | # define test_that CATCH_SECTION
      |                    ^
/home/pacha/R/x86_64-pc-linux-gnu-library/4.6/testthat/include/testthat/vendor/catch.hpp:17627:30: note: expanded from macro 'CATCH_SECTION'
 17627 | #define CATCH_SECTION( ... ) INTERNAL_CATCH_SECTION( __VA_ARGS__ )
       |                              ^
/home/pacha/R/x86_64-pc-linux-gnu-library/4.6/testthat/include/testthat/vendor/catch.hpp:2940:31: note: expanded from macro 'INTERNAL_CATCH_SECTION'
 2940 |     if( Catch::Section const& INTERNAL_CATCH_UNIQUE_NAME( catch_internal_Section ) = Catch::SectionInfo( CATCH_INTERNAL_LINEINFO, __VA_ARGS__ ) ) \
      |                               ^
/home/pacha/R/x86_64-pc-linux-gnu-library/4.6/testthat/include/testthat/vendor/catch.hpp:478:85: note: expanded from macro 'INTERNAL_CATCH_UNIQUE_NAME'
  478 | #  define INTERNAL_CATCH_UNIQUE_NAME( name ) INTERNAL_CATCH_UNIQUE_NAME_LINE( name, __COUNTER__ )
      |                                                                                     ^
In file included from main.cpp:77:
./test-cxx20.h:56:3: warning: '__COUNTER__' is a C2y extension [-Wc2y-extensions]
   56 |   test_that("operator[] with different index types (C++20 path)") {
      |   ^
/home/pacha/R/x86_64-pc-linux-gnu-library/4.6/testthat/include/testthat/testthat.h:188:20: note: expanded from macro 'test_that'
  188 | # define test_that CATCH_SECTION
      |                    ^
/home/pacha/R/x86_64-pc-linux-gnu-library/4.6/testthat/include/testthat/vendor/catch.hpp:17627:30: note: expanded from macro 'CATCH_SECTION'
 17627 | #define CATCH_SECTION( ... ) INTERNAL_CATCH_SECTION( __VA_ARGS__ )
       |                              ^
/home/pacha/R/x86_64-pc-linux-gnu-library/4.6/testthat/include/testthat/vendor/catch.hpp:2940:31: note: expanded from macro 'INTERNAL_CATCH_SECTION'
 2940 |     if( Catch::Section const& INTERNAL_CATCH_UNIQUE_NAME( catch_internal_Section ) = Catch::SectionInfo( CATCH_INTERNAL_LINEINFO, __VA_ARGS__ ) ) \
      |                               ^
/home/pacha/R/x86_64-pc-linux-gnu-library/4.6/testthat/include/testthat/vendor/catch.hpp:478:85: note: expanded from macro 'INTERNAL_CATCH_UNIQUE_NAME'
  478 | #  define INTERNAL_CATCH_UNIQUE_NAME( name ) INTERNAL_CATCH_UNIQUE_NAME_LINE( name, __COUNTER__ )
      |                                                                                     ^
In file included from main.cpp:77:
./test-cxx20.h:72:3: warning: '__COUNTER__' is a C2y extension [-Wc2y-extensions]
   72 |   test_that("valid_type nullptr check with [[unlikely]]") {
      |   ^
/home/pacha/R/x86_64-pc-linux-gnu-library/4.6/testthat/include/testthat/testthat.h:188:20: note: expanded from macro 'test_that'
  188 | # define test_that CATCH_SECTION
      |                    ^
/home/pacha/R/x86_64-pc-linux-gnu-library/4.6/testthat/include/testthat/vendor/catch.hpp:17627:30: note: expanded from macro 'CATCH_SECTION'
 17627 | #define CATCH_SECTION( ... ) INTERNAL_CATCH_SECTION( __VA_ARGS__ )
       |                              ^
/home/pacha/R/x86_64-pc-linux-gnu-library/4.6/testthat/include/testthat/vendor/catch.hpp:2940:31: note: expanded from macro 'INTERNAL_CATCH_SECTION'
 2940 |     if( Catch::Section const& INTERNAL_CATCH_UNIQUE_NAME( catch_internal_Section ) = Catch::SectionInfo( CATCH_INTERNAL_LINEINFO, __VA_ARGS__ ) ) \
      |                               ^
/home/pacha/R/x86_64-pc-linux-gnu-library/4.6/testthat/include/testthat/vendor/catch.hpp:478:85: note: expanded from macro 'INTERNAL_CATCH_UNIQUE_NAME'
  478 | #  define INTERNAL_CATCH_UNIQUE_NAME( name ) INTERNAL_CATCH_UNIQUE_NAME_LINE( name, __COUNTER__ )
      |                                                                                     ^
In file included from main.cpp:77:
./test-cxx20.h:86:3: warning: '__COUNTER__' is a C2y extension [-Wc2y-extensions]
   86 |   test_that("iterator increment with [[unlikely]] buffer check") {
      |   ^
/home/pacha/R/x86_64-pc-linux-gnu-library/4.6/testthat/include/testthat/testthat.h:188:20: note: expanded from macro 'test_that'
  188 | # define test_that CATCH_SECTION
      |                    ^
/home/pacha/R/x86_64-pc-linux-gnu-library/4.6/testthat/include/testthat/vendor/catch.hpp:17627:30: note: expanded from macro 'CATCH_SECTION'
 17627 | #define CATCH_SECTION( ... ) INTERNAL_CATCH_SECTION( __VA_ARGS__ )
       |                              ^
/home/pacha/R/x86_64-pc-linux-gnu-library/4.6/testthat/include/testthat/vendor/catch.hpp:2940:31: note: expanded from macro 'INTERNAL_CATCH_SECTION'
 2940 |     if( Catch::Section const& INTERNAL_CATCH_UNIQUE_NAME( catch_internal_Section ) = Catch::SectionInfo( CATCH_INTERNAL_LINEINFO, __VA_ARGS__ ) ) \
      |                               ^
/home/pacha/R/x86_64-pc-linux-gnu-library/4.6/testthat/include/testthat/vendor/catch.hpp:478:85: note: expanded from macro 'INTERNAL_CATCH_UNIQUE_NAME'
  478 | #  define INTERNAL_CATCH_UNIQUE_NAME( name ) INTERNAL_CATCH_UNIQUE_NAME_LINE( name, __COUNTER__ )
      |                                                                                     ^
In file included from main.cpp:77:
./test-cxx20.h:103:3: warning: '__COUNTER__' is a C2y extension [-Wc2y-extensions]
  103 |   test_that("read-only vector with C++20 optimizations") {
      |   ^
/home/pacha/R/x86_64-pc-linux-gnu-library/4.6/testthat/include/testthat/testthat.h:188:20: note: expanded from macro 'test_that'
  188 | # define test_that CATCH_SECTION
      |                    ^
/home/pacha/R/x86_64-pc-linux-gnu-library/4.6/testthat/include/testthat/vendor/catch.hpp:17627:30: note: expanded from macro 'CATCH_SECTION'
 17627 | #define CATCH_SECTION( ... ) INTERNAL_CATCH_SECTION( __VA_ARGS__ )
       |                              ^
/home/pacha/R/x86_64-pc-linux-gnu-library/4.6/testthat/include/testthat/vendor/catch.hpp:2940:31: note: expanded from macro 'INTERNAL_CATCH_SECTION'
 2940 |     if( Catch::Section const& INTERNAL_CATCH_UNIQUE_NAME( catch_internal_Section ) = Catch::SectionInfo( CATCH_INTERNAL_LINEINFO, __VA_ARGS__ ) ) \
      |                               ^
/home/pacha/R/x86_64-pc-linux-gnu-library/4.6/testthat/include/testthat/vendor/catch.hpp:478:85: note: expanded from macro 'INTERNAL_CATCH_UNIQUE_NAME'
  478 | #  define INTERNAL_CATCH_UNIQUE_NAME( name ) INTERNAL_CATCH_UNIQUE_NAME_LINE( name, __COUNTER__ )
      |                                                                                     ^
In file included from main.cpp:77:
./test-cxx20.h:123:3: warning: '__COUNTER__' is a C2y extension [-Wc2y-extensions]
  123 |   test_that("writable vector move semantics with C++20") {
      |   ^
/home/pacha/R/x86_64-pc-linux-gnu-library/4.6/testthat/include/testthat/testthat.h:188:20: note: expanded from macro 'test_that'
  188 | # define test_that CATCH_SECTION
      |                    ^
/home/pacha/R/x86_64-pc-linux-gnu-library/4.6/testthat/include/testthat/vendor/catch.hpp:17627:30: note: expanded from macro 'CATCH_SECTION'
 17627 | #define CATCH_SECTION( ... ) INTERNAL_CATCH_SECTION( __VA_ARGS__ )
       |                              ^
/home/pacha/R/x86_64-pc-linux-gnu-library/4.6/testthat/include/testthat/vendor/catch.hpp:2940:31: note: expanded from macro 'INTERNAL_CATCH_SECTION'
 2940 |     if( Catch::Section const& INTERNAL_CATCH_UNIQUE_NAME( catch_internal_Section ) = Catch::SectionInfo( CATCH_INTERNAL_LINEINFO, __VA_ARGS__ ) ) \
      |                               ^
/home/pacha/R/x86_64-pc-linux-gnu-library/4.6/testthat/include/testthat/vendor/catch.hpp:478:85: note: expanded from macro 'INTERNAL_CATCH_UNIQUE_NAME'
  478 | #  define INTERNAL_CATCH_UNIQUE_NAME( name ) INTERNAL_CATCH_UNIQUE_NAME_LINE( name, __COUNTER__ )
      |                                                                                     ^
In file included from main.cpp:77:
./test-cxx20.h:139:3: warning: '__COUNTER__' is a C2y extension [-Wc2y-extensions]
  139 |   test_that("complex iterators with C++20") {
      |   ^
/home/pacha/R/x86_64-pc-linux-gnu-library/4.6/testthat/include/testthat/testthat.h:188:20: note: expanded from macro 'test_that'
  188 | # define test_that CATCH_SECTION
      |                    ^
/home/pacha/R/x86_64-pc-linux-gnu-library/4.6/testthat/include/testthat/vendor/catch.hpp:17627:30: note: expanded from macro 'CATCH_SECTION'
 17627 | #define CATCH_SECTION( ... ) INTERNAL_CATCH_SECTION( __VA_ARGS__ )
       |                              ^
/home/pacha/R/x86_64-pc-linux-gnu-library/4.6/testthat/include/testthat/vendor/catch.hpp:2940:31: note: expanded from macro 'INTERNAL_CATCH_SECTION'
 2940 |     if( Catch::Section const& INTERNAL_CATCH_UNIQUE_NAME( catch_internal_Section ) = Catch::SectionInfo( CATCH_INTERNAL_LINEINFO, __VA_ARGS__ ) ) \
      |                               ^
/home/pacha/R/x86_64-pc-linux-gnu-library/4.6/testthat/include/testthat/vendor/catch.hpp:478:85: note: expanded from macro 'INTERNAL_CATCH_UNIQUE_NAME'
  478 | #  define INTERNAL_CATCH_UNIQUE_NAME( name ) INTERNAL_CATCH_UNIQUE_NAME_LINE( name, __COUNTER__ )
      |                                                                                     ^
In file included from main.cpp:78:
./test-cxx23.h:10:1: warning: '__COUNTER__' is a C2y extension [-Wc2y-extensions]
   10 | context("cxx23-features-C++") {
      | ^
/home/pacha/R/x86_64-pc-linux-gnu-library/4.6/testthat/include/testthat/testthat.h:187:25: note: expanded from macro 'context'
  187 | # define context(__X__) CATCH_TEST_CASE(__X__ " | " __FILE__)
      |                         ^
/home/pacha/R/x86_64-pc-linux-gnu-library/4.6/testthat/include/testthat/vendor/catch.hpp:17623:32: note: expanded from macro 'CATCH_TEST_CASE'
 17623 | #define CATCH_TEST_CASE( ... ) INTERNAL_CATCH_TESTCASE( __VA_ARGS__ )
       |                                ^
/home/pacha/R/x86_64-pc-linux-gnu-library/4.6/testthat/include/testthat/vendor/catch.hpp:1062:35: note: expanded from macro 'INTERNAL_CATCH_TESTCASE'
 1062 |         INTERNAL_CATCH_TESTCASE2( INTERNAL_CATCH_UNIQUE_NAME( C_A_T_C_H_T_E_S_T_ ), __VA_ARGS__ )
      |                                   ^
/home/pacha/R/x86_64-pc-linux-gnu-library/4.6/testthat/include/testthat/vendor/catch.hpp:478:85: note: expanded from macro 'INTERNAL_CATCH_UNIQUE_NAME'
  478 | #  define INTERNAL_CATCH_UNIQUE_NAME( name ) INTERNAL_CATCH_UNIQUE_NAME_LINE( name, __COUNTER__ )
      |                                                                                     ^
In file included from main.cpp:78:
./test-cxx23.h:10:1: warning: '__COUNTER__' is a C2y extension [-Wc2y-extensions]
/home/pacha/R/x86_64-pc-linux-gnu-library/4.6/testthat/include/testthat/testthat.h:187:25: note: expanded from macro 'context'
  187 | # define context(__X__) CATCH_TEST_CASE(__X__ " | " __FILE__)
      |                         ^
/home/pacha/R/x86_64-pc-linux-gnu-library/4.6/testthat/include/testthat/vendor/catch.hpp:17623:32: note: expanded from macro 'CATCH_TEST_CASE'
 17623 | #define CATCH_TEST_CASE( ... ) INTERNAL_CATCH_TESTCASE( __VA_ARGS__ )
       |                                ^
/home/pacha/R/x86_64-pc-linux-gnu-library/4.6/testthat/include/testthat/vendor/catch.hpp:1062:9: note: expanded from macro 'INTERNAL_CATCH_TESTCASE'
 1062 |         INTERNAL_CATCH_TESTCASE2( INTERNAL_CATCH_UNIQUE_NAME( C_A_T_C_H_T_E_S_T_ ), __VA_ARGS__ )
      |         ^
/home/pacha/R/x86_64-pc-linux-gnu-library/4.6/testthat/include/testthat/vendor/catch.hpp:1058:35: note: expanded from macro 'INTERNAL_CATCH_TESTCASE2'
 1058 |         namespace{ Catch::AutoReg INTERNAL_CATCH_UNIQUE_NAME( autoRegistrar )( Catch::makeTestInvoker( &TestName ), CATCH_INTERNAL_LINEINFO, Catch::StringRef(), Catch::NameAndTags{ __VA_ARGS__ } ); } /* NOLINT */ \
      |                                   ^
/home/pacha/R/x86_64-pc-linux-gnu-library/4.6/testthat/include/testthat/vendor/catch.hpp:478:85: note: expanded from macro 'INTERNAL_CATCH_UNIQUE_NAME'
  478 | #  define INTERNAL_CATCH_UNIQUE_NAME( name ) INTERNAL_CATCH_UNIQUE_NAME_LINE( name, __COUNTER__ )
      |                                                                                     ^
In file included from main.cpp:78:
./test-cxx23.h:11:3: warning: '__COUNTER__' is a C2y extension [-Wc2y-extensions]
   11 |   test_that("CPP4R_ASSUME macro in C++23") {
      |   ^
/home/pacha/R/x86_64-pc-linux-gnu-library/4.6/testthat/include/testthat/testthat.h:188:20: note: expanded from macro 'test_that'
  188 | # define test_that CATCH_SECTION
      |                    ^
/home/pacha/R/x86_64-pc-linux-gnu-library/4.6/testthat/include/testthat/vendor/catch.hpp:17627:30: note: expanded from macro 'CATCH_SECTION'
 17627 | #define CATCH_SECTION( ... ) INTERNAL_CATCH_SECTION( __VA_ARGS__ )
       |                              ^
/home/pacha/R/x86_64-pc-linux-gnu-library/4.6/testthat/include/testthat/vendor/catch.hpp:2940:31: note: expanded from macro 'INTERNAL_CATCH_SECTION'
 2940 |     if( Catch::Section const& INTERNAL_CATCH_UNIQUE_NAME( catch_internal_Section ) = Catch::SectionInfo( CATCH_INTERNAL_LINEINFO, __VA_ARGS__ ) ) \
      |                               ^
/home/pacha/R/x86_64-pc-linux-gnu-library/4.6/testthat/include/testthat/vendor/catch.hpp:478:85: note: expanded from macro 'INTERNAL_CATCH_UNIQUE_NAME'
  478 | #  define INTERNAL_CATCH_UNIQUE_NAME( name ) INTERNAL_CATCH_UNIQUE_NAME_LINE( name, __COUNTER__ )
      |                                                                                     ^
In file included from main.cpp:78:
./test-cxx23.h:22:3: warning: '__COUNTER__' is a C2y extension [-Wc2y-extensions]
   22 |   test_that("if consteval detection in C++23") {
      |   ^
/home/pacha/R/x86_64-pc-linux-gnu-library/4.6/testthat/include/testthat/testthat.h:188:20: note: expanded from macro 'test_that'
  188 | # define test_that CATCH_SECTION
      |                    ^
/home/pacha/R/x86_64-pc-linux-gnu-library/4.6/testthat/include/testthat/vendor/catch.hpp:17627:30: note: expanded from macro 'CATCH_SECTION'
 17627 | #define CATCH_SECTION( ... ) INTERNAL_CATCH_SECTION( __VA_ARGS__ )
       |                              ^
/home/pacha/R/x86_64-pc-linux-gnu-library/4.6/testthat/include/testthat/vendor/catch.hpp:2940:31: note: expanded from macro 'INTERNAL_CATCH_SECTION'
 2940 |     if( Catch::Section const& INTERNAL_CATCH_UNIQUE_NAME( catch_internal_Section ) = Catch::SectionInfo( CATCH_INTERNAL_LINEINFO, __VA_ARGS__ ) ) \
      |                               ^
/home/pacha/R/x86_64-pc-linux-gnu-library/4.6/testthat/include/testthat/vendor/catch.hpp:478:85: note: expanded from macro 'INTERNAL_CATCH_UNIQUE_NAME'
  478 | #  define INTERNAL_CATCH_UNIQUE_NAME( name ) INTERNAL_CATCH_UNIQUE_NAME_LINE( name, __COUNTER__ )
      |                                                                                     ^
In file included from main.cpp:78:
./test-cxx23.h:36:3: warning: '__COUNTER__' is a C2y extension [-Wc2y-extensions]
   36 |   test_that("std::expected style error handling (future)") {
      |   ^
/home/pacha/R/x86_64-pc-linux-gnu-library/4.6/testthat/include/testthat/testthat.h:188:20: note: expanded from macro 'test_that'
  188 | # define test_that CATCH_SECTION
      |                    ^
/home/pacha/R/x86_64-pc-linux-gnu-library/4.6/testthat/include/testthat/vendor/catch.hpp:17627:30: note: expanded from macro 'CATCH_SECTION'
 17627 | #define CATCH_SECTION( ... ) INTERNAL_CATCH_SECTION( __VA_ARGS__ )
       |                              ^
/home/pacha/R/x86_64-pc-linux-gnu-library/4.6/testthat/include/testthat/vendor/catch.hpp:2940:31: note: expanded from macro 'INTERNAL_CATCH_SECTION'
 2940 |     if( Catch::Section const& INTERNAL_CATCH_UNIQUE_NAME( catch_internal_Section ) = Catch::SectionInfo( CATCH_INTERNAL_LINEINFO, __VA_ARGS__ ) ) \
      |                               ^
/home/pacha/R/x86_64-pc-linux-gnu-library/4.6/testthat/include/testthat/vendor/catch.hpp:478:85: note: expanded from macro 'INTERNAL_CATCH_UNIQUE_NAME'
  478 | #  define INTERNAL_CATCH_UNIQUE_NAME( name ) INTERNAL_CATCH_UNIQUE_NAME_LINE( name, __COUNTER__ )
      |                                                                                     ^
In file included from main.cpp:78:
./test-cxx23.h:53:3: warning: '__COUNTER__' is a C2y extension [-Wc2y-extensions]
   53 |   test_that("multidimensional subscript preparation (future)") {
      |   ^
/home/pacha/R/x86_64-pc-linux-gnu-library/4.6/testthat/include/testthat/testthat.h:188:20: note: expanded from macro 'test_that'
  188 | # define test_that CATCH_SECTION
      |                    ^
/home/pacha/R/x86_64-pc-linux-gnu-library/4.6/testthat/include/testthat/vendor/catch.hpp:17627:30: note: expanded from macro 'CATCH_SECTION'
 17627 | #define CATCH_SECTION( ... ) INTERNAL_CATCH_SECTION( __VA_ARGS__ )
       |                              ^
/home/pacha/R/x86_64-pc-linux-gnu-library/4.6/testthat/include/testthat/vendor/catch.hpp:2940:31: note: expanded from macro 'INTERNAL_CATCH_SECTION'
 2940 |     if( Catch::Section const& INTERNAL_CATCH_UNIQUE_NAME( catch_internal_Section ) = Catch::SectionInfo( CATCH_INTERNAL_LINEINFO, __VA_ARGS__ ) ) \
      |                               ^
/home/pacha/R/x86_64-pc-linux-gnu-library/4.6/testthat/include/testthat/vendor/catch.hpp:478:85: note: expanded from macro 'INTERNAL_CATCH_UNIQUE_NAME'
  478 | #  define INTERNAL_CATCH_UNIQUE_NAME( name ) INTERNAL_CATCH_UNIQUE_NAME_LINE( name, __COUNTER__ )
      |                                                                                     ^
In file included from main.cpp:78:
./test-cxx23.h:69:3: warning: '__COUNTER__' is a C2y extension [-Wc2y-extensions]
   69 |   test_that("range-based operations with C++23") {
      |   ^
/home/pacha/R/x86_64-pc-linux-gnu-library/4.6/testthat/include/testthat/testthat.h:188:20: note: expanded from macro 'test_that'
  188 | # define test_that CATCH_SECTION
      |                    ^
/home/pacha/R/x86_64-pc-linux-gnu-library/4.6/testthat/include/testthat/vendor/catch.hpp:17627:30: note: expanded from macro 'CATCH_SECTION'
 17627 | #define CATCH_SECTION( ... ) INTERNAL_CATCH_SECTION( __VA_ARGS__ )
       |                              ^
/home/pacha/R/x86_64-pc-linux-gnu-library/4.6/testthat/include/testthat/vendor/catch.hpp:2940:31: note: expanded from macro 'INTERNAL_CATCH_SECTION'
 2940 |     if( Catch::Section const& INTERNAL_CATCH_UNIQUE_NAME( catch_internal_Section ) = Catch::SectionInfo( CATCH_INTERNAL_LINEINFO, __VA_ARGS__ ) ) \
      |                               ^
/home/pacha/R/x86_64-pc-linux-gnu-library/4.6/testthat/include/testthat/vendor/catch.hpp:478:85: note: expanded from macro 'INTERNAL_CATCH_UNIQUE_NAME'
  478 | #  define INTERNAL_CATCH_UNIQUE_NAME( name ) INTERNAL_CATCH_UNIQUE_NAME_LINE( name, __COUNTER__ )
      |                                                                                     ^
In file included from main.cpp:78:
./test-cxx23.h:81:3: warning: '__COUNTER__' is a C2y extension [-Wc2y-extensions]
   81 |   test_that("iterator category traits in C++23") {
      |   ^
/home/pacha/R/x86_64-pc-linux-gnu-library/4.6/testthat/include/testthat/testthat.h:188:20: note: expanded from macro 'test_that'
  188 | # define test_that CATCH_SECTION
      |                    ^
/home/pacha/R/x86_64-pc-linux-gnu-library/4.6/testthat/include/testthat/vendor/catch.hpp:17627:30: note: expanded from macro 'CATCH_SECTION'
 17627 | #define CATCH_SECTION( ... ) INTERNAL_CATCH_SECTION( __VA_ARGS__ )
       |                              ^
/home/pacha/R/x86_64-pc-linux-gnu-library/4.6/testthat/include/testthat/vendor/catch.hpp:2940:31: note: expanded from macro 'INTERNAL_CATCH_SECTION'
 2940 |     if( Catch::Section const& INTERNAL_CATCH_UNIQUE_NAME( catch_internal_Section ) = Catch::SectionInfo( CATCH_INTERNAL_LINEINFO, __VA_ARGS__ ) ) \
      |                               ^
/home/pacha/R/x86_64-pc-linux-gnu-library/4.6/testthat/include/testthat/vendor/catch.hpp:478:85: note: expanded from macro 'INTERNAL_CATCH_UNIQUE_NAME'
  478 | #  define INTERNAL_CATCH_UNIQUE_NAME( name ) INTERNAL_CATCH_UNIQUE_NAME_LINE( name, __COUNTER__ )
      |                                                                                     ^
In file included from main.cpp:81:
./test-iterators-comprehensive.h:9:1: warning: '__COUNTER__' is a C2y extension [-Wc2y-extensions]
    9 | context("iterators-comprehensive-C++") {
      | ^
/home/pacha/R/x86_64-pc-linux-gnu-library/4.6/testthat/include/testthat/testthat.h:187:25: note: expanded from macro 'context'
  187 | # define context(__X__) CATCH_TEST_CASE(__X__ " | " __FILE__)
      |                         ^
/home/pacha/R/x86_64-pc-linux-gnu-library/4.6/testthat/include/testthat/vendor/catch.hpp:17623:32: note: expanded from macro 'CATCH_TEST_CASE'
 17623 | #define CATCH_TEST_CASE( ... ) INTERNAL_CATCH_TESTCASE( __VA_ARGS__ )
       |                                ^
/home/pacha/R/x86_64-pc-linux-gnu-library/4.6/testthat/include/testthat/vendor/catch.hpp:1062:35: note: expanded from macro 'INTERNAL_CATCH_TESTCASE'
 1062 |         INTERNAL_CATCH_TESTCASE2( INTERNAL_CATCH_UNIQUE_NAME( C_A_T_C_H_T_E_S_T_ ), __VA_ARGS__ )
      |                                   ^
/home/pacha/R/x86_64-pc-linux-gnu-library/4.6/testthat/include/testthat/vendor/catch.hpp:478:85: note: expanded from macro 'INTERNAL_CATCH_UNIQUE_NAME'
  478 | #  define INTERNAL_CATCH_UNIQUE_NAME( name ) INTERNAL_CATCH_UNIQUE_NAME_LINE( name, __COUNTER__ )
      |                                                                                     ^
In file included from main.cpp:81:
./test-iterators-comprehensive.h:9:1: warning: '__COUNTER__' is a C2y extension [-Wc2y-extensions]
/home/pacha/R/x86_64-pc-linux-gnu-library/4.6/testthat/include/testthat/testthat.h:187:25: note: expanded from macro 'context'
  187 | # define context(__X__) CATCH_TEST_CASE(__X__ " | " __FILE__)
      |                         ^
/home/pacha/R/x86_64-pc-linux-gnu-library/4.6/testthat/include/testthat/vendor/catch.hpp:17623:32: note: expanded from macro 'CATCH_TEST_CASE'
 17623 | #define CATCH_TEST_CASE( ... ) INTERNAL_CATCH_TESTCASE( __VA_ARGS__ )
       |                                ^
/home/pacha/R/x86_64-pc-linux-gnu-library/4.6/testthat/include/testthat/vendor/catch.hpp:1062:9: note: expanded from macro 'INTERNAL_CATCH_TESTCASE'
 1062 |         INTERNAL_CATCH_TESTCASE2( INTERNAL_CATCH_UNIQUE_NAME( C_A_T_C_H_T_E_S_T_ ), __VA_ARGS__ )
      |         ^
/home/pacha/R/x86_64-pc-linux-gnu-library/4.6/testthat/include/testthat/vendor/catch.hpp:1058:35: note: expanded from macro 'INTERNAL_CATCH_TESTCASE2'
 1058 |         namespace{ Catch::AutoReg INTERNAL_CATCH_UNIQUE_NAME( autoRegistrar )( Catch::makeTestInvoker( &TestName ), CATCH_INTERNAL_LINEINFO, Catch::StringRef(), Catch::NameAndTags{ __VA_ARGS__ } ); } /* NOLINT */ \
      |                                   ^
/home/pacha/R/x86_64-pc-linux-gnu-library/4.6/testthat/include/testthat/vendor/catch.hpp:478:85: note: expanded from macro 'INTERNAL_CATCH_UNIQUE_NAME'
  478 | #  define INTERNAL_CATCH_UNIQUE_NAME( name ) INTERNAL_CATCH_UNIQUE_NAME_LINE( name, __COUNTER__ )
      |                                                                                     ^
In file included from main.cpp:81:
./test-iterators-comprehensive.h:14:3: warning: '__COUNTER__' is a C2y extension [-Wc2y-extensions]
   14 |   test_that("iterator arithmetic (doubles)") {
      |   ^
/home/pacha/R/x86_64-pc-linux-gnu-library/4.6/testthat/include/testthat/testthat.h:188:20: note: expanded from macro 'test_that'
  188 | # define test_that CATCH_SECTION
      |                    ^
/home/pacha/R/x86_64-pc-linux-gnu-library/4.6/testthat/include/testthat/vendor/catch.hpp:17627:30: note: expanded from macro 'CATCH_SECTION'
 17627 | #define CATCH_SECTION( ... ) INTERNAL_CATCH_SECTION( __VA_ARGS__ )
       |                              ^
/home/pacha/R/x86_64-pc-linux-gnu-library/4.6/testthat/include/testthat/vendor/catch.hpp:2940:31: note: expanded from macro 'INTERNAL_CATCH_SECTION'
 2940 |     if( Catch::Section const& INTERNAL_CATCH_UNIQUE_NAME( catch_internal_Section ) = Catch::SectionInfo( CATCH_INTERNAL_LINEINFO, __VA_ARGS__ ) ) \
      |                               ^
/home/pacha/R/x86_64-pc-linux-gnu-library/4.6/testthat/include/testthat/vendor/catch.hpp:478:85: note: expanded from macro 'INTERNAL_CATCH_UNIQUE_NAME'
  478 | #  define INTERNAL_CATCH_UNIQUE_NAME( name ) INTERNAL_CATCH_UNIQUE_NAME_LINE( name, __COUNTER__ )
      |                                                                                     ^
In file included from main.cpp:81:
./test-iterators-comprehensive.h:32:3: warning: '__COUNTER__' is a C2y extension [-Wc2y-extensions]
   32 |   test_that("iterator comparison operators") {
      |   ^
/home/pacha/R/x86_64-pc-linux-gnu-library/4.6/testthat/include/testthat/testthat.h:188:20: note: expanded from macro 'test_that'
  188 | # define test_that CATCH_SECTION
      |                    ^
/home/pacha/R/x86_64-pc-linux-gnu-library/4.6/testthat/include/testthat/vendor/catch.hpp:17627:30: note: expanded from macro 'CATCH_SECTION'
 17627 | #define CATCH_SECTION( ... ) INTERNAL_CATCH_SECTION( __VA_ARGS__ )
       |                              ^
/home/pacha/R/x86_64-pc-linux-gnu-library/4.6/testthat/include/testthat/vendor/catch.hpp:2940:31: note: expanded from macro 'INTERNAL_CATCH_SECTION'
 2940 |     if( Catch::Section const& INTERNAL_CATCH_UNIQUE_NAME( catch_internal_Section ) = Catch::SectionInfo( CATCH_INTERNAL_LINEINFO, __VA_ARGS__ ) ) \
      |                               ^
/home/pacha/R/x86_64-pc-linux-gnu-library/4.6/testthat/include/testthat/vendor/catch.hpp:478:85: note: expanded from macro 'INTERNAL_CATCH_UNIQUE_NAME'
  478 | #  define INTERNAL_CATCH_UNIQUE_NAME( name ) INTERNAL_CATCH_UNIQUE_NAME_LINE( name, __COUNTER__ )
      |                                                                                     ^
In file included from main.cpp:81:
./test-iterators-comprehensive.h:57:3: warning: '__COUNTER__' is a C2y extension [-Wc2y-extensions]
   57 |   test_that("iterator subscript operator") {
      |   ^
/home/pacha/R/x86_64-pc-linux-gnu-library/4.6/testthat/include/testthat/testthat.h:188:20: note: expanded from macro 'test_that'
  188 | # define test_that CATCH_SECTION
      |                    ^
/home/pacha/R/x86_64-pc-linux-gnu-library/4.6/testthat/include/testthat/vendor/catch.hpp:17627:30: note: expanded from macro 'CATCH_SECTION'
 17627 | #define CATCH_SECTION( ... ) INTERNAL_CATCH_SECTION( __VA_ARGS__ )
       |                              ^
/home/pacha/R/x86_64-pc-linux-gnu-library/4.6/testthat/include/testthat/vendor/catch.hpp:2940:31: note: expanded from macro 'INTERNAL_CATCH_SECTION'
 2940 |     if( Catch::Section const& INTERNAL_CATCH_UNIQUE_NAME( catch_internal_Section ) = Catch::SectionInfo( CATCH_INTERNAL_LINEINFO, __VA_ARGS__ ) ) \
      |                               ^
/home/pacha/R/x86_64-pc-linux-gnu-library/4.6/testthat/include/testthat/vendor/catch.hpp:478:85: note: expanded from macro 'INTERNAL_CATCH_UNIQUE_NAME'
  478 | #  define INTERNAL_CATCH_UNIQUE_NAME( name ) INTERNAL_CATCH_UNIQUE_NAME_LINE( name, __COUNTER__ )
      |                                                                                     ^
In file included from main.cpp:81:
./test-iterators-comprehensive.h:68:3: warning: '__COUNTER__' is a C2y extension [-Wc2y-extensions]
   68 |   test_that("post-increment and post-decrement") {
      |   ^
/home/pacha/R/x86_64-pc-linux-gnu-library/4.6/testthat/include/testthat/testthat.h:188:20: note: expanded from macro 'test_that'
  188 | # define test_that CATCH_SECTION
      |                    ^
/home/pacha/R/x86_64-pc-linux-gnu-library/4.6/testthat/include/testthat/vendor/catch.hpp:17627:30: note: expanded from macro 'CATCH_SECTION'
 17627 | #define CATCH_SECTION( ... ) INTERNAL_CATCH_SECTION( __VA_ARGS__ )
       |                              ^
/home/pacha/R/x86_64-pc-linux-gnu-library/4.6/testthat/include/testthat/vendor/catch.hpp:2940:31: note: expanded from macro 'INTERNAL_CATCH_SECTION'
 2940 |     if( Catch::Section const& INTERNAL_CATCH_UNIQUE_NAME( catch_internal_Section ) = Catch::SectionInfo( CATCH_INTERNAL_LINEINFO, __VA_ARGS__ ) ) \
      |                               ^
/home/pacha/R/x86_64-pc-linux-gnu-library/4.6/testthat/include/testthat/vendor/catch.hpp:478:85: note: expanded from macro 'INTERNAL_CATCH_UNIQUE_NAME'
  478 | #  define INTERNAL_CATCH_UNIQUE_NAME( name ) INTERNAL_CATCH_UNIQUE_NAME_LINE( name, __COUNTER__ )
      |                                                                                     ^
In file included from main.cpp:81:
./test-iterators-comprehensive.h:84:3: warning: '__COUNTER__' is a C2y extension [-Wc2y-extensions]
   84 |   test_that("pre-increment and pre-decrement") {
      |   ^
/home/pacha/R/x86_64-pc-linux-gnu-library/4.6/testthat/include/testthat/testthat.h:188:20: note: expanded from macro 'test_that'
  188 | # define test_that CATCH_SECTION
      |                    ^
/home/pacha/R/x86_64-pc-linux-gnu-library/4.6/testthat/include/testthat/vendor/catch.hpp:17627:30: note: expanded from macro 'CATCH_SECTION'
 17627 | #define CATCH_SECTION( ... ) INTERNAL_CATCH_SECTION( __VA_ARGS__ )
       |                              ^
/home/pacha/R/x86_64-pc-linux-gnu-library/4.6/testthat/include/testthat/vendor/catch.hpp:2940:31: note: expanded from macro 'INTERNAL_CATCH_SECTION'
 2940 |     if( Catch::Section const& INTERNAL_CATCH_UNIQUE_NAME( catch_internal_Section ) = Catch::SectionInfo( CATCH_INTERNAL_LINEINFO, __VA_ARGS__ ) ) \
      |                               ^
/home/pacha/R/x86_64-pc-linux-gnu-library/4.6/testthat/include/testthat/vendor/catch.hpp:478:85: note: expanded from macro 'INTERNAL_CATCH_UNIQUE_NAME'
  478 | #  define INTERNAL_CATCH_UNIQUE_NAME( name ) INTERNAL_CATCH_UNIQUE_NAME_LINE( name, __COUNTER__ )
      |                                                                                     ^
In file included from main.cpp:81:
./test-iterators-comprehensive.h:98:3: warning: '__COUNTER__' is a C2y extension [-Wc2y-extensions]
   98 |   test_that("operator+= and operator-=") {
      |   ^
/home/pacha/R/x86_64-pc-linux-gnu-library/4.6/testthat/include/testthat/testthat.h:188:20: note: expanded from macro 'test_that'
  188 | # define test_that CATCH_SECTION
      |                    ^
/home/pacha/R/x86_64-pc-linux-gnu-library/4.6/testthat/include/testthat/vendor/catch.hpp:17627:30: note: expanded from macro 'CATCH_SECTION'
 17627 | #define CATCH_SECTION( ... ) INTERNAL_CATCH_SECTION( __VA_ARGS__ )
       |                              ^
/home/pacha/R/x86_64-pc-linux-gnu-library/4.6/testthat/include/testthat/vendor/catch.hpp:2940:31: note: expanded from macro 'INTERNAL_CATCH_SECTION'
 2940 |     if( Catch::Section const& INTERNAL_CATCH_UNIQUE_NAME( catch_internal_Section ) = Catch::SectionInfo( CATCH_INTERNAL_LINEINFO, __VA_ARGS__ ) ) \
      |                               ^
/home/pacha/R/x86_64-pc-linux-gnu-library/4.6/testthat/include/testthat/vendor/catch.hpp:478:85: note: expanded from macro 'INTERNAL_CATCH_UNIQUE_NAME'
  478 | #  define INTERNAL_CATCH_UNIQUE_NAME( name ) INTERNAL_CATCH_UNIQUE_NAME_LINE( name, __COUNTER__ )
      |                                                                                     ^
In file included from main.cpp:81:
./test-iterators-comprehensive.h:114:3: warning: '__COUNTER__' is a C2y extension [-Wc2y-extensions]
  114 |   test_that("const_iterator for doubles") {
      |   ^
/home/pacha/R/x86_64-pc-linux-gnu-library/4.6/testthat/include/testthat/testthat.h:188:20: note: expanded from macro 'test_that'
  188 | # define test_that CATCH_SECTION
      |                    ^
/home/pacha/R/x86_64-pc-linux-gnu-library/4.6/testthat/include/testthat/vendor/catch.hpp:17627:30: note: expanded from macro 'CATCH_SECTION'
 17627 | #define CATCH_SECTION( ... ) INTERNAL_CATCH_SECTION( __VA_ARGS__ )
       |                              ^
/home/pacha/R/x86_64-pc-linux-gnu-library/4.6/testthat/include/testthat/vendor/catch.hpp:2940:31: note: expanded from macro 'INTERNAL_CATCH_SECTION'
 2940 |     if( Catch::Section const& INTERNAL_CATCH_UNIQUE_NAME( catch_internal_Section ) = Catch::SectionInfo( CATCH_INTERNAL_LINEINFO, __VA_ARGS__ ) ) \
      |                               ^
/home/pacha/R/x86_64-pc-linux-gnu-library/4.6/testthat/include/testthat/vendor/catch.hpp:478:85: note: expanded from macro 'INTERNAL_CATCH_UNIQUE_NAME'
  478 | #  define INTERNAL_CATCH_UNIQUE_NAME( name ) INTERNAL_CATCH_UNIQUE_NAME_LINE( name, __COUNTER__ )
      |                                                                                     ^
In file included from main.cpp:81:
./test-iterators-comprehensive.h:137:3: warning: '__COUNTER__' is a C2y extension [-Wc2y-extensions]
  137 |   test_that("const_iterator for integers") {
      |   ^
/home/pacha/R/x86_64-pc-linux-gnu-library/4.6/testthat/include/testthat/testthat.h:188:20: note: expanded from macro 'test_that'
  188 | # define test_that CATCH_SECTION
      |                    ^
/home/pacha/R/x86_64-pc-linux-gnu-library/4.6/testthat/include/testthat/vendor/catch.hpp:17627:30: note: expanded from macro 'CATCH_SECTION'
 17627 | #define CATCH_SECTION( ... ) INTERNAL_CATCH_SECTION( __VA_ARGS__ )
       |                              ^
/home/pacha/R/x86_64-pc-linux-gnu-library/4.6/testthat/include/testthat/vendor/catch.hpp:2940:31: note: expanded from macro 'INTERNAL_CATCH_SECTION'
 2940 |     if( Catch::Section const& INTERNAL_CATCH_UNIQUE_NAME( catch_internal_Section ) = Catch::SectionInfo( CATCH_INTERNAL_LINEINFO, __VA_ARGS__ ) ) \
      |                               ^
/home/pacha/R/x86_64-pc-linux-gnu-library/4.6/testthat/include/testthat/vendor/catch.hpp:478:85: note: expanded from macro 'INTERNAL_CATCH_UNIQUE_NAME'
  478 | #  define INTERNAL_CATCH_UNIQUE_NAME( name ) INTERNAL_CATCH_UNIQUE_NAME_LINE( name, __COUNTER__ )
      |                                                                                     ^
In file included from main.cpp:81:
./test-iterators-comprehensive.h:156:3: warning: '__COUNTER__' is a C2y extension [-Wc2y-extensions]
  156 |   test_that("const_iterator for logicals") {
      |   ^
/home/pacha/R/x86_64-pc-linux-gnu-library/4.6/testthat/include/testthat/testthat.h:188:20: note: expanded from macro 'test_that'
  188 | # define test_that CATCH_SECTION
      |                    ^
/home/pacha/R/x86_64-pc-linux-gnu-library/4.6/testthat/include/testthat/vendor/catch.hpp:17627:30: note: expanded from macro 'CATCH_SECTION'
 17627 | #define CATCH_SECTION( ... ) INTERNAL_CATCH_SECTION( __VA_ARGS__ )
       |                              ^
/home/pacha/R/x86_64-pc-linux-gnu-library/4.6/testthat/include/testthat/vendor/catch.hpp:2940:31: note: expanded from macro 'INTERNAL_CATCH_SECTION'
 2940 |     if( Catch::Section const& INTERNAL_CATCH_UNIQUE_NAME( catch_internal_Section ) = Catch::SectionInfo( CATCH_INTERNAL_LINEINFO, __VA_ARGS__ ) ) \
      |                               ^
/home/pacha/R/x86_64-pc-linux-gnu-library/4.6/testthat/include/testthat/vendor/catch.hpp:478:85: note: expanded from macro 'INTERNAL_CATCH_UNIQUE_NAME'
  478 | #  define INTERNAL_CATCH_UNIQUE_NAME( name ) INTERNAL_CATCH_UNIQUE_NAME_LINE( name, __COUNTER__ )
      |                                                                                     ^
In file included from main.cpp:81:
./test-iterators-comprehensive.h:175:3: warning: '__COUNTER__' is a C2y extension [-Wc2y-extensions]
  175 |   test_that("generic iterator for strings") {
      |   ^
/home/pacha/R/x86_64-pc-linux-gnu-library/4.6/testthat/include/testthat/testthat.h:188:20: note: expanded from macro 'test_that'
  188 | # define test_that CATCH_SECTION
      |                    ^
/home/pacha/R/x86_64-pc-linux-gnu-library/4.6/testthat/include/testthat/vendor/catch.hpp:17627:30: note: expanded from macro 'CATCH_SECTION'
 17627 | #define CATCH_SECTION( ... ) INTERNAL_CATCH_SECTION( __VA_ARGS__ )
       |                              ^
/home/pacha/R/x86_64-pc-linux-gnu-library/4.6/testthat/include/testthat/vendor/catch.hpp:2940:31: note: expanded from macro 'INTERNAL_CATCH_SECTION'
 2940 |     if( Catch::Section const& INTERNAL_CATCH_UNIQUE_NAME( catch_internal_Section ) = Catch::SectionInfo( CATCH_INTERNAL_LINEINFO, __VA_ARGS__ ) ) \
      |                               ^
/home/pacha/R/x86_64-pc-linux-gnu-library/4.6/testthat/include/testthat/vendor/catch.hpp:478:85: note: expanded from macro 'INTERNAL_CATCH_UNIQUE_NAME'
  478 | #  define INTERNAL_CATCH_UNIQUE_NAME( name ) INTERNAL_CATCH_UNIQUE_NAME_LINE( name, __COUNTER__ )
      |                                                                                     ^
In file included from main.cpp:81:
./test-iterators-comprehensive.h:187:3: warning: '__COUNTER__' is a C2y extension [-Wc2y-extensions]
  187 |   test_that("generic iterator for list") {
      |   ^
/home/pacha/R/x86_64-pc-linux-gnu-library/4.6/testthat/include/testthat/testthat.h:188:20: note: expanded from macro 'test_that'
  188 | # define test_that CATCH_SECTION
      |                    ^
/home/pacha/R/x86_64-pc-linux-gnu-library/4.6/testthat/include/testthat/vendor/catch.hpp:17627:30: note: expanded from macro 'CATCH_SECTION'
 17627 | #define CATCH_SECTION( ... ) INTERNAL_CATCH_SECTION( __VA_ARGS__ )
       |                              ^
/home/pacha/R/x86_64-pc-linux-gnu-library/4.6/testthat/include/testthat/vendor/catch.hpp:2940:31: note: expanded from macro 'INTERNAL_CATCH_SECTION'
 2940 |     if( Catch::Section const& INTERNAL_CATCH_UNIQUE_NAME( catch_internal_Section ) = Catch::SectionInfo( CATCH_INTERNAL_LINEINFO, __VA_ARGS__ ) ) \
      |                               ^
/home/pacha/R/x86_64-pc-linux-gnu-library/4.6/testthat/include/testthat/vendor/catch.hpp:478:85: note: expanded from macro 'INTERNAL_CATCH_UNIQUE_NAME'
  478 | #  define INTERNAL_CATCH_UNIQUE_NAME( name ) INTERNAL_CATCH_UNIQUE_NAME_LINE( name, __COUNTER__ )
      |                                                                                     ^
In file included from main.cpp:81:
./test-iterators-comprehensive.h:217:3: warning: '__COUNTER__' is a C2y extension [-Wc2y-extensions]
  217 |   test_that("generic iterator with reverse iteration") {
      |   ^
/home/pacha/R/x86_64-pc-linux-gnu-library/4.6/testthat/include/testthat/testthat.h:188:20: note: expanded from macro 'test_that'
  188 | # define test_that CATCH_SECTION
      |                    ^
/home/pacha/R/x86_64-pc-linux-gnu-library/4.6/testthat/include/testthat/vendor/catch.hpp:17627:30: note: expanded from macro 'CATCH_SECTION'
 17627 | #define CATCH_SECTION( ... ) INTERNAL_CATCH_SECTION( __VA_ARGS__ )
       |                              ^
/home/pacha/R/x86_64-pc-linux-gnu-library/4.6/testthat/include/testthat/vendor/catch.hpp:2940:31: note: expanded from macro 'INTERNAL_CATCH_SECTION'
 2940 |     if( Catch::Section const& INTERNAL_CATCH_UNIQUE_NAME( catch_internal_Section ) = Catch::SectionInfo( CATCH_INTERNAL_LINEINFO, __VA_ARGS__ ) ) \
      |                               ^
/home/pacha/R/x86_64-pc-linux-gnu-library/4.6/testthat/include/testthat/vendor/catch.hpp:478:85: note: expanded from macro 'INTERNAL_CATCH_UNIQUE_NAME'
  478 | #  define INTERNAL_CATCH_UNIQUE_NAME( name ) INTERNAL_CATCH_UNIQUE_NAME_LINE( name, __COUNTER__ )
      |                                                                                     ^
In file included from main.cpp:81:
./test-iterators-comprehensive.h:234:3: warning: '__COUNTER__' is a C2y extension [-Wc2y-extensions]
  234 |   test_that("std::find works with iterators") {
      |   ^
/home/pacha/R/x86_64-pc-linux-gnu-library/4.6/testthat/include/testthat/testthat.h:188:20: note: expanded from macro 'test_that'
  188 | # define test_that CATCH_SECTION
      |                    ^
/home/pacha/R/x86_64-pc-linux-gnu-library/4.6/testthat/include/testthat/vendor/catch.hpp:17627:30: note: expanded from macro 'CATCH_SECTION'
 17627 | #define CATCH_SECTION( ... ) INTERNAL_CATCH_SECTION( __VA_ARGS__ )
       |                              ^
/home/pacha/R/x86_64-pc-linux-gnu-library/4.6/testthat/include/testthat/vendor/catch.hpp:2940:31: note: expanded from macro 'INTERNAL_CATCH_SECTION'
 2940 |     if( Catch::Section const& INTERNAL_CATCH_UNIQUE_NAME( catch_internal_Section ) = Catch::SectionInfo( CATCH_INTERNAL_LINEINFO, __VA_ARGS__ ) ) \
      |                               ^
/home/pacha/R/x86_64-pc-linux-gnu-library/4.6/testthat/include/testthat/vendor/catch.hpp:478:85: note: expanded from macro 'INTERNAL_CATCH_UNIQUE_NAME'
  478 | #  define INTERNAL_CATCH_UNIQUE_NAME( name ) INTERNAL_CATCH_UNIQUE_NAME_LINE( name, __COUNTER__ )
      |                                                                                     ^
In file included from main.cpp:81:
./test-iterators-comprehensive.h:245:3: warning: '__COUNTER__' is a C2y extension [-Wc2y-extensions]
  245 |   test_that("std::count works with iterators") {
      |   ^
/home/pacha/R/x86_64-pc-linux-gnu-library/4.6/testthat/include/testthat/testthat.h:188:20: note: expanded from macro 'test_that'
  188 | # define test_that CATCH_SECTION
      |                    ^
/home/pacha/R/x86_64-pc-linux-gnu-library/4.6/testthat/include/testthat/vendor/catch.hpp:17627:30: note: expanded from macro 'CATCH_SECTION'
 17627 | #define CATCH_SECTION( ... ) INTERNAL_CATCH_SECTION( __VA_ARGS__ )
       |                              ^
/home/pacha/R/x86_64-pc-linux-gnu-library/4.6/testthat/include/testthat/vendor/catch.hpp:2940:31: note: expanded from macro 'INTERNAL_CATCH_SECTION'
 2940 |     if( Catch::Section const& INTERNAL_CATCH_UNIQUE_NAME( catch_internal_Section ) = Catch::SectionInfo( CATCH_INTERNAL_LINEINFO, __VA_ARGS__ ) ) \
      |                               ^
/home/pacha/R/x86_64-pc-linux-gnu-library/4.6/testthat/include/testthat/vendor/catch.hpp:478:85: note: expanded from macro 'INTERNAL_CATCH_UNIQUE_NAME'
  478 | #  define INTERNAL_CATCH_UNIQUE_NAME( name ) INTERNAL_CATCH_UNIQUE_NAME_LINE( name, __COUNTER__ )
      |                                                                                     ^
In file included from main.cpp:81:
./test-iterators-comprehensive.h:252:3: warning: '__COUNTER__' is a C2y extension [-Wc2y-extensions]
  252 |   test_that("std::accumulate works with iterators") {
      |   ^
/home/pacha/R/x86_64-pc-linux-gnu-library/4.6/testthat/include/testthat/testthat.h:188:20: note: expanded from macro 'test_that'
  188 | # define test_that CATCH_SECTION
      |                    ^
/home/pacha/R/x86_64-pc-linux-gnu-library/4.6/testthat/include/testthat/vendor/catch.hpp:17627:30: note: expanded from macro 'CATCH_SECTION'
 17627 | #define CATCH_SECTION( ... ) INTERNAL_CATCH_SECTION( __VA_ARGS__ )
       |                              ^
/home/pacha/R/x86_64-pc-linux-gnu-library/4.6/testthat/include/testthat/vendor/catch.hpp:2940:31: note: expanded from macro 'INTERNAL_CATCH_SECTION'
 2940 |     if( Catch::Section const& INTERNAL_CATCH_UNIQUE_NAME( catch_internal_Section ) = Catch::SectionInfo( CATCH_INTERNAL_LINEINFO, __VA_ARGS__ ) ) \
      |                               ^
/home/pacha/R/x86_64-pc-linux-gnu-library/4.6/testthat/include/testthat/vendor/catch.hpp:478:85: note: expanded from macro 'INTERNAL_CATCH_UNIQUE_NAME'
  478 | #  define INTERNAL_CATCH_UNIQUE_NAME( name ) INTERNAL_CATCH_UNIQUE_NAME_LINE( name, __COUNTER__ )
      |                                                                                     ^
In file included from main.cpp:81:
./test-iterators-comprehensive.h:259:3: warning: '__COUNTER__' is a C2y extension [-Wc2y-extensions]
  259 |   test_that("std::min_element and std::max_element") {
      |   ^
/home/pacha/R/x86_64-pc-linux-gnu-library/4.6/testthat/include/testthat/testthat.h:188:20: note: expanded from macro 'test_that'
  188 | # define test_that CATCH_SECTION
      |                    ^
/home/pacha/R/x86_64-pc-linux-gnu-library/4.6/testthat/include/testthat/vendor/catch.hpp:17627:30: note: expanded from macro 'CATCH_SECTION'
 17627 | #define CATCH_SECTION( ... ) INTERNAL_CATCH_SECTION( __VA_ARGS__ )
       |                              ^
/home/pacha/R/x86_64-pc-linux-gnu-library/4.6/testthat/include/testthat/vendor/catch.hpp:2940:31: note: expanded from macro 'INTERNAL_CATCH_SECTION'
 2940 |     if( Catch::Section const& INTERNAL_CATCH_UNIQUE_NAME( catch_internal_Section ) = Catch::SectionInfo( CATCH_INTERNAL_LINEINFO, __VA_ARGS__ ) ) \
      |                               ^
/home/pacha/R/x86_64-pc-linux-gnu-library/4.6/testthat/include/testthat/vendor/catch.hpp:478:85: note: expanded from macro 'INTERNAL_CATCH_UNIQUE_NAME'
  478 | #  define INTERNAL_CATCH_UNIQUE_NAME( name ) INTERNAL_CATCH_UNIQUE_NAME_LINE( name, __COUNTER__ )
      |                                                                                     ^
In file included from main.cpp:81:
./test-iterators-comprehensive.h:269:3: warning: '__COUNTER__' is a C2y extension [-Wc2y-extensions]
  269 |   test_that("std::distance works with iterators") {
      |   ^
/home/pacha/R/x86_64-pc-linux-gnu-library/4.6/testthat/include/testthat/testthat.h:188:20: note: expanded from macro 'test_that'
  188 | # define test_that CATCH_SECTION
      |                    ^
/home/pacha/R/x86_64-pc-linux-gnu-library/4.6/testthat/include/testthat/vendor/catch.hpp:17627:30: note: expanded from macro 'CATCH_SECTION'
 17627 | #define CATCH_SECTION( ... ) INTERNAL_CATCH_SECTION( __VA_ARGS__ )
       |                              ^
/home/pacha/R/x86_64-pc-linux-gnu-library/4.6/testthat/include/testthat/vendor/catch.hpp:2940:31: note: expanded from macro 'INTERNAL_CATCH_SECTION'
 2940 |     if( Catch::Section const& INTERNAL_CATCH_UNIQUE_NAME( catch_internal_Section ) = Catch::SectionInfo( CATCH_INTERNAL_LINEINFO, __VA_ARGS__ ) ) \
      |                               ^
/home/pacha/R/x86_64-pc-linux-gnu-library/4.6/testthat/include/testthat/vendor/catch.hpp:478:85: note: expanded from macro 'INTERNAL_CATCH_UNIQUE_NAME'
  478 | #  define INTERNAL_CATCH_UNIQUE_NAME( name ) INTERNAL_CATCH_UNIQUE_NAME_LINE( name, __COUNTER__ )
      |                                                                                     ^
In file included from main.cpp:81:
./test-iterators-comprehensive.h:279:3: warning: '__COUNTER__' is a C2y extension [-Wc2y-extensions]
  279 |   test_that("std::transform works with writable iterators") {
      |   ^
/home/pacha/R/x86_64-pc-linux-gnu-library/4.6/testthat/include/testthat/testthat.h:188:20: note: expanded from macro 'test_that'
  188 | # define test_that CATCH_SECTION
      |                    ^
/home/pacha/R/x86_64-pc-linux-gnu-library/4.6/testthat/include/testthat/vendor/catch.hpp:17627:30: note: expanded from macro 'CATCH_SECTION'
 17627 | #define CATCH_SECTION( ... ) INTERNAL_CATCH_SECTION( __VA_ARGS__ )
       |                              ^
/home/pacha/R/x86_64-pc-linux-gnu-library/4.6/testthat/include/testthat/vendor/catch.hpp:2940:31: note: expanded from macro 'INTERNAL_CATCH_SECTION'
 2940 |     if( Catch::Section const& INTERNAL_CATCH_UNIQUE_NAME( catch_internal_Section ) = Catch::SectionInfo( CATCH_INTERNAL_LINEINFO, __VA_ARGS__ ) ) \
      |                               ^
/home/pacha/R/x86_64-pc-linux-gnu-library/4.6/testthat/include/testthat/vendor/catch.hpp:478:85: note: expanded from macro 'INTERNAL_CATCH_UNIQUE_NAME'
  478 | #  define INTERNAL_CATCH_UNIQUE_NAME( name ) INTERNAL_CATCH_UNIQUE_NAME_LINE( name, __COUNTER__ )
      |                                                                                     ^
In file included from main.cpp:81:
./test-iterators-comprehensive.h:292:3: warning: '__COUNTER__' is a C2y extension [-Wc2y-extensions]
  292 |   test_that("std::copy works with iterators") {
      |   ^
/home/pacha/R/x86_64-pc-linux-gnu-library/4.6/testthat/include/testthat/testthat.h:188:20: note: expanded from macro 'test_that'
  188 | # define test_that CATCH_SECTION
      |                    ^
/home/pacha/R/x86_64-pc-linux-gnu-library/4.6/testthat/include/testthat/vendor/catch.hpp:17627:30: note: expanded from macro 'CATCH_SECTION'
 17627 | #define CATCH_SECTION( ... ) INTERNAL_CATCH_SECTION( __VA_ARGS__ )
       |                              ^
/home/pacha/R/x86_64-pc-linux-gnu-library/4.6/testthat/include/testthat/vendor/catch.hpp:2940:31: note: expanded from macro 'INTERNAL_CATCH_SECTION'
 2940 |     if( Catch::Section const& INTERNAL_CATCH_UNIQUE_NAME( catch_internal_Section ) = Catch::SectionInfo( CATCH_INTERNAL_LINEINFO, __VA_ARGS__ ) ) \
      |                               ^
/home/pacha/R/x86_64-pc-linux-gnu-library/4.6/testthat/include/testthat/vendor/catch.hpp:478:85: note: expanded from macro 'INTERNAL_CATCH_UNIQUE_NAME'
  478 | #  define INTERNAL_CATCH_UNIQUE_NAME( name ) INTERNAL_CATCH_UNIQUE_NAME_LINE( name, __COUNTER__ )
      |                                                                                     ^
In file included from main.cpp:81:
./test-iterators-comprehensive.h:307:3: warning: '__COUNTER__' is a C2y extension [-Wc2y-extensions]
  307 |   test_that("iterator with large vector (strings)") {
      |   ^
/home/pacha/R/x86_64-pc-linux-gnu-library/4.6/testthat/include/testthat/testthat.h:188:20: note: expanded from macro 'test_that'
  188 | # define test_that CATCH_SECTION
      |                    ^
/home/pacha/R/x86_64-pc-linux-gnu-library/4.6/testthat/include/testthat/vendor/catch.hpp:17627:30: note: expanded from macro 'CATCH_SECTION'
 17627 | #define CATCH_SECTION( ... ) INTERNAL_CATCH_SECTION( __VA_ARGS__ )
       |                              ^
/home/pacha/R/x86_64-pc-linux-gnu-library/4.6/testthat/include/testthat/vendor/catch.hpp:2940:31: note: expanded from macro 'INTERNAL_CATCH_SECTION'
 2940 |     if( Catch::Section const& INTERNAL_CATCH_UNIQUE_NAME( catch_internal_Section ) = Catch::SectionInfo( CATCH_INTERNAL_LINEINFO, __VA_ARGS__ ) ) \
      |                               ^
/home/pacha/R/x86_64-pc-linux-gnu-library/4.6/testthat/include/testthat/vendor/catch.hpp:478:85: note: expanded from macro 'INTERNAL_CATCH_UNIQUE_NAME'
  478 | #  define INTERNAL_CATCH_UNIQUE_NAME( name ) INTERNAL_CATCH_UNIQUE_NAME_LINE( name, __COUNTER__ )
      |                                                                                     ^
In file included from main.cpp:81:
./test-iterators-comprehensive.h:324:3: warning: '__COUNTER__' is a C2y extension [-Wc2y-extensions]
  324 |   test_that("iterator with large vector (list)") {
      |   ^
/home/pacha/R/x86_64-pc-linux-gnu-library/4.6/testthat/include/testthat/testthat.h:188:20: note: expanded from macro 'test_that'
  188 | # define test_that CATCH_SECTION
      |                    ^
/home/pacha/R/x86_64-pc-linux-gnu-library/4.6/testthat/include/testthat/vendor/catch.hpp:17627:30: note: expanded from macro 'CATCH_SECTION'
 17627 | #define CATCH_SECTION( ... ) INTERNAL_CATCH_SECTION( __VA_ARGS__ )
       |                              ^
/home/pacha/R/x86_64-pc-linux-gnu-library/4.6/testthat/include/testthat/vendor/catch.hpp:2940:31: note: expanded from macro 'INTERNAL_CATCH_SECTION'
 2940 |     if( Catch::Section const& INTERNAL_CATCH_UNIQUE_NAME( catch_internal_Section ) = Catch::SectionInfo( CATCH_INTERNAL_LINEINFO, __VA_ARGS__ ) ) \
      |                               ^
/home/pacha/R/x86_64-pc-linux-gnu-library/4.6/testthat/include/testthat/vendor/catch.hpp:478:85: note: expanded from macro 'INTERNAL_CATCH_UNIQUE_NAME'
  478 | #  define INTERNAL_CATCH_UNIQUE_NAME( name ) INTERNAL_CATCH_UNIQUE_NAME_LINE( name, __COUNTER__ )
      |                                                                                     ^
In file included from main.cpp:81:
./test-iterators-comprehensive.h:344:3: warning: '__COUNTER__' is a C2y extension [-Wc2y-extensions]
  344 |   test_that("iterator on empty vector") {
      |   ^
/home/pacha/R/x86_64-pc-linux-gnu-library/4.6/testthat/include/testthat/testthat.h:188:20: note: expanded from macro 'test_that'
  188 | # define test_that CATCH_SECTION
      |                    ^
/home/pacha/R/x86_64-pc-linux-gnu-library/4.6/testthat/include/testthat/vendor/catch.hpp:17627:30: note: expanded from macro 'CATCH_SECTION'
 17627 | #define CATCH_SECTION( ... ) INTERNAL_CATCH_SECTION( __VA_ARGS__ )
       |                              ^
/home/pacha/R/x86_64-pc-linux-gnu-library/4.6/testthat/include/testthat/vendor/catch.hpp:2940:31: note: expanded from macro 'INTERNAL_CATCH_SECTION'
 2940 |     if( Catch::Section const& INTERNAL_CATCH_UNIQUE_NAME( catch_internal_Section ) = Catch::SectionInfo( CATCH_INTERNAL_LINEINFO, __VA_ARGS__ ) ) \
      |                               ^
/home/pacha/R/x86_64-pc-linux-gnu-library/4.6/testthat/include/testthat/vendor/catch.hpp:478:85: note: expanded from macro 'INTERNAL_CATCH_UNIQUE_NAME'
  478 | #  define INTERNAL_CATCH_UNIQUE_NAME( name ) INTERNAL_CATCH_UNIQUE_NAME_LINE( name, __COUNTER__ )
      |                                                                                     ^
In file included from main.cpp:81:
./test-iterators-comprehensive.h:351:3: warning: '__COUNTER__' is a C2y extension [-Wc2y-extensions]
  351 |   test_that("iterator on single element vector") {
      |   ^
/home/pacha/R/x86_64-pc-linux-gnu-library/4.6/testthat/include/testthat/testthat.h:188:20: note: expanded from macro 'test_that'
  188 | # define test_that CATCH_SECTION
      |                    ^
/home/pacha/R/x86_64-pc-linux-gnu-library/4.6/testthat/include/testthat/vendor/catch.hpp:17627:30: note: expanded from macro 'CATCH_SECTION'
 17627 | #define CATCH_SECTION( ... ) INTERNAL_CATCH_SECTION( __VA_ARGS__ )
       |                              ^
/home/pacha/R/x86_64-pc-linux-gnu-library/4.6/testthat/include/testthat/vendor/catch.hpp:2940:31: note: expanded from macro 'INTERNAL_CATCH_SECTION'
 2940 |     if( Catch::Section const& INTERNAL_CATCH_UNIQUE_NAME( catch_internal_Section ) = Catch::SectionInfo( CATCH_INTERNAL_LINEINFO, __VA_ARGS__ ) ) \
      |                               ^
/home/pacha/R/x86_64-pc-linux-gnu-library/4.6/testthat/include/testthat/vendor/catch.hpp:478:85: note: expanded from macro 'INTERNAL_CATCH_UNIQUE_NAME'
  478 | #  define INTERNAL_CATCH_UNIQUE_NAME( name ) INTERNAL_CATCH_UNIQUE_NAME_LINE( name, __COUNTER__ )
      |                                                                                     ^
In file included from main.cpp:81:
./test-iterators-comprehensive.h:360:3: warning: '__COUNTER__' is a C2y extension [-Wc2y-extensions]
  360 |   test_that("cbegin and cend") {
      |   ^
/home/pacha/R/x86_64-pc-linux-gnu-library/4.6/testthat/include/testthat/testthat.h:188:20: note: expanded from macro 'test_that'
  188 | # define test_that CATCH_SECTION
      |                    ^
/home/pacha/R/x86_64-pc-linux-gnu-library/4.6/testthat/include/testthat/vendor/catch.hpp:17627:30: note: expanded from macro 'CATCH_SECTION'
 17627 | #define CATCH_SECTION( ... ) INTERNAL_CATCH_SECTION( __VA_ARGS__ )
       |                              ^
/home/pacha/R/x86_64-pc-linux-gnu-library/4.6/testthat/include/testthat/vendor/catch.hpp:2940:31: note: expanded from macro 'INTERNAL_CATCH_SECTION'
 2940 |     if( Catch::Section const& INTERNAL_CATCH_UNIQUE_NAME( catch_internal_Section ) = Catch::SectionInfo( CATCH_INTERNAL_LINEINFO, __VA_ARGS__ ) ) \
      |                               ^
/home/pacha/R/x86_64-pc-linux-gnu-library/4.6/testthat/include/testthat/vendor/catch.hpp:478:85: note: expanded from macro 'INTERNAL_CATCH_UNIQUE_NAME'
  478 | #  define INTERNAL_CATCH_UNIQUE_NAME( name ) INTERNAL_CATCH_UNIQUE_NAME_LINE( name, __COUNTER__ )
      |                                                                                     ^
In file included from main.cpp:84:
./test-logicals-extended.h:7:1: warning: '__COUNTER__' is a C2y extension [-Wc2y-extensions]
    7 | context("logicals-extended-C++") {
      | ^
/home/pacha/R/x86_64-pc-linux-gnu-library/4.6/testthat/include/testthat/testthat.h:187:25: note: expanded from macro 'context'
  187 | # define context(__X__) CATCH_TEST_CASE(__X__ " | " __FILE__)
      |                         ^
/home/pacha/R/x86_64-pc-linux-gnu-library/4.6/testthat/include/testthat/vendor/catch.hpp:17623:32: note: expanded from macro 'CATCH_TEST_CASE'
 17623 | #define CATCH_TEST_CASE( ... ) INTERNAL_CATCH_TESTCASE( __VA_ARGS__ )
       |                                ^
/home/pacha/R/x86_64-pc-linux-gnu-library/4.6/testthat/include/testthat/vendor/catch.hpp:1062:35: note: expanded from macro 'INTERNAL_CATCH_TESTCASE'
 1062 |         INTERNAL_CATCH_TESTCASE2( INTERNAL_CATCH_UNIQUE_NAME( C_A_T_C_H_T_E_S_T_ ), __VA_ARGS__ )
      |                                   ^
/home/pacha/R/x86_64-pc-linux-gnu-library/4.6/testthat/include/testthat/vendor/catch.hpp:478:85: note: expanded from macro 'INTERNAL_CATCH_UNIQUE_NAME'
  478 | #  define INTERNAL_CATCH_UNIQUE_NAME( name ) INTERNAL_CATCH_UNIQUE_NAME_LINE( name, __COUNTER__ )
      |                                                                                     ^
In file included from main.cpp:84:
./test-logicals-extended.h:7:1: warning: '__COUNTER__' is a C2y extension [-Wc2y-extensions]
/home/pacha/R/x86_64-pc-linux-gnu-library/4.6/testthat/include/testthat/testthat.h:187:25: note: expanded from macro 'context'
  187 | # define context(__X__) CATCH_TEST_CASE(__X__ " | " __FILE__)
      |                         ^
/home/pacha/R/x86_64-pc-linux-gnu-library/4.6/testthat/include/testthat/vendor/catch.hpp:17623:32: note: expanded from macro 'CATCH_TEST_CASE'
 17623 | #define CATCH_TEST_CASE( ... ) INTERNAL_CATCH_TESTCASE( __VA_ARGS__ )
       |                                ^
/home/pacha/R/x86_64-pc-linux-gnu-library/4.6/testthat/include/testthat/vendor/catch.hpp:1062:9: note: expanded from macro 'INTERNAL_CATCH_TESTCASE'
 1062 |         INTERNAL_CATCH_TESTCASE2( INTERNAL_CATCH_UNIQUE_NAME( C_A_T_C_H_T_E_S_T_ ), __VA_ARGS__ )
      |         ^
/home/pacha/R/x86_64-pc-linux-gnu-library/4.6/testthat/include/testthat/vendor/catch.hpp:1058:35: note: expanded from macro 'INTERNAL_CATCH_TESTCASE2'
 1058 |         namespace{ Catch::AutoReg INTERNAL_CATCH_UNIQUE_NAME( autoRegistrar )( Catch::makeTestInvoker( &TestName ), CATCH_INTERNAL_LINEINFO, Catch::StringRef(), Catch::NameAndTags{ __VA_ARGS__ } ); } /* NOLINT */ \
      |                                   ^
/home/pacha/R/x86_64-pc-linux-gnu-library/4.6/testthat/include/testthat/vendor/catch.hpp:478:85: note: expanded from macro 'INTERNAL_CATCH_UNIQUE_NAME'
  478 | #  define INTERNAL_CATCH_UNIQUE_NAME( name ) INTERNAL_CATCH_UNIQUE_NAME_LINE( name, __COUNTER__ )
      |                                                                                     ^
In file included from main.cpp:84:
./test-logicals-extended.h:12:3: warning: '__COUNTER__' is a C2y extension [-Wc2y-extensions]
   12 |   test_that("logicals use_buf returns true for simulated ALTREP") {
      |   ^
/home/pacha/R/x86_64-pc-linux-gnu-library/4.6/testthat/include/testthat/testthat.h:188:20: note: expanded from macro 'test_that'
  188 | # define test_that CATCH_SECTION
      |                    ^
/home/pacha/R/x86_64-pc-linux-gnu-library/4.6/testthat/include/testthat/vendor/catch.hpp:17627:30: note: expanded from macro 'CATCH_SECTION'
 17627 | #define CATCH_SECTION( ... ) INTERNAL_CATCH_SECTION( __VA_ARGS__ )
       |                              ^
/home/pacha/R/x86_64-pc-linux-gnu-library/4.6/testthat/include/testthat/vendor/catch.hpp:2940:31: note: expanded from macro 'INTERNAL_CATCH_SECTION'
 2940 |     if( Catch::Section const& INTERNAL_CATCH_UNIQUE_NAME( catch_internal_Section ) = Catch::SectionInfo( CATCH_INTERNAL_LINEINFO, __VA_ARGS__ ) ) \
      |                               ^
/home/pacha/R/x86_64-pc-linux-gnu-library/4.6/testthat/include/testthat/vendor/catch.hpp:478:85: note: expanded from macro 'INTERNAL_CATCH_UNIQUE_NAME'
  478 | #  define INTERNAL_CATCH_UNIQUE_NAME( name ) INTERNAL_CATCH_UNIQUE_NAME_LINE( name, __COUNTER__ )
      |                                                                                     ^
In file included from main.cpp:84:
./test-logicals-extended.h:38:3: warning: '__COUNTER__' is a C2y extension [-Wc2y-extensions]
   38 |   test_that("logicals iterator with simulated ALTREP exercises get_region") {
      |   ^
/home/pacha/R/x86_64-pc-linux-gnu-library/4.6/testthat/include/testthat/testthat.h:188:20: note: expanded from macro 'test_that'
  188 | # define test_that CATCH_SECTION
      |                    ^
/home/pacha/R/x86_64-pc-linux-gnu-library/4.6/testthat/include/testthat/vendor/catch.hpp:17627:30: note: expanded from macro 'CATCH_SECTION'
 17627 | #define CATCH_SECTION( ... ) INTERNAL_CATCH_SECTION( __VA_ARGS__ )
       |                              ^
/home/pacha/R/x86_64-pc-linux-gnu-library/4.6/testthat/include/testthat/vendor/catch.hpp:2940:31: note: expanded from macro 'INTERNAL_CATCH_SECTION'
 2940 |     if( Catch::Section const& INTERNAL_CATCH_UNIQUE_NAME( catch_internal_Section ) = Catch::SectionInfo( CATCH_INTERNAL_LINEINFO, __VA_ARGS__ ) ) \
      |                               ^
/home/pacha/R/x86_64-pc-linux-gnu-library/4.6/testthat/include/testthat/vendor/catch.hpp:478:85: note: expanded from macro 'INTERNAL_CATCH_UNIQUE_NAME'
  478 | #  define INTERNAL_CATCH_UNIQUE_NAME( name ) INTERNAL_CATCH_UNIQUE_NAME_LINE( name, __COUNTER__ )
      |                                                                                     ^
In file included from main.cpp:84:
./test-logicals-extended.h:63:3: warning: '__COUNTER__' is a C2y extension [-Wc2y-extensions]
   63 |   test_that("logicals simulated ALTREP still allows element access via get_elt") {
      |   ^
/home/pacha/R/x86_64-pc-linux-gnu-library/4.6/testthat/include/testthat/testthat.h:188:20: note: expanded from macro 'test_that'
  188 | # define test_that CATCH_SECTION
      |                    ^
/home/pacha/R/x86_64-pc-linux-gnu-library/4.6/testthat/include/testthat/vendor/catch.hpp:17627:30: note: expanded from macro 'CATCH_SECTION'
 17627 | #define CATCH_SECTION( ... ) INTERNAL_CATCH_SECTION( __VA_ARGS__ )
       |                              ^
/home/pacha/R/x86_64-pc-linux-gnu-library/4.6/testthat/include/testthat/vendor/catch.hpp:2940:31: note: expanded from macro 'INTERNAL_CATCH_SECTION'
 2940 |     if( Catch::Section const& INTERNAL_CATCH_UNIQUE_NAME( catch_internal_Section ) = Catch::SectionInfo( CATCH_INTERNAL_LINEINFO, __VA_ARGS__ ) ) \
      |                               ^
/home/pacha/R/x86_64-pc-linux-gnu-library/4.6/testthat/include/testthat/vendor/catch.hpp:478:85: note: expanded from macro 'INTERNAL_CATCH_UNIQUE_NAME'
  478 | #  define INTERNAL_CATCH_UNIQUE_NAME( name ) INTERNAL_CATCH_UNIQUE_NAME_LINE( name, __COUNTER__ )
      |                                                                                     ^
In file included from main.cpp:84:
./test-logicals-extended.h:88:3: warning: '__COUNTER__' is a C2y extension [-Wc2y-extensions]
   88 |   test_that("logicals read-only constructor from SEXP") {
      |   ^
/home/pacha/R/x86_64-pc-linux-gnu-library/4.6/testthat/include/testthat/testthat.h:188:20: note: expanded from macro 'test_that'
  188 | # define test_that CATCH_SECTION
      |                    ^
/home/pacha/R/x86_64-pc-linux-gnu-library/4.6/testthat/include/testthat/vendor/catch.hpp:17627:30: note: expanded from macro 'CATCH_SECTION'
 17627 | #define CATCH_SECTION( ... ) INTERNAL_CATCH_SECTION( __VA_ARGS__ )
       |                              ^
/home/pacha/R/x86_64-pc-linux-gnu-library/4.6/testthat/include/testthat/vendor/catch.hpp:2940:31: note: expanded from macro 'INTERNAL_CATCH_SECTION'
 2940 |     if( Catch::Section const& INTERNAL_CATCH_UNIQUE_NAME( catch_internal_Section ) = Catch::SectionInfo( CATCH_INTERNAL_LINEINFO, __VA_ARGS__ ) ) \
      |                               ^
/home/pacha/R/x86_64-pc-linux-gnu-library/4.6/testthat/include/testthat/vendor/catch.hpp:478:85: note: expanded from macro 'INTERNAL_CATCH_UNIQUE_NAME'
  478 | #  define INTERNAL_CATCH_UNIQUE_NAME( name ) INTERNAL_CATCH_UNIQUE_NAME_LINE( name, __COUNTER__ )
      |                                                                                     ^
In file included from main.cpp:84:
./test-logicals-extended.h:106:3: warning: '__COUNTER__' is a C2y extension [-Wc2y-extensions]
  106 |   test_that("logicals read-only iterator") {
      |   ^
/home/pacha/R/x86_64-pc-linux-gnu-library/4.6/testthat/include/testthat/testthat.h:188:20: note: expanded from macro 'test_that'
  188 | # define test_that CATCH_SECTION
      |                    ^
/home/pacha/R/x86_64-pc-linux-gnu-library/4.6/testthat/include/testthat/vendor/catch.hpp:17627:30: note: expanded from macro 'CATCH_SECTION'
 17627 | #define CATCH_SECTION( ... ) INTERNAL_CATCH_SECTION( __VA_ARGS__ )
       |                              ^
/home/pacha/R/x86_64-pc-linux-gnu-library/4.6/testthat/include/testthat/vendor/catch.hpp:2940:31: note: expanded from macro 'INTERNAL_CATCH_SECTION'
 2940 |     if( Catch::Section const& INTERNAL_CATCH_UNIQUE_NAME( catch_internal_Section ) = Catch::SectionInfo( CATCH_INTERNAL_LINEINFO, __VA_ARGS__ ) ) \
      |                               ^
/home/pacha/R/x86_64-pc-linux-gnu-library/4.6/testthat/include/testthat/vendor/catch.hpp:478:85: note: expanded from macro 'INTERNAL_CATCH_UNIQUE_NAME'
  478 | #  define INTERNAL_CATCH_UNIQUE_NAME( name ) INTERNAL_CATCH_UNIQUE_NAME_LINE( name, __COUNTER__ )
      |                                                                                     ^
In file included from main.cpp:84:
./test-logicals-extended.h:128:3: warning: '__COUNTER__' is a C2y extension [-Wc2y-extensions]
  128 |   test_that("logicals const iterator with cbegin/cend") {
      |   ^
/home/pacha/R/x86_64-pc-linux-gnu-library/4.6/testthat/include/testthat/testthat.h:188:20: note: expanded from macro 'test_that'
  188 | # define test_that CATCH_SECTION
      |                    ^
/home/pacha/R/x86_64-pc-linux-gnu-library/4.6/testthat/include/testthat/vendor/catch.hpp:17627:30: note: expanded from macro 'CATCH_SECTION'
 17627 | #define CATCH_SECTION( ... ) INTERNAL_CATCH_SECTION( __VA_ARGS__ )
       |                              ^
/home/pacha/R/x86_64-pc-linux-gnu-library/4.6/testthat/include/testthat/vendor/catch.hpp:2940:31: note: expanded from macro 'INTERNAL_CATCH_SECTION'
 2940 |     if( Catch::Section const& INTERNAL_CATCH_UNIQUE_NAME( catch_internal_Section ) = Catch::SectionInfo( CATCH_INTERNAL_LINEINFO, __VA_ARGS__ ) ) \
      |                               ^
/home/pacha/R/x86_64-pc-linux-gnu-library/4.6/testthat/include/testthat/vendor/catch.hpp:478:85: note: expanded from macro 'INTERNAL_CATCH_UNIQUE_NAME'
  478 | #  define INTERNAL_CATCH_UNIQUE_NAME( name ) INTERNAL_CATCH_UNIQUE_NAME_LINE( name, __COUNTER__ )
      |                                                                                     ^
In file included from main.cpp:84:
./test-logicals-extended.h:150:3: warning: '__COUNTER__' is a C2y extension [-Wc2y-extensions]
  150 |   test_that("logicals type validation") {
      |   ^
/home/pacha/R/x86_64-pc-linux-gnu-library/4.6/testthat/include/testthat/testthat.h:188:20: note: expanded from macro 'test_that'
  188 | # define test_that CATCH_SECTION
      |                    ^
/home/pacha/R/x86_64-pc-linux-gnu-library/4.6/testthat/include/testthat/vendor/catch.hpp:17627:30: note: expanded from macro 'CATCH_SECTION'
 17627 | #define CATCH_SECTION( ... ) INTERNAL_CATCH_SECTION( __VA_ARGS__ )
       |                              ^
/home/pacha/R/x86_64-pc-linux-gnu-library/4.6/testthat/include/testthat/vendor/catch.hpp:2940:31: note: expanded from macro 'INTERNAL_CATCH_SECTION'
 2940 |     if( Catch::Section const& INTERNAL_CATCH_UNIQUE_NAME( catch_internal_Section ) = Catch::SectionInfo( CATCH_INTERNAL_LINEINFO, __VA_ARGS__ ) ) \
      |                               ^
/home/pacha/R/x86_64-pc-linux-gnu-library/4.6/testthat/include/testthat/vendor/catch.hpp:478:85: note: expanded from macro 'INTERNAL_CATCH_UNIQUE_NAME'
  478 | #  define INTERNAL_CATCH_UNIQUE_NAME( name ) INTERNAL_CATCH_UNIQUE_NAME_LINE( name, __COUNTER__ )
      |                                                                                     ^
In file included from main.cpp:84:
./test-logicals-extended.h:156:3: warning: '__COUNTER__' is a C2y extension [-Wc2y-extensions]
  156 |   test_that("logicals empty vector") {
      |   ^
/home/pacha/R/x86_64-pc-linux-gnu-library/4.6/testthat/include/testthat/testthat.h:188:20: note: expanded from macro 'test_that'
  188 | # define test_that CATCH_SECTION
      |                    ^
/home/pacha/R/x86_64-pc-linux-gnu-library/4.6/testthat/include/testthat/vendor/catch.hpp:17627:30: note: expanded from macro 'CATCH_SECTION'
 17627 | #define CATCH_SECTION( ... ) INTERNAL_CATCH_SECTION( __VA_ARGS__ )
       |                              ^
/home/pacha/R/x86_64-pc-linux-gnu-library/4.6/testthat/include/testthat/vendor/catch.hpp:2940:31: note: expanded from macro 'INTERNAL_CATCH_SECTION'
 2940 |     if( Catch::Section const& INTERNAL_CATCH_UNIQUE_NAME( catch_internal_Section ) = Catch::SectionInfo( CATCH_INTERNAL_LINEINFO, __VA_ARGS__ ) ) \
      |                               ^
/home/pacha/R/x86_64-pc-linux-gnu-library/4.6/testthat/include/testthat/vendor/catch.hpp:478:85: note: expanded from macro 'INTERNAL_CATCH_UNIQUE_NAME'
  478 | #  define INTERNAL_CATCH_UNIQUE_NAME( name ) INTERNAL_CATCH_UNIQUE_NAME_LINE( name, __COUNTER__ )
      |                                                                                     ^
In file included from main.cpp:84:
./test-logicals-extended.h:163:3: warning: '__COUNTER__' is a C2y extension [-Wc2y-extensions]
  163 |   test_that("logicals data() accessor") {
      |   ^
/home/pacha/R/x86_64-pc-linux-gnu-library/4.6/testthat/include/testthat/testthat.h:188:20: note: expanded from macro 'test_that'
  188 | # define test_that CATCH_SECTION
      |                    ^
/home/pacha/R/x86_64-pc-linux-gnu-library/4.6/testthat/include/testthat/vendor/catch.hpp:17627:30: note: expanded from macro 'CATCH_SECTION'
 17627 | #define CATCH_SECTION( ... ) INTERNAL_CATCH_SECTION( __VA_ARGS__ )
       |                              ^
/home/pacha/R/x86_64-pc-linux-gnu-library/4.6/testthat/include/testthat/vendor/catch.hpp:2940:31: note: expanded from macro 'INTERNAL_CATCH_SECTION'
 2940 |     if( Catch::Section const& INTERNAL_CATCH_UNIQUE_NAME( catch_internal_Section ) = Catch::SectionInfo( CATCH_INTERNAL_LINEINFO, __VA_ARGS__ ) ) \
      |                               ^
/home/pacha/R/x86_64-pc-linux-gnu-library/4.6/testthat/include/testthat/vendor/catch.hpp:478:85: note: expanded from macro 'INTERNAL_CATCH_UNIQUE_NAME'
  478 | #  define INTERNAL_CATCH_UNIQUE_NAME( name ) INTERNAL_CATCH_UNIQUE_NAME_LINE( name, __COUNTER__ )
      |                                                                                     ^
In file included from main.cpp:84:
./test-logicals-extended.h:182:3: warning: '__COUNTER__' is a C2y extension [-Wc2y-extensions]
  182 |   test_that("r_bool proxy operator== with various types") {
      |   ^
/home/pacha/R/x86_64-pc-linux-gnu-library/4.6/testthat/include/testthat/testthat.h:188:20: note: expanded from macro 'test_that'
  188 | # define test_that CATCH_SECTION
      |                    ^
/home/pacha/R/x86_64-pc-linux-gnu-library/4.6/testthat/include/testthat/vendor/catch.hpp:17627:30: note: expanded from macro 'CATCH_SECTION'
 17627 | #define CATCH_SECTION( ... ) INTERNAL_CATCH_SECTION( __VA_ARGS__ )
       |                              ^
/home/pacha/R/x86_64-pc-linux-gnu-library/4.6/testthat/include/testthat/vendor/catch.hpp:2940:31: note: expanded from macro 'INTERNAL_CATCH_SECTION'
 2940 |     if( Catch::Section const& INTERNAL_CATCH_UNIQUE_NAME( catch_internal_Section ) = Catch::SectionInfo( CATCH_INTERNAL_LINEINFO, __VA_ARGS__ ) ) \
      |                               ^
/home/pacha/R/x86_64-pc-linux-gnu-library/4.6/testthat/include/testthat/vendor/catch.hpp:478:85: note: expanded from macro 'INTERNAL_CATCH_UNIQUE_NAME'
  478 | #  define INTERNAL_CATCH_UNIQUE_NAME( name ) INTERNAL_CATCH_UNIQUE_NAME_LINE( name, __COUNTER__ )
      |                                                                                     ^
In file included from main.cpp:84:
./test-logicals-extended.h:195:3: warning: '__COUNTER__' is a C2y extension [-Wc2y-extensions]
  195 |   test_that("r_bool implicit conversions") {
      |   ^
/home/pacha/R/x86_64-pc-linux-gnu-library/4.6/testthat/include/testthat/testthat.h:188:20: note: expanded from macro 'test_that'
  188 | # define test_that CATCH_SECTION
      |                    ^
/home/pacha/R/x86_64-pc-linux-gnu-library/4.6/testthat/include/testthat/vendor/catch.hpp:17627:30: note: expanded from macro 'CATCH_SECTION'
 17627 | #define CATCH_SECTION( ... ) INTERNAL_CATCH_SECTION( __VA_ARGS__ )
       |                              ^
/home/pacha/R/x86_64-pc-linux-gnu-library/4.6/testthat/include/testthat/vendor/catch.hpp:2940:31: note: expanded from macro 'INTERNAL_CATCH_SECTION'
 2940 |     if( Catch::Section const& INTERNAL_CATCH_UNIQUE_NAME( catch_internal_Section ) = Catch::SectionInfo( CATCH_INTERNAL_LINEINFO, __VA_ARGS__ ) ) \
      |                               ^
/home/pacha/R/x86_64-pc-linux-gnu-library/4.6/testthat/include/testthat/vendor/catch.hpp:478:85: note: expanded from macro 'INTERNAL_CATCH_UNIQUE_NAME'
  478 | #  define INTERNAL_CATCH_UNIQUE_NAME( name ) INTERNAL_CATCH_UNIQUE_NAME_LINE( name, __COUNTER__ )
      |                                                                                     ^
In file included from main.cpp:84:
./test-logicals-extended.h:215:3: warning: '__COUNTER__' is a C2y extension [-Wc2y-extensions]
  215 |   test_that("r_bool NA handling") {
      |   ^
/home/pacha/R/x86_64-pc-linux-gnu-library/4.6/testthat/include/testthat/testthat.h:188:20: note: expanded from macro 'test_that'
  188 | # define test_that CATCH_SECTION
      |                    ^
/home/pacha/R/x86_64-pc-linux-gnu-library/4.6/testthat/include/testthat/vendor/catch.hpp:17627:30: note: expanded from macro 'CATCH_SECTION'
 17627 | #define CATCH_SECTION( ... ) INTERNAL_CATCH_SECTION( __VA_ARGS__ )
       |                              ^
/home/pacha/R/x86_64-pc-linux-gnu-library/4.6/testthat/include/testthat/vendor/catch.hpp:2940:31: note: expanded from macro 'INTERNAL_CATCH_SECTION'
 2940 |     if( Catch::Section const& INTERNAL_CATCH_UNIQUE_NAME( catch_internal_Section ) = Catch::SectionInfo( CATCH_INTERNAL_LINEINFO, __VA_ARGS__ ) ) \
      |                               ^
/home/pacha/R/x86_64-pc-linux-gnu-library/4.6/testthat/include/testthat/vendor/catch.hpp:478:85: note: expanded from macro 'INTERNAL_CATCH_UNIQUE_NAME'
  478 | #  define INTERNAL_CATCH_UNIQUE_NAME( name ) INTERNAL_CATCH_UNIQUE_NAME_LINE( name, __COUNTER__ )
      |                                                                                     ^
In file included from main.cpp:84:
./test-logicals-extended.h:229:3: warning: '__COUNTER__' is a C2y extension [-Wc2y-extensions]
  229 |   test_that("writable logicals iterator arithmetic") {
      |   ^
/home/pacha/R/x86_64-pc-linux-gnu-library/4.6/testthat/include/testthat/testthat.h:188:20: note: expanded from macro 'test_that'
  188 | # define test_that CATCH_SECTION
      |                    ^
/home/pacha/R/x86_64-pc-linux-gnu-library/4.6/testthat/include/testthat/vendor/catch.hpp:17627:30: note: expanded from macro 'CATCH_SECTION'
 17627 | #define CATCH_SECTION( ... ) INTERNAL_CATCH_SECTION( __VA_ARGS__ )
       |                              ^
/home/pacha/R/x86_64-pc-linux-gnu-library/4.6/testthat/include/testthat/vendor/catch.hpp:2940:31: note: expanded from macro 'INTERNAL_CATCH_SECTION'
 2940 |     if( Catch::Section const& INTERNAL_CATCH_UNIQUE_NAME( catch_internal_Section ) = Catch::SectionInfo( CATCH_INTERNAL_LINEINFO, __VA_ARGS__ ) ) \
      |                               ^
/home/pacha/R/x86_64-pc-linux-gnu-library/4.6/testthat/include/testthat/vendor/catch.hpp:478:85: note: expanded from macro 'INTERNAL_CATCH_UNIQUE_NAME'
  478 | #  define INTERNAL_CATCH_UNIQUE_NAME( name ) INTERNAL_CATCH_UNIQUE_NAME_LINE( name, __COUNTER__ )
      |                                                                                     ^
In file included from main.cpp:84:
./test-logicals-extended.h:246:3: warning: '__COUNTER__' is a C2y extension [-Wc2y-extensions]
  246 |   test_that("writable logicals with STL algorithms") {
      |   ^
/home/pacha/R/x86_64-pc-linux-gnu-library/4.6/testthat/include/testthat/testthat.h:188:20: note: expanded from macro 'test_that'
  188 | # define test_that CATCH_SECTION
      |                    ^
/home/pacha/R/x86_64-pc-linux-gnu-library/4.6/testthat/include/testthat/vendor/catch.hpp:17627:30: note: expanded from macro 'CATCH_SECTION'
 17627 | #define CATCH_SECTION( ... ) INTERNAL_CATCH_SECTION( __VA_ARGS__ )
       |                              ^
/home/pacha/R/x86_64-pc-linux-gnu-library/4.6/testthat/include/testthat/vendor/catch.hpp:2940:31: note: expanded from macro 'INTERNAL_CATCH_SECTION'
 2940 |     if( Catch::Section const& INTERNAL_CATCH_UNIQUE_NAME( catch_internal_Section ) = Catch::SectionInfo( CATCH_INTERNAL_LINEINFO, __VA_ARGS__ ) ) \
      |                               ^
/home/pacha/R/x86_64-pc-linux-gnu-library/4.6/testthat/include/testthat/vendor/catch.hpp:478:85: note: expanded from macro 'INTERNAL_CATCH_UNIQUE_NAME'
  478 | #  define INTERNAL_CATCH_UNIQUE_NAME( name ) INTERNAL_CATCH_UNIQUE_NAME_LINE( name, __COUNTER__ )
      |                                                                                     ^
In file included from main.cpp:84:
./test-logicals-extended.h:259:3: warning: '__COUNTER__' is a C2y extension [-Wc2y-extensions]
  259 |   test_that("writable logicals clear") {
      |   ^
/home/pacha/R/x86_64-pc-linux-gnu-library/4.6/testthat/include/testthat/testthat.h:188:20: note: expanded from macro 'test_that'
  188 | # define test_that CATCH_SECTION
      |                    ^
/home/pacha/R/x86_64-pc-linux-gnu-library/4.6/testthat/include/testthat/vendor/catch.hpp:17627:30: note: expanded from macro 'CATCH_SECTION'
 17627 | #define CATCH_SECTION( ... ) INTERNAL_CATCH_SECTION( __VA_ARGS__ )
       |                              ^
/home/pacha/R/x86_64-pc-linux-gnu-library/4.6/testthat/include/testthat/vendor/catch.hpp:2940:31: note: expanded from macro 'INTERNAL_CATCH_SECTION'
 2940 |     if( Catch::Section const& INTERNAL_CATCH_UNIQUE_NAME( catch_internal_Section ) = Catch::SectionInfo( CATCH_INTERNAL_LINEINFO, __VA_ARGS__ ) ) \
      |                               ^
/home/pacha/R/x86_64-pc-linux-gnu-library/4.6/testthat/include/testthat/vendor/catch.hpp:478:85: note: expanded from macro 'INTERNAL_CATCH_UNIQUE_NAME'
  478 | #  define INTERNAL_CATCH_UNIQUE_NAME( name ) INTERNAL_CATCH_UNIQUE_NAME_LINE( name, __COUNTER__ )
      |                                                                                     ^
In file included from main.cpp:84:
./test-logicals-extended.h:268:3: warning: '__COUNTER__' is a C2y extension [-Wc2y-extensions]
  268 |   test_that("writable logicals reserve") {
      |   ^
/home/pacha/R/x86_64-pc-linux-gnu-library/4.6/testthat/include/testthat/testthat.h:188:20: note: expanded from macro 'test_that'
  188 | # define test_that CATCH_SECTION
      |                    ^
/home/pacha/R/x86_64-pc-linux-gnu-library/4.6/testthat/include/testthat/vendor/catch.hpp:17627:30: note: expanded from macro 'CATCH_SECTION'
 17627 | #define CATCH_SECTION( ... ) INTERNAL_CATCH_SECTION( __VA_ARGS__ )
       |                              ^
/home/pacha/R/x86_64-pc-linux-gnu-library/4.6/testthat/include/testthat/vendor/catch.hpp:2940:31: note: expanded from macro 'INTERNAL_CATCH_SECTION'
 2940 |     if( Catch::Section const& INTERNAL_CATCH_UNIQUE_NAME( catch_internal_Section ) = Catch::SectionInfo( CATCH_INTERNAL_LINEINFO, __VA_ARGS__ ) ) \
      |                               ^
/home/pacha/R/x86_64-pc-linux-gnu-library/4.6/testthat/include/testthat/vendor/catch.hpp:478:85: note: expanded from macro 'INTERNAL_CATCH_UNIQUE_NAME'
  478 | #  define INTERNAL_CATCH_UNIQUE_NAME( name ) INTERNAL_CATCH_UNIQUE_NAME_LINE( name, __COUNTER__ )
      |                                                                                     ^
In file included from main.cpp:84:
./test-logicals-extended.h:280:3: warning: '__COUNTER__' is a C2y extension [-Wc2y-extensions]
  280 |   test_that("writable logicals copy constructor") {
      |   ^
/home/pacha/R/x86_64-pc-linux-gnu-library/4.6/testthat/include/testthat/testthat.h:188:20: note: expanded from macro 'test_that'
  188 | # define test_that CATCH_SECTION
      |                    ^
/home/pacha/R/x86_64-pc-linux-gnu-library/4.6/testthat/include/testthat/vendor/catch.hpp:17627:30: note: expanded from macro 'CATCH_SECTION'
 17627 | #define CATCH_SECTION( ... ) INTERNAL_CATCH_SECTION( __VA_ARGS__ )
       |                              ^
/home/pacha/R/x86_64-pc-linux-gnu-library/4.6/testthat/include/testthat/vendor/catch.hpp:2940:31: note: expanded from macro 'INTERNAL_CATCH_SECTION'
 2940 |     if( Catch::Section const& INTERNAL_CATCH_UNIQUE_NAME( catch_internal_Section ) = Catch::SectionInfo( CATCH_INTERNAL_LINEINFO, __VA_ARGS__ ) ) \
      |                               ^
/home/pacha/R/x86_64-pc-linux-gnu-library/4.6/testthat/include/testthat/vendor/catch.hpp:478:85: note: expanded from macro 'INTERNAL_CATCH_UNIQUE_NAME'
  478 | #  define INTERNAL_CATCH_UNIQUE_NAME( name ) INTERNAL_CATCH_UNIQUE_NAME_LINE( name, __COUNTER__ )
      |                                                                                     ^
In file included from main.cpp:84:
./test-logicals-extended.h:295:3: warning: '__COUNTER__' is a C2y extension [-Wc2y-extensions]
  295 |   test_that("writable logicals move constructor") {
      |   ^
/home/pacha/R/x86_64-pc-linux-gnu-library/4.6/testthat/include/testthat/testthat.h:188:20: note: expanded from macro 'test_that'
  188 | # define test_that CATCH_SECTION
      |                    ^
/home/pacha/R/x86_64-pc-linux-gnu-library/4.6/testthat/include/testthat/vendor/catch.hpp:17627:30: note: expanded from macro 'CATCH_SECTION'
 17627 | #define CATCH_SECTION( ... ) INTERNAL_CATCH_SECTION( __VA_ARGS__ )
       |                              ^
/home/pacha/R/x86_64-pc-linux-gnu-library/4.6/testthat/include/testthat/vendor/catch.hpp:2940:31: note: expanded from macro 'INTERNAL_CATCH_SECTION'
 2940 |     if( Catch::Section const& INTERNAL_CATCH_UNIQUE_NAME( catch_internal_Section ) = Catch::SectionInfo( CATCH_INTERNAL_LINEINFO, __VA_ARGS__ ) ) \
      |                               ^
/home/pacha/R/x86_64-pc-linux-gnu-library/4.6/testthat/include/testthat/vendor/catch.hpp:478:85: note: expanded from macro 'INTERNAL_CATCH_UNIQUE_NAME'
  478 | #  define INTERNAL_CATCH_UNIQUE_NAME( name ) INTERNAL_CATCH_UNIQUE_NAME_LINE( name, __COUNTER__ )
      |                                                                                     ^
In file included from main.cpp:84:
./test-logicals-extended.h:307:3: warning: '__COUNTER__' is a C2y extension [-Wc2y-extensions]
  307 |   test_that("writable logicals large vector (region buffer)") {
      |   ^
/home/pacha/R/x86_64-pc-linux-gnu-library/4.6/testthat/include/testthat/testthat.h:188:20: note: expanded from macro 'test_that'
  188 | # define test_that CATCH_SECTION
      |                    ^
/home/pacha/R/x86_64-pc-linux-gnu-library/4.6/testthat/include/testthat/vendor/catch.hpp:17627:30: note: expanded from macro 'CATCH_SECTION'
 17627 | #define CATCH_SECTION( ... ) INTERNAL_CATCH_SECTION( __VA_ARGS__ )
       |                              ^
/home/pacha/R/x86_64-pc-linux-gnu-library/4.6/testthat/include/testthat/vendor/catch.hpp:2940:31: note: expanded from macro 'INTERNAL_CATCH_SECTION'
 2940 |     if( Catch::Section const& INTERNAL_CATCH_UNIQUE_NAME( catch_internal_Section ) = Catch::SectionInfo( CATCH_INTERNAL_LINEINFO, __VA_ARGS__ ) ) \
      |                               ^
/home/pacha/R/x86_64-pc-linux-gnu-library/4.6/testthat/include/testthat/vendor/catch.hpp:478:85: note: expanded from macro 'INTERNAL_CATCH_UNIQUE_NAME'
  478 | #  define INTERNAL_CATCH_UNIQUE_NAME( name ) INTERNAL_CATCH_UNIQUE_NAME_LINE( name, __COUNTER__ )
      |                                                                                     ^
In file included from main.cpp:84:
./test-logicals-extended.h:328:3: warning: '__COUNTER__' is a C2y extension [-Wc2y-extensions]
  328 |   test_that("logicals operator[] with different index types") {
      |   ^
/home/pacha/R/x86_64-pc-linux-gnu-library/4.6/testthat/include/testthat/testthat.h:188:20: note: expanded from macro 'test_that'
  188 | # define test_that CATCH_SECTION
      |                    ^
/home/pacha/R/x86_64-pc-linux-gnu-library/4.6/testthat/include/testthat/vendor/catch.hpp:17627:30: note: expanded from macro 'CATCH_SECTION'
 17627 | #define CATCH_SECTION( ... ) INTERNAL_CATCH_SECTION( __VA_ARGS__ )
       |                              ^
/home/pacha/R/x86_64-pc-linux-gnu-library/4.6/testthat/include/testthat/vendor/catch.hpp:2940:31: note: expanded from macro 'INTERNAL_CATCH_SECTION'
 2940 |     if( Catch::Section const& INTERNAL_CATCH_UNIQUE_NAME( catch_internal_Section ) = Catch::SectionInfo( CATCH_INTERNAL_LINEINFO, __VA_ARGS__ ) ) \
      |                               ^
/home/pacha/R/x86_64-pc-linux-gnu-library/4.6/testthat/include/testthat/vendor/catch.hpp:478:85: note: expanded from macro 'INTERNAL_CATCH_UNIQUE_NAME'
  478 | #  define INTERNAL_CATCH_UNIQUE_NAME( name ) INTERNAL_CATCH_UNIQUE_NAME_LINE( name, __COUNTER__ )
      |                                                                                     ^
In file included from main.cpp:84:
./test-logicals-extended.h:340:3: warning: '__COUNTER__' is a C2y extension [-Wc2y-extensions]
  340 |   test_that("logicals names") {
      |   ^
/home/pacha/R/x86_64-pc-linux-gnu-library/4.6/testthat/include/testthat/testthat.h:188:20: note: expanded from macro 'test_that'
  188 | # define test_that CATCH_SECTION
      |                    ^
/home/pacha/R/x86_64-pc-linux-gnu-library/4.6/testthat/include/testthat/vendor/catch.hpp:17627:30: note: expanded from macro 'CATCH_SECTION'
 17627 | #define CATCH_SECTION( ... ) INTERNAL_CATCH_SECTION( __VA_ARGS__ )
       |                              ^
/home/pacha/R/x86_64-pc-linux-gnu-library/4.6/testthat/include/testthat/vendor/catch.hpp:2940:31: note: expanded from macro 'INTERNAL_CATCH_SECTION'
 2940 |     if( Catch::Section const& INTERNAL_CATCH_UNIQUE_NAME( catch_internal_Section ) = Catch::SectionInfo( CATCH_INTERNAL_LINEINFO, __VA_ARGS__ ) ) \
      |                               ^
/home/pacha/R/x86_64-pc-linux-gnu-library/4.6/testthat/include/testthat/vendor/catch.hpp:478:85: note: expanded from macro 'INTERNAL_CATCH_UNIQUE_NAME'
  478 | #  define INTERNAL_CATCH_UNIQUE_NAME( name ) INTERNAL_CATCH_UNIQUE_NAME_LINE( name, __COUNTER__ )
      |                                                                                     ^
In file included from main.cpp:84:
./test-logicals-extended.h:356:3: warning: '__COUNTER__' is a C2y extension [-Wc2y-extensions]
  356 |   test_that("logicals attributes") {
      |   ^
/home/pacha/R/x86_64-pc-linux-gnu-library/4.6/testthat/include/testthat/testthat.h:188:20: note: expanded from macro 'test_that'
  188 | # define test_that CATCH_SECTION
      |                    ^
/home/pacha/R/x86_64-pc-linux-gnu-library/4.6/testthat/include/testthat/vendor/catch.hpp:17627:30: note: expanded from macro 'CATCH_SECTION'
 17627 | #define CATCH_SECTION( ... ) INTERNAL_CATCH_SECTION( __VA_ARGS__ )
       |                              ^
/home/pacha/R/x86_64-pc-linux-gnu-library/4.6/testthat/include/testthat/vendor/catch.hpp:2940:31: note: expanded from macro 'INTERNAL_CATCH_SECTION'
 2940 |     if( Catch::Section const& INTERNAL_CATCH_UNIQUE_NAME( catch_internal_Section ) = Catch::SectionInfo( CATCH_INTERNAL_LINEINFO, __VA_ARGS__ ) ) \
      |                               ^
/home/pacha/R/x86_64-pc-linux-gnu-library/4.6/testthat/include/testthat/vendor/catch.hpp:478:85: note: expanded from macro 'INTERNAL_CATCH_UNIQUE_NAME'
  478 | #  define INTERNAL_CATCH_UNIQUE_NAME( name ) INTERNAL_CATCH_UNIQUE_NAME_LINE( name, __COUNTER__ )
      |                                                                                     ^
In file included from main.cpp:84:
./test-logicals-extended.h:364:3: warning: '__COUNTER__' is a C2y extension [-Wc2y-extensions]
  364 |   test_that("read-only logicals from writable") {
      |   ^
/home/pacha/R/x86_64-pc-linux-gnu-library/4.6/testthat/include/testthat/testthat.h:188:20: note: expanded from macro 'test_that'
  188 | # define test_that CATCH_SECTION
      |                    ^
/home/pacha/R/x86_64-pc-linux-gnu-library/4.6/testthat/include/testthat/vendor/catch.hpp:17627:30: note: expanded from macro 'CATCH_SECTION'
 17627 | #define CATCH_SECTION( ... ) INTERNAL_CATCH_SECTION( __VA_ARGS__ )
       |                              ^
/home/pacha/R/x86_64-pc-linux-gnu-library/4.6/testthat/include/testthat/vendor/catch.hpp:2940:31: note: expanded from macro 'INTERNAL_CATCH_SECTION'
 2940 |     if( Catch::Section const& INTERNAL_CATCH_UNIQUE_NAME( catch_internal_Section ) = Catch::SectionInfo( CATCH_INTERNAL_LINEINFO, __VA_ARGS__ ) ) \
      |                               ^
/home/pacha/R/x86_64-pc-linux-gnu-library/4.6/testthat/include/testthat/vendor/catch.hpp:478:85: note: expanded from macro 'INTERNAL_CATCH_UNIQUE_NAME'
  478 | #  define INTERNAL_CATCH_UNIQUE_NAME( name ) INTERNAL_CATCH_UNIQUE_NAME_LINE( name, __COUNTER__ )
      |                                                                                     ^
In file included from main.cpp:84:
./test-logicals-extended.h:378:3: warning: '__COUNTER__' is a C2y extension [-Wc2y-extensions]
  378 |   test_that("logicals all_true / any_true like patterns") {
      |   ^
/home/pacha/R/x86_64-pc-linux-gnu-library/4.6/testthat/include/testthat/testthat.h:188:20: note: expanded from macro 'test_that'
  188 | # define test_that CATCH_SECTION
      |                    ^
/home/pacha/R/x86_64-pc-linux-gnu-library/4.6/testthat/include/testthat/vendor/catch.hpp:17627:30: note: expanded from macro 'CATCH_SECTION'
 17627 | #define CATCH_SECTION( ... ) INTERNAL_CATCH_SECTION( __VA_ARGS__ )
       |                              ^
/home/pacha/R/x86_64-pc-linux-gnu-library/4.6/testthat/include/testthat/vendor/catch.hpp:2940:31: note: expanded from macro 'INTERNAL_CATCH_SECTION'
 2940 |     if( Catch::Section const& INTERNAL_CATCH_UNIQUE_NAME( catch_internal_Section ) = Catch::SectionInfo( CATCH_INTERNAL_LINEINFO, __VA_ARGS__ ) ) \
      |                               ^
/home/pacha/R/x86_64-pc-linux-gnu-library/4.6/testthat/include/testthat/vendor/catch.hpp:478:85: note: expanded from macro 'INTERNAL_CATCH_UNIQUE_NAME'
  478 | #  define INTERNAL_CATCH_UNIQUE_NAME( name ) INTERNAL_CATCH_UNIQUE_NAME_LINE( name, __COUNTER__ )
      |                                                                                     ^
In file included from main.cpp:84:
./test-logicals-extended.h:395:3: warning: '__COUNTER__' is a C2y extension [-Wc2y-extensions]
  395 |   test_that("logicals toggle values") {
      |   ^
/home/pacha/R/x86_64-pc-linux-gnu-library/4.6/testthat/include/testthat/testthat.h:188:20: note: expanded from macro 'test_that'
  188 | # define test_that CATCH_SECTION
      |                    ^
/home/pacha/R/x86_64-pc-linux-gnu-library/4.6/testthat/include/testthat/vendor/catch.hpp:17627:30: note: expanded from macro 'CATCH_SECTION'
 17627 | #define CATCH_SECTION( ... ) INTERNAL_CATCH_SECTION( __VA_ARGS__ )
       |                              ^
/home/pacha/R/x86_64-pc-linux-gnu-library/4.6/testthat/include/testthat/vendor/catch.hpp:2940:31: note: expanded from macro 'INTERNAL_CATCH_SECTION'
 2940 |     if( Catch::Section const& INTERNAL_CATCH_UNIQUE_NAME( catch_internal_Section ) = Catch::SectionInfo( CATCH_INTERNAL_LINEINFO, __VA_ARGS__ ) ) \
      |                               ^
/home/pacha/R/x86_64-pc-linux-gnu-library/4.6/testthat/include/testthat/vendor/catch.hpp:478:85: note: expanded from macro 'INTERNAL_CATCH_UNIQUE_NAME'
  478 | #  define INTERNAL_CATCH_UNIQUE_NAME( name ) INTERNAL_CATCH_UNIQUE_NAME_LINE( name, __COUNTER__ )
      |                                                                                     ^
In file included from main.cpp:84:
./test-logicals-extended.h:415:3: warning: '__COUNTER__' is a C2y extension [-Wc2y-extensions]
  415 |   test_that("logicals get_region with various sizes") {
      |   ^
/home/pacha/R/x86_64-pc-linux-gnu-library/4.6/testthat/include/testthat/testthat.h:188:20: note: expanded from macro 'test_that'
  188 | # define test_that CATCH_SECTION
      |                    ^
/home/pacha/R/x86_64-pc-linux-gnu-library/4.6/testthat/include/testthat/vendor/catch.hpp:17627:30: note: expanded from macro 'CATCH_SECTION'
 17627 | #define CATCH_SECTION( ... ) INTERNAL_CATCH_SECTION( __VA_ARGS__ )
       |                              ^
/home/pacha/R/x86_64-pc-linux-gnu-library/4.6/testthat/include/testthat/vendor/catch.hpp:2940:31: note: expanded from macro 'INTERNAL_CATCH_SECTION'
 2940 |     if( Catch::Section const& INTERNAL_CATCH_UNIQUE_NAME( catch_internal_Section ) = Catch::SectionInfo( CATCH_INTERNAL_LINEINFO, __VA_ARGS__ ) ) \
      |                               ^
/home/pacha/R/x86_64-pc-linux-gnu-library/4.6/testthat/include/testthat/vendor/catch.hpp:478:85: note: expanded from macro 'INTERNAL_CATCH_UNIQUE_NAME'
  478 | #  define INTERNAL_CATCH_UNIQUE_NAME( name ) INTERNAL_CATCH_UNIQUE_NAME_LINE( name, __COUNTER__ )
      |                                                                                     ^
In file included from main.cpp:84:
./test-logicals-extended.h:435:3: warning: '__COUNTER__' is a C2y extension [-Wc2y-extensions]
  435 |   test_that("logicals read-only large vector iteration (triggers buffering)") {
      |   ^
/home/pacha/R/x86_64-pc-linux-gnu-library/4.6/testthat/include/testthat/testthat.h:188:20: note: expanded from macro 'test_that'
  188 | # define test_that CATCH_SECTION
      |                    ^
/home/pacha/R/x86_64-pc-linux-gnu-library/4.6/testthat/include/testthat/vendor/catch.hpp:17627:30: note: expanded from macro 'CATCH_SECTION'
 17627 | #define CATCH_SECTION( ... ) INTERNAL_CATCH_SECTION( __VA_ARGS__ )
       |                              ^
/home/pacha/R/x86_64-pc-linux-gnu-library/4.6/testthat/include/testthat/vendor/catch.hpp:2940:31: note: expanded from macro 'INTERNAL_CATCH_SECTION'
 2940 |     if( Catch::Section const& INTERNAL_CATCH_UNIQUE_NAME( catch_internal_Section ) = Catch::SectionInfo( CATCH_INTERNAL_LINEINFO, __VA_ARGS__ ) ) \
      |                               ^
/home/pacha/R/x86_64-pc-linux-gnu-library/4.6/testthat/include/testthat/vendor/catch.hpp:478:85: note: expanded from macro 'INTERNAL_CATCH_UNIQUE_NAME'
  478 | #  define INTERNAL_CATCH_UNIQUE_NAME( name ) INTERNAL_CATCH_UNIQUE_NAME_LINE( name, __COUNTER__ )
      |                                                                                     ^
In file included from main.cpp:84:
./test-logicals-extended.h:460:3: warning: '__COUNTER__' is a C2y extension [-Wc2y-extensions]
  460 |   test_that("logicals at() bounds checking") {
      |   ^
/home/pacha/R/x86_64-pc-linux-gnu-library/4.6/testthat/include/testthat/testthat.h:188:20: note: expanded from macro 'test_that'
  188 | # define test_that CATCH_SECTION
      |                    ^
/home/pacha/R/x86_64-pc-linux-gnu-library/4.6/testthat/include/testthat/vendor/catch.hpp:17627:30: note: expanded from macro 'CATCH_SECTION'
 17627 | #define CATCH_SECTION( ... ) INTERNAL_CATCH_SECTION( __VA_ARGS__ )
       |                              ^
/home/pacha/R/x86_64-pc-linux-gnu-library/4.6/testthat/include/testthat/vendor/catch.hpp:2940:31: note: expanded from macro 'INTERNAL_CATCH_SECTION'
 2940 |     if( Catch::Section const& INTERNAL_CATCH_UNIQUE_NAME( catch_internal_Section ) = Catch::SectionInfo( CATCH_INTERNAL_LINEINFO, __VA_ARGS__ ) ) \
      |                               ^
/home/pacha/R/x86_64-pc-linux-gnu-library/4.6/testthat/include/testthat/vendor/catch.hpp:478:85: note: expanded from macro 'INTERNAL_CATCH_UNIQUE_NAME'
  478 | #  define INTERNAL_CATCH_UNIQUE_NAME( name ) INTERNAL_CATCH_UNIQUE_NAME_LINE( name, __COUNTER__ )
      |                                                                                     ^
In file included from main.cpp:84:
./test-logicals-extended.h:473:3: warning: '__COUNTER__' is a C2y extension [-Wc2y-extensions]
  473 |   test_that("logicals front and back equivalents") {
      |   ^
/home/pacha/R/x86_64-pc-linux-gnu-library/4.6/testthat/include/testthat/testthat.h:188:20: note: expanded from macro 'test_that'
  188 | # define test_that CATCH_SECTION
      |                    ^
/home/pacha/R/x86_64-pc-linux-gnu-library/4.6/testthat/include/testthat/vendor/catch.hpp:17627:30: note: expanded from macro 'CATCH_SECTION'
 17627 | #define CATCH_SECTION( ... ) INTERNAL_CATCH_SECTION( __VA_ARGS__ )
       |                              ^
/home/pacha/R/x86_64-pc-linux-gnu-library/4.6/testthat/include/testthat/vendor/catch.hpp:2940:31: note: expanded from macro 'INTERNAL_CATCH_SECTION'
 2940 |     if( Catch::Section const& INTERNAL_CATCH_UNIQUE_NAME( catch_internal_Section ) = Catch::SectionInfo( CATCH_INTERNAL_LINEINFO, __VA_ARGS__ ) ) \
      |                               ^
/home/pacha/R/x86_64-pc-linux-gnu-library/4.6/testthat/include/testthat/vendor/catch.hpp:478:85: note: expanded from macro 'INTERNAL_CATCH_UNIQUE_NAME'
  478 | #  define INTERNAL_CATCH_UNIQUE_NAME( name ) INTERNAL_CATCH_UNIQUE_NAME_LINE( name, __COUNTER__ )
      |                                                                                     ^
In file included from main.cpp:84:
./test-logicals-extended.h:484:3: warning: '__COUNTER__' is a C2y extension [-Wc2y-extensions]
  484 |   test_that("logicals value method") {
      |   ^
/home/pacha/R/x86_64-pc-linux-gnu-library/4.6/testthat/include/testthat/testthat.h:188:20: note: expanded from macro 'test_that'
  188 | # define test_that CATCH_SECTION
      |                    ^
/home/pacha/R/x86_64-pc-linux-gnu-library/4.6/testthat/include/testthat/vendor/catch.hpp:17627:30: note: expanded from macro 'CATCH_SECTION'
 17627 | #define CATCH_SECTION( ... ) INTERNAL_CATCH_SECTION( __VA_ARGS__ )
       |                              ^
/home/pacha/R/x86_64-pc-linux-gnu-library/4.6/testthat/include/testthat/vendor/catch.hpp:2940:31: note: expanded from macro 'INTERNAL_CATCH_SECTION'
 2940 |     if( Catch::Section const& INTERNAL_CATCH_UNIQUE_NAME( catch_internal_Section ) = Catch::SectionInfo( CATCH_INTERNAL_LINEINFO, __VA_ARGS__ ) ) \
      |                               ^
/home/pacha/R/x86_64-pc-linux-gnu-library/4.6/testthat/include/testthat/vendor/catch.hpp:478:85: note: expanded from macro 'INTERNAL_CATCH_UNIQUE_NAME'
  478 | #  define INTERNAL_CATCH_UNIQUE_NAME( name ) INTERNAL_CATCH_UNIQUE_NAME_LINE( name, __COUNTER__ )
      |                                                                                     ^
In file included from main.cpp:84:
./test-logicals-extended.h:497:3: warning: '__COUNTER__' is a C2y extension [-Wc2y-extensions]
  497 |   test_that("logicals set_elt direct") {
      |   ^
/home/pacha/R/x86_64-pc-linux-gnu-library/4.6/testthat/include/testthat/testthat.h:188:20: note: expanded from macro 'test_that'
  188 | # define test_that CATCH_SECTION
      |                    ^
/home/pacha/R/x86_64-pc-linux-gnu-library/4.6/testthat/include/testthat/vendor/catch.hpp:17627:30: note: expanded from macro 'CATCH_SECTION'
 17627 | #define CATCH_SECTION( ... ) INTERNAL_CATCH_SECTION( __VA_ARGS__ )
       |                              ^
/home/pacha/R/x86_64-pc-linux-gnu-library/4.6/testthat/include/testthat/vendor/catch.hpp:2940:31: note: expanded from macro 'INTERNAL_CATCH_SECTION'
 2940 |     if( Catch::Section const& INTERNAL_CATCH_UNIQUE_NAME( catch_internal_Section ) = Catch::SectionInfo( CATCH_INTERNAL_LINEINFO, __VA_ARGS__ ) ) \
      |                               ^
/home/pacha/R/x86_64-pc-linux-gnu-library/4.6/testthat/include/testthat/vendor/catch.hpp:478:85: note: expanded from macro 'INTERNAL_CATCH_UNIQUE_NAME'
  478 | #  define INTERNAL_CATCH_UNIQUE_NAME( name ) INTERNAL_CATCH_UNIQUE_NAME_LINE( name, __COUNTER__ )
      |                                                                                     ^
In file included from main.cpp:84:
./test-logicals-extended.h:513:3: warning: '__COUNTER__' is a C2y extension [-Wc2y-extensions]
  513 |   test_that("logicals get_p returns pointer") {
      |   ^
/home/pacha/R/x86_64-pc-linux-gnu-library/4.6/testthat/include/testthat/testthat.h:188:20: note: expanded from macro 'test_that'
  188 | # define test_that CATCH_SECTION
      |                    ^
/home/pacha/R/x86_64-pc-linux-gnu-library/4.6/testthat/include/testthat/vendor/catch.hpp:17627:30: note: expanded from macro 'CATCH_SECTION'
 17627 | #define CATCH_SECTION( ... ) INTERNAL_CATCH_SECTION( __VA_ARGS__ )
       |                              ^
/home/pacha/R/x86_64-pc-linux-gnu-library/4.6/testthat/include/testthat/vendor/catch.hpp:2940:31: note: expanded from macro 'INTERNAL_CATCH_SECTION'
 2940 |     if( Catch::Section const& INTERNAL_CATCH_UNIQUE_NAME( catch_internal_Section ) = Catch::SectionInfo( CATCH_INTERNAL_LINEINFO, __VA_ARGS__ ) ) \
      |                               ^
/home/pacha/R/x86_64-pc-linux-gnu-library/4.6/testthat/include/testthat/vendor/catch.hpp:478:85: note: expanded from macro 'INTERNAL_CATCH_UNIQUE_NAME'
  478 | #  define INTERNAL_CATCH_UNIQUE_NAME( name ) INTERNAL_CATCH_UNIQUE_NAME_LINE( name, __COUNTER__ )
      |                                                                                     ^
In file included from main.cpp:84:
./test-logicals-extended.h:526:3: warning: '__COUNTER__' is a C2y extension [-Wc2y-extensions]
  526 |   test_that("logicals read from SEXP exercises get_elt") {
      |   ^
/home/pacha/R/x86_64-pc-linux-gnu-library/4.6/testthat/include/testthat/testthat.h:188:20: note: expanded from macro 'test_that'
  188 | # define test_that CATCH_SECTION
      |                    ^
/home/pacha/R/x86_64-pc-linux-gnu-library/4.6/testthat/include/testthat/vendor/catch.hpp:17627:30: note: expanded from macro 'CATCH_SECTION'
 17627 | #define CATCH_SECTION( ... ) INTERNAL_CATCH_SECTION( __VA_ARGS__ )
       |                              ^
/home/pacha/R/x86_64-pc-linux-gnu-library/4.6/testthat/include/testthat/vendor/catch.hpp:2940:31: note: expanded from macro 'INTERNAL_CATCH_SECTION'
 2940 |     if( Catch::Section const& INTERNAL_CATCH_UNIQUE_NAME( catch_internal_Section ) = Catch::SectionInfo( CATCH_INTERNAL_LINEINFO, __VA_ARGS__ ) ) \
      |                               ^
/home/pacha/R/x86_64-pc-linux-gnu-library/4.6/testthat/include/testthat/vendor/catch.hpp:478:85: note: expanded from macro 'INTERNAL_CATCH_UNIQUE_NAME'
  478 | #  define INTERNAL_CATCH_UNIQUE_NAME( name ) INTERNAL_CATCH_UNIQUE_NAME_LINE( name, __COUNTER__ )
      |                                                                                     ^
In file included from main.cpp:84:
./test-logicals-extended.h:546:3: warning: '__COUNTER__' is a C2y extension [-Wc2y-extensions]
  546 |   test_that("logicals writable proxy operator== with r_bool") {
      |   ^
/home/pacha/R/x86_64-pc-linux-gnu-library/4.6/testthat/include/testthat/testthat.h:188:20: note: expanded from macro 'test_that'
  188 | # define test_that CATCH_SECTION
      |                    ^
/home/pacha/R/x86_64-pc-linux-gnu-library/4.6/testthat/include/testthat/vendor/catch.hpp:17627:30: note: expanded from macro 'CATCH_SECTION'
 17627 | #define CATCH_SECTION( ... ) INTERNAL_CATCH_SECTION( __VA_ARGS__ )
       |                              ^
/home/pacha/R/x86_64-pc-linux-gnu-library/4.6/testthat/include/testthat/vendor/catch.hpp:2940:31: note: expanded from macro 'INTERNAL_CATCH_SECTION'
 2940 |     if( Catch::Section const& INTERNAL_CATCH_UNIQUE_NAME( catch_internal_Section ) = Catch::SectionInfo( CATCH_INTERNAL_LINEINFO, __VA_ARGS__ ) ) \
      |                               ^
/home/pacha/R/x86_64-pc-linux-gnu-library/4.6/testthat/include/testthat/vendor/catch.hpp:478:85: note: expanded from macro 'INTERNAL_CATCH_UNIQUE_NAME'
  478 | #  define INTERNAL_CATCH_UNIQUE_NAME( name ) INTERNAL_CATCH_UNIQUE_NAME_LINE( name, __COUNTER__ )
      |                                                                                     ^
In file included from main.cpp:84:
./test-logicals-extended.h:568:3: warning: '__COUNTER__' is a C2y extension [-Wc2y-extensions]
  568 |   test_that("logicals get_sexptype returns LGLSXP") {
      |   ^
/home/pacha/R/x86_64-pc-linux-gnu-library/4.6/testthat/include/testthat/testthat.h:188:20: note: expanded from macro 'test_that'
  188 | # define test_that CATCH_SECTION
      |                    ^
/home/pacha/R/x86_64-pc-linux-gnu-library/4.6/testthat/include/testthat/vendor/catch.hpp:17627:30: note: expanded from macro 'CATCH_SECTION'
 17627 | #define CATCH_SECTION( ... ) INTERNAL_CATCH_SECTION( __VA_ARGS__ )
       |                              ^
/home/pacha/R/x86_64-pc-linux-gnu-library/4.6/testthat/include/testthat/vendor/catch.hpp:2940:31: note: expanded from macro 'INTERNAL_CATCH_SECTION'
 2940 |     if( Catch::Section const& INTERNAL_CATCH_UNIQUE_NAME( catch_internal_Section ) = Catch::SectionInfo( CATCH_INTERNAL_LINEINFO, __VA_ARGS__ ) ) \
      |                               ^
/home/pacha/R/x86_64-pc-linux-gnu-library/4.6/testthat/include/testthat/vendor/catch.hpp:478:85: note: expanded from macro 'INTERNAL_CATCH_UNIQUE_NAME'
  478 | #  define INTERNAL_CATCH_UNIQUE_NAME( name ) INTERNAL_CATCH_UNIQUE_NAME_LINE( name, __COUNTER__ )
      |                                                                                     ^
In file included from main.cpp:84:
./test-logicals-extended.h:575:3: warning: '__COUNTER__' is a C2y extension [-Wc2y-extensions]
  575 |   test_that("logicals get_elt accessed via operator[] on read-only") {
      |   ^
/home/pacha/R/x86_64-pc-linux-gnu-library/4.6/testthat/include/testthat/testthat.h:188:20: note: expanded from macro 'test_that'
  188 | # define test_that CATCH_SECTION
      |                    ^
/home/pacha/R/x86_64-pc-linux-gnu-library/4.6/testthat/include/testthat/vendor/catch.hpp:17627:30: note: expanded from macro 'CATCH_SECTION'
 17627 | #define CATCH_SECTION( ... ) INTERNAL_CATCH_SECTION( __VA_ARGS__ )
       |                              ^
/home/pacha/R/x86_64-pc-linux-gnu-library/4.6/testthat/include/testthat/vendor/catch.hpp:2940:31: note: expanded from macro 'INTERNAL_CATCH_SECTION'
 2940 |     if( Catch::Section const& INTERNAL_CATCH_UNIQUE_NAME( catch_internal_Section ) = Catch::SectionInfo( CATCH_INTERNAL_LINEINFO, __VA_ARGS__ ) ) \
      |                               ^
/home/pacha/R/x86_64-pc-linux-gnu-library/4.6/testthat/include/testthat/vendor/catch.hpp:478:85: note: expanded from macro 'INTERNAL_CATCH_UNIQUE_NAME'
  478 | #  define INTERNAL_CATCH_UNIQUE_NAME( name ) INTERNAL_CATCH_UNIQUE_NAME_LINE( name, __COUNTER__ )
      |                                                                                     ^
In file included from main.cpp:84:
./test-logicals-extended.h:594:3: warning: '__COUNTER__' is a C2y extension [-Wc2y-extensions]
  594 |   test_that("logicals get_p for writable non-ALTREP") {
      |   ^
/home/pacha/R/x86_64-pc-linux-gnu-library/4.6/testthat/include/testthat/testthat.h:188:20: note: expanded from macro 'test_that'
  188 | # define test_that CATCH_SECTION
      |                    ^
/home/pacha/R/x86_64-pc-linux-gnu-library/4.6/testthat/include/testthat/vendor/catch.hpp:17627:30: note: expanded from macro 'CATCH_SECTION'
 17627 | #define CATCH_SECTION( ... ) INTERNAL_CATCH_SECTION( __VA_ARGS__ )
       |                              ^
/home/pacha/R/x86_64-pc-linux-gnu-library/4.6/testthat/include/testthat/vendor/catch.hpp:2940:31: note: expanded from macro 'INTERNAL_CATCH_SECTION'
 2940 |     if( Catch::Section const& INTERNAL_CATCH_UNIQUE_NAME( catch_internal_Section ) = Catch::SectionInfo( CATCH_INTERNAL_LINEINFO, __VA_ARGS__ ) ) \
      |                               ^
/home/pacha/R/x86_64-pc-linux-gnu-library/4.6/testthat/include/testthat/vendor/catch.hpp:478:85: note: expanded from macro 'INTERNAL_CATCH_UNIQUE_NAME'
  478 | #  define INTERNAL_CATCH_UNIQUE_NAME( name ) INTERNAL_CATCH_UNIQUE_NAME_LINE( name, __COUNTER__ )
      |                                                                                     ^
In file included from main.cpp:84:
./test-logicals-extended.h:605:3: warning: '__COUNTER__' is a C2y extension [-Wc2y-extensions]
  605 |   test_that("logicals get_const_p for read-only non-ALTREP") {
      |   ^
/home/pacha/R/x86_64-pc-linux-gnu-library/4.6/testthat/include/testthat/testthat.h:188:20: note: expanded from macro 'test_that'
  188 | # define test_that CATCH_SECTION
      |                    ^
/home/pacha/R/x86_64-pc-linux-gnu-library/4.6/testthat/include/testthat/vendor/catch.hpp:17627:30: note: expanded from macro 'CATCH_SECTION'
 17627 | #define CATCH_SECTION( ... ) INTERNAL_CATCH_SECTION( __VA_ARGS__ )
       |                              ^
/home/pacha/R/x86_64-pc-linux-gnu-library/4.6/testthat/include/testthat/vendor/catch.hpp:2940:31: note: expanded from macro 'INTERNAL_CATCH_SECTION'
 2940 |     if( Catch::Section const& INTERNAL_CATCH_UNIQUE_NAME( catch_internal_Section ) = Catch::SectionInfo( CATCH_INTERNAL_LINEINFO, __VA_ARGS__ ) ) \
      |                               ^
/home/pacha/R/x86_64-pc-linux-gnu-library/4.6/testthat/include/testthat/vendor/catch.hpp:478:85: note: expanded from macro 'INTERNAL_CATCH_UNIQUE_NAME'
  478 | #  define INTERNAL_CATCH_UNIQUE_NAME( name ) INTERNAL_CATCH_UNIQUE_NAME_LINE( name, __COUNTER__ )
      |                                                                                     ^
In file included from main.cpp:84:
./test-logicals-extended.h:623:3: warning: '__COUNTER__' is a C2y extension [-Wc2y-extensions]
  623 |   test_that("logicals set_elt via writable proxy assignment") {
      |   ^
/home/pacha/R/x86_64-pc-linux-gnu-library/4.6/testthat/include/testthat/testthat.h:188:20: note: expanded from macro 'test_that'
  188 | # define test_that CATCH_SECTION
      |                    ^
/home/pacha/R/x86_64-pc-linux-gnu-library/4.6/testthat/include/testthat/vendor/catch.hpp:17627:30: note: expanded from macro 'CATCH_SECTION'
 17627 | #define CATCH_SECTION( ... ) INTERNAL_CATCH_SECTION( __VA_ARGS__ )
       |                              ^
/home/pacha/R/x86_64-pc-linux-gnu-library/4.6/testthat/include/testthat/vendor/catch.hpp:2940:31: note: expanded from macro 'INTERNAL_CATCH_SECTION'
 2940 |     if( Catch::Section const& INTERNAL_CATCH_UNIQUE_NAME( catch_internal_Section ) = Catch::SectionInfo( CATCH_INTERNAL_LINEINFO, __VA_ARGS__ ) ) \
      |                               ^
/home/pacha/R/x86_64-pc-linux-gnu-library/4.6/testthat/include/testthat/vendor/catch.hpp:478:85: note: expanded from macro 'INTERNAL_CATCH_UNIQUE_NAME'
  478 | #  define INTERNAL_CATCH_UNIQUE_NAME( name ) INTERNAL_CATCH_UNIQUE_NAME_LINE( name, __COUNTER__ )
      |                                                                                     ^
In file included from main.cpp:84:
./test-logicals-extended.h:638:3: warning: '__COUNTER__' is a C2y extension [-Wc2y-extensions]
  638 |   test_that("logicals use_buf returns true for ALTREP-like iteration") {
      |   ^
/home/pacha/R/x86_64-pc-linux-gnu-library/4.6/testthat/include/testthat/testthat.h:188:20: note: expanded from macro 'test_that'
  188 | # define test_that CATCH_SECTION
      |                    ^
/home/pacha/R/x86_64-pc-linux-gnu-library/4.6/testthat/include/testthat/vendor/catch.hpp:17627:30: note: expanded from macro 'CATCH_SECTION'
 17627 | #define CATCH_SECTION( ... ) INTERNAL_CATCH_SECTION( __VA_ARGS__ )
       |                              ^
/home/pacha/R/x86_64-pc-linux-gnu-library/4.6/testthat/include/testthat/vendor/catch.hpp:2940:31: note: expanded from macro 'INTERNAL_CATCH_SECTION'
 2940 |     if( Catch::Section const& INTERNAL_CATCH_UNIQUE_NAME( catch_internal_Section ) = Catch::SectionInfo( CATCH_INTERNAL_LINEINFO, __VA_ARGS__ ) ) \
      |                               ^
/home/pacha/R/x86_64-pc-linux-gnu-library/4.6/testthat/include/testthat/vendor/catch.hpp:478:85: note: expanded from macro 'INTERNAL_CATCH_UNIQUE_NAME'
  478 | #  define INTERNAL_CATCH_UNIQUE_NAME( name ) INTERNAL_CATCH_UNIQUE_NAME_LINE( name, __COUNTER__ )
      |                                                                                     ^
In file included from main.cpp:84:
./test-logicals-extended.h:659:3: warning: '__COUNTER__' is a C2y extension [-Wc2y-extensions]
  659 |   test_that("logicals get_region via iterator on large vector") {
      |   ^
/home/pacha/R/x86_64-pc-linux-gnu-library/4.6/testthat/include/testthat/testthat.h:188:20: note: expanded from macro 'test_that'
  188 | # define test_that CATCH_SECTION
      |                    ^
/home/pacha/R/x86_64-pc-linux-gnu-library/4.6/testthat/include/testthat/vendor/catch.hpp:17627:30: note: expanded from macro 'CATCH_SECTION'
 17627 | #define CATCH_SECTION( ... ) INTERNAL_CATCH_SECTION( __VA_ARGS__ )
       |                              ^
/home/pacha/R/x86_64-pc-linux-gnu-library/4.6/testthat/include/testthat/vendor/catch.hpp:2940:31: note: expanded from macro 'INTERNAL_CATCH_SECTION'
 2940 |     if( Catch::Section const& INTERNAL_CATCH_UNIQUE_NAME( catch_internal_Section ) = Catch::SectionInfo( CATCH_INTERNAL_LINEINFO, __VA_ARGS__ ) ) \
      |                               ^
/home/pacha/R/x86_64-pc-linux-gnu-library/4.6/testthat/include/testthat/vendor/catch.hpp:478:85: note: expanded from macro 'INTERNAL_CATCH_UNIQUE_NAME'
  478 | #  define INTERNAL_CATCH_UNIQUE_NAME( name ) INTERNAL_CATCH_UNIQUE_NAME_LINE( name, __COUNTER__ )
      |                                                                                     ^
In file included from main.cpp:84:
./test-logicals-extended.h:684:3: warning: '__COUNTER__' is a C2y extension [-Wc2y-extensions]
  684 |   test_that("logicals writable::operator== returns correct results") {
      |   ^
/home/pacha/R/x86_64-pc-linux-gnu-library/4.6/testthat/include/testthat/testthat.h:188:20: note: expanded from macro 'test_that'
  188 | # define test_that CATCH_SECTION
      |                    ^
/home/pacha/R/x86_64-pc-linux-gnu-library/4.6/testthat/include/testthat/vendor/catch.hpp:17627:30: note: expanded from macro 'CATCH_SECTION'
 17627 | #define CATCH_SECTION( ... ) INTERNAL_CATCH_SECTION( __VA_ARGS__ )
       |                              ^
/home/pacha/R/x86_64-pc-linux-gnu-library/4.6/testthat/include/testthat/vendor/catch.hpp:2940:31: note: expanded from macro 'INTERNAL_CATCH_SECTION'
 2940 |     if( Catch::Section const& INTERNAL_CATCH_UNIQUE_NAME( catch_internal_Section ) = Catch::SectionInfo( CATCH_INTERNAL_LINEINFO, __VA_ARGS__ ) ) \
      |                               ^
/home/pacha/R/x86_64-pc-linux-gnu-library/4.6/testthat/include/testthat/vendor/catch.hpp:478:85: note: expanded from macro 'INTERNAL_CATCH_UNIQUE_NAME'
  478 | #  define INTERNAL_CATCH_UNIQUE_NAME( name ) INTERNAL_CATCH_UNIQUE_NAME_LINE( name, __COUNTER__ )
      |                                                                                     ^
In file included from main.cpp:84:
./test-logicals-extended.h:712:3: warning: '__COUNTER__' is a C2y extension [-Wc2y-extensions]
  712 |   test_that("logicals proxy to r_bool conversion for equality") {
      |   ^
/home/pacha/R/x86_64-pc-linux-gnu-library/4.6/testthat/include/testthat/testthat.h:188:20: note: expanded from macro 'test_that'
  188 | # define test_that CATCH_SECTION
      |                    ^
/home/pacha/R/x86_64-pc-linux-gnu-library/4.6/testthat/include/testthat/vendor/catch.hpp:17627:30: note: expanded from macro 'CATCH_SECTION'
 17627 | #define CATCH_SECTION( ... ) INTERNAL_CATCH_SECTION( __VA_ARGS__ )
       |                              ^
/home/pacha/R/x86_64-pc-linux-gnu-library/4.6/testthat/include/testthat/vendor/catch.hpp:2940:31: note: expanded from macro 'INTERNAL_CATCH_SECTION'
 2940 |     if( Catch::Section const& INTERNAL_CATCH_UNIQUE_NAME( catch_internal_Section ) = Catch::SectionInfo( CATCH_INTERNAL_LINEINFO, __VA_ARGS__ ) ) \
      |                               ^
/home/pacha/R/x86_64-pc-linux-gnu-library/4.6/testthat/include/testthat/vendor/catch.hpp:478:85: note: expanded from macro 'INTERNAL_CATCH_UNIQUE_NAME'
  478 | #  define INTERNAL_CATCH_UNIQUE_NAME( name ) INTERNAL_CATCH_UNIQUE_NAME_LINE( name, __COUNTER__ )
      |                                                                                     ^
In file included from main.cpp:84:
./test-logicals-extended.h:723:3: warning: '__COUNTER__' is a C2y extension [-Wc2y-extensions]
  723 |   test_that("logicals iterator operator* returns r_bool") {
      |   ^
/home/pacha/R/x86_64-pc-linux-gnu-library/4.6/testthat/include/testthat/testthat.h:188:20: note: expanded from macro 'test_that'
  188 | # define test_that CATCH_SECTION
      |                    ^
/home/pacha/R/x86_64-pc-linux-gnu-library/4.6/testthat/include/testthat/vendor/catch.hpp:17627:30: note: expanded from macro 'CATCH_SECTION'
 17627 | #define CATCH_SECTION( ... ) INTERNAL_CATCH_SECTION( __VA_ARGS__ )
       |                              ^
/home/pacha/R/x86_64-pc-linux-gnu-library/4.6/testthat/include/testthat/vendor/catch.hpp:2940:31: note: expanded from macro 'INTERNAL_CATCH_SECTION'
 2940 |     if( Catch::Section const& INTERNAL_CATCH_UNIQUE_NAME( catch_internal_Section ) = Catch::SectionInfo( CATCH_INTERNAL_LINEINFO, __VA_ARGS__ ) ) \
      |                               ^
/home/pacha/R/x86_64-pc-linux-gnu-library/4.6/testthat/include/testthat/vendor/catch.hpp:478:85: note: expanded from macro 'INTERNAL_CATCH_UNIQUE_NAME'
  478 | #  define INTERNAL_CATCH_UNIQUE_NAME( name ) INTERNAL_CATCH_UNIQUE_NAME_LINE( name, __COUNTER__ )
      |                                                                                     ^
In file included from main.cpp:84:
./test-logicals-extended.h:740:3: warning: '__COUNTER__' is a C2y extension [-Wc2y-extensions]
  740 |   test_that("logicals direct LOGICAL_ELT access") {
      |   ^
/home/pacha/R/x86_64-pc-linux-gnu-library/4.6/testthat/include/testthat/testthat.h:188:20: note: expanded from macro 'test_that'
  188 | # define test_that CATCH_SECTION
      |                    ^
/home/pacha/R/x86_64-pc-linux-gnu-library/4.6/testthat/include/testthat/vendor/catch.hpp:17627:30: note: expanded from macro 'CATCH_SECTION'
 17627 | #define CATCH_SECTION( ... ) INTERNAL_CATCH_SECTION( __VA_ARGS__ )
       |                              ^
/home/pacha/R/x86_64-pc-linux-gnu-library/4.6/testthat/include/testthat/vendor/catch.hpp:2940:31: note: expanded from macro 'INTERNAL_CATCH_SECTION'
 2940 |     if( Catch::Section const& INTERNAL_CATCH_UNIQUE_NAME( catch_internal_Section ) = Catch::SectionInfo( CATCH_INTERNAL_LINEINFO, __VA_ARGS__ ) ) \
      |                               ^
/home/pacha/R/x86_64-pc-linux-gnu-library/4.6/testthat/include/testthat/vendor/catch.hpp:478:85: note: expanded from macro 'INTERNAL_CATCH_UNIQUE_NAME'
  478 | #  define INTERNAL_CATCH_UNIQUE_NAME( name ) INTERNAL_CATCH_UNIQUE_NAME_LINE( name, __COUNTER__ )
      |                                                                                     ^
In file included from main.cpp:84:
./test-logicals-extended.h:756:3: warning: '__COUNTER__' is a C2y extension [-Wc2y-extensions]
  756 |   test_that("logicals initializer_list constructor") {
      |   ^
/home/pacha/R/x86_64-pc-linux-gnu-library/4.6/testthat/include/testthat/testthat.h:188:20: note: expanded from macro 'test_that'
  188 | # define test_that CATCH_SECTION
      |                    ^
/home/pacha/R/x86_64-pc-linux-gnu-library/4.6/testthat/include/testthat/vendor/catch.hpp:17627:30: note: expanded from macro 'CATCH_SECTION'
 17627 | #define CATCH_SECTION( ... ) INTERNAL_CATCH_SECTION( __VA_ARGS__ )
       |                              ^
/home/pacha/R/x86_64-pc-linux-gnu-library/4.6/testthat/include/testthat/vendor/catch.hpp:2940:31: note: expanded from macro 'INTERNAL_CATCH_SECTION'
 2940 |     if( Catch::Section const& INTERNAL_CATCH_UNIQUE_NAME( catch_internal_Section ) = Catch::SectionInfo( CATCH_INTERNAL_LINEINFO, __VA_ARGS__ ) ) \
      |                               ^
/home/pacha/R/x86_64-pc-linux-gnu-library/4.6/testthat/include/testthat/vendor/catch.hpp:478:85: note: expanded from macro 'INTERNAL_CATCH_UNIQUE_NAME'
  478 | #  define INTERNAL_CATCH_UNIQUE_NAME( name ) INTERNAL_CATCH_UNIQUE_NAME_LINE( name, __COUNTER__ )
      |                                                                                     ^
In file included from main.cpp:84:
./test-logicals-extended.h:766:3: warning: '__COUNTER__' is a C2y extension [-Wc2y-extensions]
  766 |   test_that("logicals push_back exercises set_elt") {
      |   ^
/home/pacha/R/x86_64-pc-linux-gnu-library/4.6/testthat/include/testthat/testthat.h:188:20: note: expanded from macro 'test_that'
  188 | # define test_that CATCH_SECTION
      |                    ^
/home/pacha/R/x86_64-pc-linux-gnu-library/4.6/testthat/include/testthat/vendor/catch.hpp:17627:30: note: expanded from macro 'CATCH_SECTION'
 17627 | #define CATCH_SECTION( ... ) INTERNAL_CATCH_SECTION( __VA_ARGS__ )
       |                              ^
/home/pacha/R/x86_64-pc-linux-gnu-library/4.6/testthat/include/testthat/vendor/catch.hpp:2940:31: note: expanded from macro 'INTERNAL_CATCH_SECTION'
 2940 |     if( Catch::Section const& INTERNAL_CATCH_UNIQUE_NAME( catch_internal_Section ) = Catch::SectionInfo( CATCH_INTERNAL_LINEINFO, __VA_ARGS__ ) ) \
      |                               ^
/home/pacha/R/x86_64-pc-linux-gnu-library/4.6/testthat/include/testthat/vendor/catch.hpp:478:85: note: expanded from macro 'INTERNAL_CATCH_UNIQUE_NAME'
  478 | #  define INTERNAL_CATCH_UNIQUE_NAME( name ) INTERNAL_CATCH_UNIQUE_NAME_LINE( name, __COUNTER__ )
      |                                                                                     ^
In file included from main.cpp:84:
./test-logicals-extended.h:784:3: warning: '__COUNTER__' is a C2y extension [-Wc2y-extensions]
  784 |   test_that("logicals data_ptr returns LOGICAL pointer") {
      |   ^
/home/pacha/R/x86_64-pc-linux-gnu-library/4.6/testthat/include/testthat/testthat.h:188:20: note: expanded from macro 'test_that'
  188 | # define test_that CATCH_SECTION
      |                    ^
/home/pacha/R/x86_64-pc-linux-gnu-library/4.6/testthat/include/testthat/vendor/catch.hpp:17627:30: note: expanded from macro 'CATCH_SECTION'
 17627 | #define CATCH_SECTION( ... ) INTERNAL_CATCH_SECTION( __VA_ARGS__ )
       |                              ^
/home/pacha/R/x86_64-pc-linux-gnu-library/4.6/testthat/include/testthat/vendor/catch.hpp:2940:31: note: expanded from macro 'INTERNAL_CATCH_SECTION'
 2940 |     if( Catch::Section const& INTERNAL_CATCH_UNIQUE_NAME( catch_internal_Section ) = Catch::SectionInfo( CATCH_INTERNAL_LINEINFO, __VA_ARGS__ ) ) \
      |                               ^
/home/pacha/R/x86_64-pc-linux-gnu-library/4.6/testthat/include/testthat/vendor/catch.hpp:478:85: note: expanded from macro 'INTERNAL_CATCH_UNIQUE_NAME'
  478 | #  define INTERNAL_CATCH_UNIQUE_NAME( name ) INTERNAL_CATCH_UNIQUE_NAME_LINE( name, __COUNTER__ )
      |                                                                                     ^
In file included from main.cpp:84:
./test-logicals-extended.h:801:3: warning: '__COUNTER__' is a C2y extension [-Wc2y-extensions]
  801 |   test_that("logicals iteration exercises all iterator paths") {
      |   ^
/home/pacha/R/x86_64-pc-linux-gnu-library/4.6/testthat/include/testthat/testthat.h:188:20: note: expanded from macro 'test_that'
  188 | # define test_that CATCH_SECTION
      |                    ^
/home/pacha/R/x86_64-pc-linux-gnu-library/4.6/testthat/include/testthat/vendor/catch.hpp:17627:30: note: expanded from macro 'CATCH_SECTION'
 17627 | #define CATCH_SECTION( ... ) INTERNAL_CATCH_SECTION( __VA_ARGS__ )
       |                              ^
/home/pacha/R/x86_64-pc-linux-gnu-library/4.6/testthat/include/testthat/vendor/catch.hpp:2940:31: note: expanded from macro 'INTERNAL_CATCH_SECTION'
 2940 |     if( Catch::Section const& INTERNAL_CATCH_UNIQUE_NAME( catch_internal_Section ) = Catch::SectionInfo( CATCH_INTERNAL_LINEINFO, __VA_ARGS__ ) ) \
      |                               ^
/home/pacha/R/x86_64-pc-linux-gnu-library/4.6/testthat/include/testthat/vendor/catch.hpp:478:85: note: expanded from macro 'INTERNAL_CATCH_UNIQUE_NAME'
  478 | #  define INTERNAL_CATCH_UNIQUE_NAME( name ) INTERNAL_CATCH_UNIQUE_NAME_LINE( name, __COUNTER__ )
      |                                                                                     ^
In file included from main.cpp:84:
./test-logicals-extended.h:839:3: warning: '__COUNTER__' is a C2y extension [-Wc2y-extensions]
  839 |   test_that("writable logicals proxy operator== explicit call") {
      |   ^
/home/pacha/R/x86_64-pc-linux-gnu-library/4.6/testthat/include/testthat/testthat.h:188:20: note: expanded from macro 'test_that'
  188 | # define test_that CATCH_SECTION
      |                    ^
/home/pacha/R/x86_64-pc-linux-gnu-library/4.6/testthat/include/testthat/vendor/catch.hpp:17627:30: note: expanded from macro 'CATCH_SECTION'
 17627 | #define CATCH_SECTION( ... ) INTERNAL_CATCH_SECTION( __VA_ARGS__ )
       |                              ^
/home/pacha/R/x86_64-pc-linux-gnu-library/4.6/testthat/include/testthat/vendor/catch.hpp:2940:31: note: expanded from macro 'INTERNAL_CATCH_SECTION'
 2940 |     if( Catch::Section const& INTERNAL_CATCH_UNIQUE_NAME( catch_internal_Section ) = Catch::SectionInfo( CATCH_INTERNAL_LINEINFO, __VA_ARGS__ ) ) \
      |                               ^
/home/pacha/R/x86_64-pc-linux-gnu-library/4.6/testthat/include/testthat/vendor/catch.hpp:478:85: note: expanded from macro 'INTERNAL_CATCH_UNIQUE_NAME'
  478 | #  define INTERNAL_CATCH_UNIQUE_NAME( name ) INTERNAL_CATCH_UNIQUE_NAME_LINE( name, __COUNTER__ )
      |                                                                                     ^
In file included from main.cpp:84:
./test-logicals-extended.h:872:3: warning: '__COUNTER__' is a C2y extension [-Wc2y-extensions]
  872 |   test_that("writable logicals proxy comparison in conditional") {
      |   ^
/home/pacha/R/x86_64-pc-linux-gnu-library/4.6/testthat/include/testthat/testthat.h:188:20: note: expanded from macro 'test_that'
  188 | # define test_that CATCH_SECTION
      |                    ^
/home/pacha/R/x86_64-pc-linux-gnu-library/4.6/testthat/include/testthat/vendor/catch.hpp:17627:30: note: expanded from macro 'CATCH_SECTION'
 17627 | #define CATCH_SECTION( ... ) INTERNAL_CATCH_SECTION( __VA_ARGS__ )
       |                              ^
/home/pacha/R/x86_64-pc-linux-gnu-library/4.6/testthat/include/testthat/vendor/catch.hpp:2940:31: note: expanded from macro 'INTERNAL_CATCH_SECTION'
 2940 |     if( Catch::Section const& INTERNAL_CATCH_UNIQUE_NAME( catch_internal_Section ) = Catch::SectionInfo( CATCH_INTERNAL_LINEINFO, __VA_ARGS__ ) ) \
      |                               ^
/home/pacha/R/x86_64-pc-linux-gnu-library/4.6/testthat/include/testthat/vendor/catch.hpp:478:85: note: expanded from macro 'INTERNAL_CATCH_UNIQUE_NAME'
  478 | #  define INTERNAL_CATCH_UNIQUE_NAME( name ) INTERNAL_CATCH_UNIQUE_NAME_LINE( name, __COUNTER__ )
      |                                                                                     ^
In file included from main.cpp:84:
./test-logicals-extended.h:895:3: warning: '__COUNTER__' is a C2y extension [-Wc2y-extensions]
  895 |   test_that("writable logicals proxy operator== with different r_bool constructions") {
      |   ^
/home/pacha/R/x86_64-pc-linux-gnu-library/4.6/testthat/include/testthat/testthat.h:188:20: note: expanded from macro 'test_that'
  188 | # define test_that CATCH_SECTION
      |                    ^
/home/pacha/R/x86_64-pc-linux-gnu-library/4.6/testthat/include/testthat/vendor/catch.hpp:17627:30: note: expanded from macro 'CATCH_SECTION'
 17627 | #define CATCH_SECTION( ... ) INTERNAL_CATCH_SECTION( __VA_ARGS__ )
       |                              ^
/home/pacha/R/x86_64-pc-linux-gnu-library/4.6/testthat/include/testthat/vendor/catch.hpp:2940:31: note: expanded from macro 'INTERNAL_CATCH_SECTION'
 2940 |     if( Catch::Section const& INTERNAL_CATCH_UNIQUE_NAME( catch_internal_Section ) = Catch::SectionInfo( CATCH_INTERNAL_LINEINFO, __VA_ARGS__ ) ) \
      |                               ^
/home/pacha/R/x86_64-pc-linux-gnu-library/4.6/testthat/include/testthat/vendor/catch.hpp:478:85: note: expanded from macro 'INTERNAL_CATCH_UNIQUE_NAME'
  478 | #  define INTERNAL_CATCH_UNIQUE_NAME( name ) INTERNAL_CATCH_UNIQUE_NAME_LINE( name, __COUNTER__ )
      |                                                                                     ^
In file included from main.cpp:85:
./test-r_vector_fwd-extended.h:8:1: warning: '__COUNTER__' is a C2y extension [-Wc2y-extensions]
    8 | context("r_vector_fwd-extended-C++") {
      | ^
/home/pacha/R/x86_64-pc-linux-gnu-library/4.6/testthat/include/testthat/testthat.h:187:25: note: expanded from macro 'context'
  187 | # define context(__X__) CATCH_TEST_CASE(__X__ " | " __FILE__)
      |                         ^
/home/pacha/R/x86_64-pc-linux-gnu-library/4.6/testthat/include/testthat/vendor/catch.hpp:17623:32: note: expanded from macro 'CATCH_TEST_CASE'
 17623 | #define CATCH_TEST_CASE( ... ) INTERNAL_CATCH_TESTCASE( __VA_ARGS__ )
       |                                ^
/home/pacha/R/x86_64-pc-linux-gnu-library/4.6/testthat/include/testthat/vendor/catch.hpp:1062:35: note: expanded from macro 'INTERNAL_CATCH_TESTCASE'
 1062 |         INTERNAL_CATCH_TESTCASE2( INTERNAL_CATCH_UNIQUE_NAME( C_A_T_C_H_T_E_S_T_ ), __VA_ARGS__ )
      |                                   ^
/home/pacha/R/x86_64-pc-linux-gnu-library/4.6/testthat/include/testthat/vendor/catch.hpp:478:85: note: expanded from macro 'INTERNAL_CATCH_UNIQUE_NAME'
  478 | #  define INTERNAL_CATCH_UNIQUE_NAME( name ) INTERNAL_CATCH_UNIQUE_NAME_LINE( name, __COUNTER__ )
      |                                                                                     ^
In file included from main.cpp:85:
./test-r_vector_fwd-extended.h:8:1: warning: '__COUNTER__' is a C2y extension [-Wc2y-extensions]
/home/pacha/R/x86_64-pc-linux-gnu-library/4.6/testthat/include/testthat/testthat.h:187:25: note: expanded from macro 'context'
  187 | # define context(__X__) CATCH_TEST_CASE(__X__ " | " __FILE__)
      |                         ^
/home/pacha/R/x86_64-pc-linux-gnu-library/4.6/testthat/include/testthat/vendor/catch.hpp:17623:32: note: expanded from macro 'CATCH_TEST_CASE'
 17623 | #define CATCH_TEST_CASE( ... ) INTERNAL_CATCH_TESTCASE( __VA_ARGS__ )
       |                                ^
/home/pacha/R/x86_64-pc-linux-gnu-library/4.6/testthat/include/testthat/vendor/catch.hpp:1062:9: note: expanded from macro 'INTERNAL_CATCH_TESTCASE'
 1062 |         INTERNAL_CATCH_TESTCASE2( INTERNAL_CATCH_UNIQUE_NAME( C_A_T_C_H_T_E_S_T_ ), __VA_ARGS__ )
      |         ^
/home/pacha/R/x86_64-pc-linux-gnu-library/4.6/testthat/include/testthat/vendor/catch.hpp:1058:35: note: expanded from macro 'INTERNAL_CATCH_TESTCASE2'
 1058 |         namespace{ Catch::AutoReg INTERNAL_CATCH_UNIQUE_NAME( autoRegistrar )( Catch::makeTestInvoker( &TestName ), CATCH_INTERNAL_LINEINFO, Catch::StringRef(), Catch::NameAndTags{ __VA_ARGS__ } ); } /* NOLINT */ \
      |                                   ^
/home/pacha/R/x86_64-pc-linux-gnu-library/4.6/testthat/include/testthat/vendor/catch.hpp:478:85: note: expanded from macro 'INTERNAL_CATCH_UNIQUE_NAME'
  478 | #  define INTERNAL_CATCH_UNIQUE_NAME( name ) INTERNAL_CATCH_UNIQUE_NAME_LINE( name, __COUNTER__ )
      |                                                                                     ^
In file included from main.cpp:85:
./test-r_vector_fwd-extended.h:13:3: warning: '__COUNTER__' is a C2y extension [-Wc2y-extensions]
   13 |   test_that("integers iterator buffer with large vector") {
      |   ^
/home/pacha/R/x86_64-pc-linux-gnu-library/4.6/testthat/include/testthat/testthat.h:188:20: note: expanded from macro 'test_that'
  188 | # define test_that CATCH_SECTION
      |                    ^
/home/pacha/R/x86_64-pc-linux-gnu-library/4.6/testthat/include/testthat/vendor/catch.hpp:17627:30: note: expanded from macro 'CATCH_SECTION'
 17627 | #define CATCH_SECTION( ... ) INTERNAL_CATCH_SECTION( __VA_ARGS__ )
       |                              ^
/home/pacha/R/x86_64-pc-linux-gnu-library/4.6/testthat/include/testthat/vendor/catch.hpp:2940:31: note: expanded from macro 'INTERNAL_CATCH_SECTION'
 2940 |     if( Catch::Section const& INTERNAL_CATCH_UNIQUE_NAME( catch_internal_Section ) = Catch::SectionInfo( CATCH_INTERNAL_LINEINFO, __VA_ARGS__ ) ) \
      |                               ^
/home/pacha/R/x86_64-pc-linux-gnu-library/4.6/testthat/include/testthat/vendor/catch.hpp:478:85: note: expanded from macro 'INTERNAL_CATCH_UNIQUE_NAME'
  478 | #  define INTERNAL_CATCH_UNIQUE_NAME( name ) INTERNAL_CATCH_UNIQUE_NAME_LINE( name, __COUNTER__ )
      |                                                                                     ^
In file included from main.cpp:85:
./test-r_vector_fwd-extended.h:33:3: warning: '__COUNTER__' is a C2y extension [-Wc2y-extensions]
   33 |   test_that("doubles iterator buffer with large vector") {
      |   ^
/home/pacha/R/x86_64-pc-linux-gnu-library/4.6/testthat/include/testthat/testthat.h:188:20: note: expanded from macro 'test_that'
  188 | # define test_that CATCH_SECTION
      |                    ^
/home/pacha/R/x86_64-pc-linux-gnu-library/4.6/testthat/include/testthat/vendor/catch.hpp:17627:30: note: expanded from macro 'CATCH_SECTION'
 17627 | #define CATCH_SECTION( ... ) INTERNAL_CATCH_SECTION( __VA_ARGS__ )
       |                              ^
/home/pacha/R/x86_64-pc-linux-gnu-library/4.6/testthat/include/testthat/vendor/catch.hpp:2940:31: note: expanded from macro 'INTERNAL_CATCH_SECTION'
 2940 |     if( Catch::Section const& INTERNAL_CATCH_UNIQUE_NAME( catch_internal_Section ) = Catch::SectionInfo( CATCH_INTERNAL_LINEINFO, __VA_ARGS__ ) ) \
      |                               ^
/home/pacha/R/x86_64-pc-linux-gnu-library/4.6/testthat/include/testthat/vendor/catch.hpp:478:85: note: expanded from macro 'INTERNAL_CATCH_UNIQUE_NAME'
  478 | #  define INTERNAL_CATCH_UNIQUE_NAME( name ) INTERNAL_CATCH_UNIQUE_NAME_LINE( name, __COUNTER__ )
      |                                                                                     ^
In file included from main.cpp:85:
./test-r_vector_fwd-extended.h:50:3: warning: '__COUNTER__' is a C2y extension [-Wc2y-extensions]
   50 |   test_that("strings iterator buffer with large vector") {
      |   ^
/home/pacha/R/x86_64-pc-linux-gnu-library/4.6/testthat/include/testthat/testthat.h:188:20: note: expanded from macro 'test_that'
  188 | # define test_that CATCH_SECTION
      |                    ^
/home/pacha/R/x86_64-pc-linux-gnu-library/4.6/testthat/include/testthat/vendor/catch.hpp:17627:30: note: expanded from macro 'CATCH_SECTION'
 17627 | #define CATCH_SECTION( ... ) INTERNAL_CATCH_SECTION( __VA_ARGS__ )
       |                              ^
/home/pacha/R/x86_64-pc-linux-gnu-library/4.6/testthat/include/testthat/vendor/catch.hpp:2940:31: note: expanded from macro 'INTERNAL_CATCH_SECTION'
 2940 |     if( Catch::Section const& INTERNAL_CATCH_UNIQUE_NAME( catch_internal_Section ) = Catch::SectionInfo( CATCH_INTERNAL_LINEINFO, __VA_ARGS__ ) ) \
      |                               ^
/home/pacha/R/x86_64-pc-linux-gnu-library/4.6/testthat/include/testthat/vendor/catch.hpp:478:85: note: expanded from macro 'INTERNAL_CATCH_UNIQUE_NAME'
  478 | #  define INTERNAL_CATCH_UNIQUE_NAME( name ) INTERNAL_CATCH_UNIQUE_NAME_LINE( name, __COUNTER__ )
      |                                                                                     ^
In file included from main.cpp:85:
./test-r_vector_fwd-extended.h:66:3: warning: '__COUNTER__' is a C2y extension [-Wc2y-extensions]
   66 |   test_that("logicals iterator buffer with large vector") {
      |   ^
/home/pacha/R/x86_64-pc-linux-gnu-library/4.6/testthat/include/testthat/testthat.h:188:20: note: expanded from macro 'test_that'
  188 | # define test_that CATCH_SECTION
      |                    ^
/home/pacha/R/x86_64-pc-linux-gnu-library/4.6/testthat/include/testthat/vendor/catch.hpp:17627:30: note: expanded from macro 'CATCH_SECTION'
 17627 | #define CATCH_SECTION( ... ) INTERNAL_CATCH_SECTION( __VA_ARGS__ )
       |                              ^
/home/pacha/R/x86_64-pc-linux-gnu-library/4.6/testthat/include/testthat/vendor/catch.hpp:2940:31: note: expanded from macro 'INTERNAL_CATCH_SECTION'
 2940 |     if( Catch::Section const& INTERNAL_CATCH_UNIQUE_NAME( catch_internal_Section ) = Catch::SectionInfo( CATCH_INTERNAL_LINEINFO, __VA_ARGS__ ) ) \
      |                               ^
/home/pacha/R/x86_64-pc-linux-gnu-library/4.6/testthat/include/testthat/vendor/catch.hpp:478:85: note: expanded from macro 'INTERNAL_CATCH_UNIQUE_NAME'
  478 | #  define INTERNAL_CATCH_UNIQUE_NAME( name ) INTERNAL_CATCH_UNIQUE_NAME_LINE( name, __COUNTER__ )
      |                                                                                     ^
In file included from main.cpp:85:
./test-r_vector_fwd-extended.h:82:3: warning: '__COUNTER__' is a C2y extension [-Wc2y-extensions]
   82 |   test_that("raws iterator buffer with large vector") {
      |   ^
/home/pacha/R/x86_64-pc-linux-gnu-library/4.6/testthat/include/testthat/testthat.h:188:20: note: expanded from macro 'test_that'
  188 | # define test_that CATCH_SECTION
      |                    ^
/home/pacha/R/x86_64-pc-linux-gnu-library/4.6/testthat/include/testthat/vendor/catch.hpp:17627:30: note: expanded from macro 'CATCH_SECTION'
 17627 | #define CATCH_SECTION( ... ) INTERNAL_CATCH_SECTION( __VA_ARGS__ )
       |                              ^
/home/pacha/R/x86_64-pc-linux-gnu-library/4.6/testthat/include/testthat/vendor/catch.hpp:2940:31: note: expanded from macro 'INTERNAL_CATCH_SECTION'
 2940 |     if( Catch::Section const& INTERNAL_CATCH_UNIQUE_NAME( catch_internal_Section ) = Catch::SectionInfo( CATCH_INTERNAL_LINEINFO, __VA_ARGS__ ) ) \
      |                               ^
/home/pacha/R/x86_64-pc-linux-gnu-library/4.6/testthat/include/testthat/vendor/catch.hpp:478:85: note: expanded from macro 'INTERNAL_CATCH_UNIQUE_NAME'
  478 | #  define INTERNAL_CATCH_UNIQUE_NAME( name ) INTERNAL_CATCH_UNIQUE_NAME_LINE( name, __COUNTER__ )
      |                                                                                     ^
In file included from main.cpp:85:
./test-r_vector_fwd-extended.h:98:3: warning: '__COUNTER__' is a C2y extension [-Wc2y-extensions]
   98 |   test_that("complexes iterator buffer with large vector") {
      |   ^
/home/pacha/R/x86_64-pc-linux-gnu-library/4.6/testthat/include/testthat/testthat.h:188:20: note: expanded from macro 'test_that'
  188 | # define test_that CATCH_SECTION
      |                    ^
/home/pacha/R/x86_64-pc-linux-gnu-library/4.6/testthat/include/testthat/vendor/catch.hpp:17627:30: note: expanded from macro 'CATCH_SECTION'
 17627 | #define CATCH_SECTION( ... ) INTERNAL_CATCH_SECTION( __VA_ARGS__ )
       |                              ^
/home/pacha/R/x86_64-pc-linux-gnu-library/4.6/testthat/include/testthat/vendor/catch.hpp:2940:31: note: expanded from macro 'INTERNAL_CATCH_SECTION'
 2940 |     if( Catch::Section const& INTERNAL_CATCH_UNIQUE_NAME( catch_internal_Section ) = Catch::SectionInfo( CATCH_INTERNAL_LINEINFO, __VA_ARGS__ ) ) \
      |                               ^
/home/pacha/R/x86_64-pc-linux-gnu-library/4.6/testthat/include/testthat/vendor/catch.hpp:478:85: note: expanded from macro 'INTERNAL_CATCH_UNIQUE_NAME'
  478 | #  define INTERNAL_CATCH_UNIQUE_NAME( name ) INTERNAL_CATCH_UNIQUE_NAME_LINE( name, __COUNTER__ )
      |                                                                                     ^
In file included from main.cpp:85:
./test-r_vector_fwd-extended.h:118:3: warning: '__COUNTER__' is a C2y extension [-Wc2y-extensions]
  118 |   test_that("iterator operator-= and operator-") {
      |   ^
/home/pacha/R/x86_64-pc-linux-gnu-library/4.6/testthat/include/testthat/testthat.h:188:20: note: expanded from macro 'test_that'
  188 | # define test_that CATCH_SECTION
      |                    ^
/home/pacha/R/x86_64-pc-linux-gnu-library/4.6/testthat/include/testthat/vendor/catch.hpp:17627:30: note: expanded from macro 'CATCH_SECTION'
 17627 | #define CATCH_SECTION( ... ) INTERNAL_CATCH_SECTION( __VA_ARGS__ )
       |                              ^
/home/pacha/R/x86_64-pc-linux-gnu-library/4.6/testthat/include/testthat/vendor/catch.hpp:2940:31: note: expanded from macro 'INTERNAL_CATCH_SECTION'
 2940 |     if( Catch::Section const& INTERNAL_CATCH_UNIQUE_NAME( catch_internal_Section ) = Catch::SectionInfo( CATCH_INTERNAL_LINEINFO, __VA_ARGS__ ) ) \
      |                               ^
/home/pacha/R/x86_64-pc-linux-gnu-library/4.6/testthat/include/testthat/vendor/catch.hpp:478:85: note: expanded from macro 'INTERNAL_CATCH_UNIQUE_NAME'
  478 | #  define INTERNAL_CATCH_UNIQUE_NAME( name ) INTERNAL_CATCH_UNIQUE_NAME_LINE( name, __COUNTER__ )
      |                                                                                     ^
In file included from main.cpp:85:
./test-r_vector_fwd-extended.h:129:3: warning: '__COUNTER__' is a C2y extension [-Wc2y-extensions]
  129 |   test_that("iterator comparison operators") {
      |   ^
/home/pacha/R/x86_64-pc-linux-gnu-library/4.6/testthat/include/testthat/testthat.h:188:20: note: expanded from macro 'test_that'
  188 | # define test_that CATCH_SECTION
      |                    ^
/home/pacha/R/x86_64-pc-linux-gnu-library/4.6/testthat/include/testthat/vendor/catch.hpp:17627:30: note: expanded from macro 'CATCH_SECTION'
 17627 | #define CATCH_SECTION( ... ) INTERNAL_CATCH_SECTION( __VA_ARGS__ )
       |                              ^
/home/pacha/R/x86_64-pc-linux-gnu-library/4.6/testthat/include/testthat/vendor/catch.hpp:2940:31: note: expanded from macro 'INTERNAL_CATCH_SECTION'
 2940 |     if( Catch::Section const& INTERNAL_CATCH_UNIQUE_NAME( catch_internal_Section ) = Catch::SectionInfo( CATCH_INTERNAL_LINEINFO, __VA_ARGS__ ) ) \
      |                               ^
/home/pacha/R/x86_64-pc-linux-gnu-library/4.6/testthat/include/testthat/vendor/catch.hpp:478:85: note: expanded from macro 'INTERNAL_CATCH_UNIQUE_NAME'
  478 | #  define INTERNAL_CATCH_UNIQUE_NAME( name ) INTERNAL_CATCH_UNIQUE_NAME_LINE( name, __COUNTER__ )
      |                                                                                     ^
In file included from main.cpp:85:
./test-r_vector_fwd-extended.h:157:3: warning: '__COUNTER__' is a C2y extension [-Wc2y-extensions]
  157 |   test_that("iterator operator[] (subscript)") {
      |   ^
/home/pacha/R/x86_64-pc-linux-gnu-library/4.6/testthat/include/testthat/testthat.h:188:20: note: expanded from macro 'test_that'
  188 | # define test_that CATCH_SECTION
      |                    ^
/home/pacha/R/x86_64-pc-linux-gnu-library/4.6/testthat/include/testthat/vendor/catch.hpp:17627:30: note: expanded from macro 'CATCH_SECTION'
 17627 | #define CATCH_SECTION( ... ) INTERNAL_CATCH_SECTION( __VA_ARGS__ )
       |                              ^
/home/pacha/R/x86_64-pc-linux-gnu-library/4.6/testthat/include/testthat/vendor/catch.hpp:2940:31: note: expanded from macro 'INTERNAL_CATCH_SECTION'
 2940 |     if( Catch::Section const& INTERNAL_CATCH_UNIQUE_NAME( catch_internal_Section ) = Catch::SectionInfo( CATCH_INTERNAL_LINEINFO, __VA_ARGS__ ) ) \
      |                               ^
/home/pacha/R/x86_64-pc-linux-gnu-library/4.6/testthat/include/testthat/vendor/catch.hpp:478:85: note: expanded from macro 'INTERNAL_CATCH_UNIQUE_NAME'
  478 | #  define INTERNAL_CATCH_UNIQUE_NAME( name ) INTERNAL_CATCH_UNIQUE_NAME_LINE( name, __COUNTER__ )
      |                                                                                     ^
In file included from main.cpp:85:
./test-r_vector_fwd-extended.h:171:3: warning: '__COUNTER__' is a C2y extension [-Wc2y-extensions]
  171 |   test_that("iterator prefix and postfix operators") {
      |   ^
/home/pacha/R/x86_64-pc-linux-gnu-library/4.6/testthat/include/testthat/testthat.h:188:20: note: expanded from macro 'test_that'
  188 | # define test_that CATCH_SECTION
      |                    ^
/home/pacha/R/x86_64-pc-linux-gnu-library/4.6/testthat/include/testthat/vendor/catch.hpp:17627:30: note: expanded from macro 'CATCH_SECTION'
 17627 | #define CATCH_SECTION( ... ) INTERNAL_CATCH_SECTION( __VA_ARGS__ )
       |                              ^
/home/pacha/R/x86_64-pc-linux-gnu-library/4.6/testthat/include/testthat/vendor/catch.hpp:2940:31: note: expanded from macro 'INTERNAL_CATCH_SECTION'
 2940 |     if( Catch::Section const& INTERNAL_CATCH_UNIQUE_NAME( catch_internal_Section ) = Catch::SectionInfo( CATCH_INTERNAL_LINEINFO, __VA_ARGS__ ) ) \
      |                               ^
/home/pacha/R/x86_64-pc-linux-gnu-library/4.6/testthat/include/testthat/vendor/catch.hpp:478:85: note: expanded from macro 'INTERNAL_CATCH_UNIQUE_NAME'
  478 | #  define INTERNAL_CATCH_UNIQUE_NAME( name ) INTERNAL_CATCH_UNIQUE_NAME_LINE( name, __COUNTER__ )
      |                                                                                     ^
In file included from main.cpp:85:
./test-r_vector_fwd-extended.h:201:3: warning: '__COUNTER__' is a C2y extension [-Wc2y-extensions]
  201 |   test_that("proxy assignment from value") {
      |   ^
/home/pacha/R/x86_64-pc-linux-gnu-library/4.6/testthat/include/testthat/testthat.h:188:20: note: expanded from macro 'test_that'
  188 | # define test_that CATCH_SECTION
      |                    ^
/home/pacha/R/x86_64-pc-linux-gnu-library/4.6/testthat/include/testthat/vendor/catch.hpp:17627:30: note: expanded from macro 'CATCH_SECTION'
 17627 | #define CATCH_SECTION( ... ) INTERNAL_CATCH_SECTION( __VA_ARGS__ )
       |                              ^
/home/pacha/R/x86_64-pc-linux-gnu-library/4.6/testthat/include/testthat/vendor/catch.hpp:2940:31: note: expanded from macro 'INTERNAL_CATCH_SECTION'
 2940 |     if( Catch::Section const& INTERNAL_CATCH_UNIQUE_NAME( catch_internal_Section ) = Catch::SectionInfo( CATCH_INTERNAL_LINEINFO, __VA_ARGS__ ) ) \
      |                               ^
/home/pacha/R/x86_64-pc-linux-gnu-library/4.6/testthat/include/testthat/vendor/catch.hpp:478:85: note: expanded from macro 'INTERNAL_CATCH_UNIQUE_NAME'
  478 | #  define INTERNAL_CATCH_UNIQUE_NAME( name ) INTERNAL_CATCH_UNIQUE_NAME_LINE( name, __COUNTER__ )
      |                                                                                     ^
In file included from main.cpp:85:
./test-r_vector_fwd-extended.h:213:3: warning: '__COUNTER__' is a C2y extension [-Wc2y-extensions]
  213 |   test_that("proxy conversion to value") {
      |   ^
/home/pacha/R/x86_64-pc-linux-gnu-library/4.6/testthat/include/testthat/testthat.h:188:20: note: expanded from macro 'test_that'
  188 | # define test_that CATCH_SECTION
      |                    ^
/home/pacha/R/x86_64-pc-linux-gnu-library/4.6/testthat/include/testthat/vendor/catch.hpp:17627:30: note: expanded from macro 'CATCH_SECTION'
 17627 | #define CATCH_SECTION( ... ) INTERNAL_CATCH_SECTION( __VA_ARGS__ )
       |                              ^
/home/pacha/R/x86_64-pc-linux-gnu-library/4.6/testthat/include/testthat/vendor/catch.hpp:2940:31: note: expanded from macro 'INTERNAL_CATCH_SECTION'
 2940 |     if( Catch::Section const& INTERNAL_CATCH_UNIQUE_NAME( catch_internal_Section ) = Catch::SectionInfo( CATCH_INTERNAL_LINEINFO, __VA_ARGS__ ) ) \
      |                               ^
/home/pacha/R/x86_64-pc-linux-gnu-library/4.6/testthat/include/testthat/vendor/catch.hpp:478:85: note: expanded from macro 'INTERNAL_CATCH_UNIQUE_NAME'
  478 | #  define INTERNAL_CATCH_UNIQUE_NAME( name ) INTERNAL_CATCH_UNIQUE_NAME_LINE( name, __COUNTER__ )
      |                                                                                     ^
In file included from main.cpp:85:
./test-r_vector_fwd-extended.h:224:3: warning: '__COUNTER__' is a C2y extension [-Wc2y-extensions]
  224 |   test_that("proxy operator== and operator!=") {
      |   ^
/home/pacha/R/x86_64-pc-linux-gnu-library/4.6/testthat/include/testthat/testthat.h:188:20: note: expanded from macro 'test_that'
  188 | # define test_that CATCH_SECTION
      |                    ^
/home/pacha/R/x86_64-pc-linux-gnu-library/4.6/testthat/include/testthat/vendor/catch.hpp:17627:30: note: expanded from macro 'CATCH_SECTION'
 17627 | #define CATCH_SECTION( ... ) INTERNAL_CATCH_SECTION( __VA_ARGS__ )
       |                              ^
/home/pacha/R/x86_64-pc-linux-gnu-library/4.6/testthat/include/testthat/vendor/catch.hpp:2940:31: note: expanded from macro 'INTERNAL_CATCH_SECTION'
 2940 |     if( Catch::Section const& INTERNAL_CATCH_UNIQUE_NAME( catch_internal_Section ) = Catch::SectionInfo( CATCH_INTERNAL_LINEINFO, __VA_ARGS__ ) ) \
      |                               ^
/home/pacha/R/x86_64-pc-linux-gnu-library/4.6/testthat/include/testthat/vendor/catch.hpp:478:85: note: expanded from macro 'INTERNAL_CATCH_UNIQUE_NAME'
  478 | #  define INTERNAL_CATCH_UNIQUE_NAME( name ) INTERNAL_CATCH_UNIQUE_NAME_LINE( name, __COUNTER__ )
      |                                                                                     ^
In file included from main.cpp:85:
./test-r_vector_fwd-extended.h:248:3: warning: '__COUNTER__' is a C2y extension [-Wc2y-extensions]
  248 |   test_that("find_cached with repeated lookups") {
      |   ^
/home/pacha/R/x86_64-pc-linux-gnu-library/4.6/testthat/include/testthat/testthat.h:188:20: note: expanded from macro 'test_that'
  188 | # define test_that CATCH_SECTION
      |                    ^
/home/pacha/R/x86_64-pc-linux-gnu-library/4.6/testthat/include/testthat/vendor/catch.hpp:17627:30: note: expanded from macro 'CATCH_SECTION'
 17627 | #define CATCH_SECTION( ... ) INTERNAL_CATCH_SECTION( __VA_ARGS__ )
       |                              ^
/home/pacha/R/x86_64-pc-linux-gnu-library/4.6/testthat/include/testthat/vendor/catch.hpp:2940:31: note: expanded from macro 'INTERNAL_CATCH_SECTION'
 2940 |     if( Catch::Section const& INTERNAL_CATCH_UNIQUE_NAME( catch_internal_Section ) = Catch::SectionInfo( CATCH_INTERNAL_LINEINFO, __VA_ARGS__ ) ) \
      |                               ^
/home/pacha/R/x86_64-pc-linux-gnu-library/4.6/testthat/include/testthat/vendor/catch.hpp:478:85: note: expanded from macro 'INTERNAL_CATCH_UNIQUE_NAME'
  478 | #  define INTERNAL_CATCH_UNIQUE_NAME( name ) INTERNAL_CATCH_UNIQUE_NAME_LINE( name, __COUNTER__ )
      |                                                                                     ^
In file included from main.cpp:85:
./test-r_vector_fwd-extended.h:264:3: warning: '__COUNTER__' is a C2y extension [-Wc2y-extensions]
  264 |   test_that("find_cached with non-existent key") {
      |   ^
/home/pacha/R/x86_64-pc-linux-gnu-library/4.6/testthat/include/testthat/testthat.h:188:20: note: expanded from macro 'test_that'
  188 | # define test_that CATCH_SECTION
      |                    ^
/home/pacha/R/x86_64-pc-linux-gnu-library/4.6/testthat/include/testthat/vendor/catch.hpp:17627:30: note: expanded from macro 'CATCH_SECTION'
 17627 | #define CATCH_SECTION( ... ) INTERNAL_CATCH_SECTION( __VA_ARGS__ )
       |                              ^
/home/pacha/R/x86_64-pc-linux-gnu-library/4.6/testthat/include/testthat/vendor/catch.hpp:2940:31: note: expanded from macro 'INTERNAL_CATCH_SECTION'
 2940 |     if( Catch::Section const& INTERNAL_CATCH_UNIQUE_NAME( catch_internal_Section ) = Catch::SectionInfo( CATCH_INTERNAL_LINEINFO, __VA_ARGS__ ) ) \
      |                               ^
/home/pacha/R/x86_64-pc-linux-gnu-library/4.6/testthat/include/testthat/vendor/catch.hpp:478:85: note: expanded from macro 'INTERNAL_CATCH_UNIQUE_NAME'
  478 | #  define INTERNAL_CATCH_UNIQUE_NAME( name ) INTERNAL_CATCH_UNIQUE_NAME_LINE( name, __COUNTER__ )
      |                                                                                     ^
In file included from main.cpp:85:
./test-r_vector_fwd-extended.h:272:3: warning: '__COUNTER__' is a C2y extension [-Wc2y-extensions]
  272 |   test_that("contains method") {
      |   ^
/home/pacha/R/x86_64-pc-linux-gnu-library/4.6/testthat/include/testthat/testthat.h:188:20: note: expanded from macro 'test_that'
  188 | # define test_that CATCH_SECTION
      |                    ^
/home/pacha/R/x86_64-pc-linux-gnu-library/4.6/testthat/include/testthat/vendor/catch.hpp:17627:30: note: expanded from macro 'CATCH_SECTION'
 17627 | #define CATCH_SECTION( ... ) INTERNAL_CATCH_SECTION( __VA_ARGS__ )
       |                              ^
/home/pacha/R/x86_64-pc-linux-gnu-library/4.6/testthat/include/testthat/vendor/catch.hpp:2940:31: note: expanded from macro 'INTERNAL_CATCH_SECTION'
 2940 |     if( Catch::Section const& INTERNAL_CATCH_UNIQUE_NAME( catch_internal_Section ) = Catch::SectionInfo( CATCH_INTERNAL_LINEINFO, __VA_ARGS__ ) ) \
      |                               ^
/home/pacha/R/x86_64-pc-linux-gnu-library/4.6/testthat/include/testthat/vendor/catch.hpp:478:85: note: expanded from macro 'INTERNAL_CATCH_UNIQUE_NAME'
  478 | #  define INTERNAL_CATCH_UNIQUE_NAME( name ) INTERNAL_CATCH_UNIQUE_NAME_LINE( name, __COUNTER__ )
      |                                                                                     ^
In file included from main.cpp:85:
./test-r_vector_fwd-extended.h:288:3: warning: '__COUNTER__' is a C2y extension [-Wc2y-extensions]
  288 |   test_that("std::distance with iterators") {
      |   ^
/home/pacha/R/x86_64-pc-linux-gnu-library/4.6/testthat/include/testthat/testthat.h:188:20: note: expanded from macro 'test_that'
  188 | # define test_that CATCH_SECTION
      |                    ^
/home/pacha/R/x86_64-pc-linux-gnu-library/4.6/testthat/include/testthat/vendor/catch.hpp:17627:30: note: expanded from macro 'CATCH_SECTION'
 17627 | #define CATCH_SECTION( ... ) INTERNAL_CATCH_SECTION( __VA_ARGS__ )
       |                              ^
/home/pacha/R/x86_64-pc-linux-gnu-library/4.6/testthat/include/testthat/vendor/catch.hpp:2940:31: note: expanded from macro 'INTERNAL_CATCH_SECTION'
 2940 |     if( Catch::Section const& INTERNAL_CATCH_UNIQUE_NAME( catch_internal_Section ) = Catch::SectionInfo( CATCH_INTERNAL_LINEINFO, __VA_ARGS__ ) ) \
      |                               ^
/home/pacha/R/x86_64-pc-linux-gnu-library/4.6/testthat/include/testthat/vendor/catch.hpp:478:85: note: expanded from macro 'INTERNAL_CATCH_UNIQUE_NAME'
  478 | #  define INTERNAL_CATCH_UNIQUE_NAME( name ) INTERNAL_CATCH_UNIQUE_NAME_LINE( name, __COUNTER__ )
      |                                                                                     ^
In file included from main.cpp:85:
./test-r_vector_fwd-extended.h:299:3: warning: '__COUNTER__' is a C2y extension [-Wc2y-extensions]
  299 |   test_that("std::advance with iterators") {
      |   ^
/home/pacha/R/x86_64-pc-linux-gnu-library/4.6/testthat/include/testthat/testthat.h:188:20: note: expanded from macro 'test_that'
  188 | # define test_that CATCH_SECTION
      |                    ^
/home/pacha/R/x86_64-pc-linux-gnu-library/4.6/testthat/include/testthat/vendor/catch.hpp:17627:30: note: expanded from macro 'CATCH_SECTION'
 17627 | #define CATCH_SECTION( ... ) INTERNAL_CATCH_SECTION( __VA_ARGS__ )
       |                              ^
/home/pacha/R/x86_64-pc-linux-gnu-library/4.6/testthat/include/testthat/vendor/catch.hpp:2940:31: note: expanded from macro 'INTERNAL_CATCH_SECTION'
 2940 |     if( Catch::Section const& INTERNAL_CATCH_UNIQUE_NAME( catch_internal_Section ) = Catch::SectionInfo( CATCH_INTERNAL_LINEINFO, __VA_ARGS__ ) ) \
      |                               ^
/home/pacha/R/x86_64-pc-linux-gnu-library/4.6/testthat/include/testthat/vendor/catch.hpp:478:85: note: expanded from macro 'INTERNAL_CATCH_UNIQUE_NAME'
  478 | #  define INTERNAL_CATCH_UNIQUE_NAME( name ) INTERNAL_CATCH_UNIQUE_NAME_LINE( name, __COUNTER__ )
      |                                                                                     ^
In file included from main.cpp:85:
./test-r_vector_fwd-extended.h:310:3: warning: '__COUNTER__' is a C2y extension [-Wc2y-extensions]
  310 |   test_that("std::accumulate with iterators") {
      |   ^
/home/pacha/R/x86_64-pc-linux-gnu-library/4.6/testthat/include/testthat/testthat.h:188:20: note: expanded from macro 'test_that'
  188 | # define test_that CATCH_SECTION
      |                    ^
/home/pacha/R/x86_64-pc-linux-gnu-library/4.6/testthat/include/testthat/vendor/catch.hpp:17627:30: note: expanded from macro 'CATCH_SECTION'
 17627 | #define CATCH_SECTION( ... ) INTERNAL_CATCH_SECTION( __VA_ARGS__ )
       |                              ^
/home/pacha/R/x86_64-pc-linux-gnu-library/4.6/testthat/include/testthat/vendor/catch.hpp:2940:31: note: expanded from macro 'INTERNAL_CATCH_SECTION'
 2940 |     if( Catch::Section const& INTERNAL_CATCH_UNIQUE_NAME( catch_internal_Section ) = Catch::SectionInfo( CATCH_INTERNAL_LINEINFO, __VA_ARGS__ ) ) \
      |                               ^
/home/pacha/R/x86_64-pc-linux-gnu-library/4.6/testthat/include/testthat/vendor/catch.hpp:478:85: note: expanded from macro 'INTERNAL_CATCH_UNIQUE_NAME'
  478 | #  define INTERNAL_CATCH_UNIQUE_NAME( name ) INTERNAL_CATCH_UNIQUE_NAME_LINE( name, __COUNTER__ )
      |                                                                                     ^
In file included from main.cpp:85:
./test-r_vector_fwd-extended.h:317:3: warning: '__COUNTER__' is a C2y extension [-Wc2y-extensions]
  317 |   test_that("std::copy with iterators") {
      |   ^
/home/pacha/R/x86_64-pc-linux-gnu-library/4.6/testthat/include/testthat/testthat.h:188:20: note: expanded from macro 'test_that'
  188 | # define test_that CATCH_SECTION
      |                    ^
/home/pacha/R/x86_64-pc-linux-gnu-library/4.6/testthat/include/testthat/vendor/catch.hpp:17627:30: note: expanded from macro 'CATCH_SECTION'
 17627 | #define CATCH_SECTION( ... ) INTERNAL_CATCH_SECTION( __VA_ARGS__ )
       |                              ^
/home/pacha/R/x86_64-pc-linux-gnu-library/4.6/testthat/include/testthat/vendor/catch.hpp:2940:31: note: expanded from macro 'INTERNAL_CATCH_SECTION'
 2940 |     if( Catch::Section const& INTERNAL_CATCH_UNIQUE_NAME( catch_internal_Section ) = Catch::SectionInfo( CATCH_INTERNAL_LINEINFO, __VA_ARGS__ ) ) \
      |                               ^
/home/pacha/R/x86_64-pc-linux-gnu-library/4.6/testthat/include/testthat/vendor/catch.hpp:478:85: note: expanded from macro 'INTERNAL_CATCH_UNIQUE_NAME'
  478 | #  define INTERNAL_CATCH_UNIQUE_NAME( name ) INTERNAL_CATCH_UNIQUE_NAME_LINE( name, __COUNTER__ )
      |                                                                                     ^
In file included from main.cpp:85:
./test-r_vector_fwd-extended.h:330:3: warning: '__COUNTER__' is a C2y extension [-Wc2y-extensions]
  330 |   test_that("std::transform with iterators") {
      |   ^
/home/pacha/R/x86_64-pc-linux-gnu-library/4.6/testthat/include/testthat/testthat.h:188:20: note: expanded from macro 'test_that'
  188 | # define test_that CATCH_SECTION
      |                    ^
/home/pacha/R/x86_64-pc-linux-gnu-library/4.6/testthat/include/testthat/vendor/catch.hpp:17627:30: note: expanded from macro 'CATCH_SECTION'
 17627 | #define CATCH_SECTION( ... ) INTERNAL_CATCH_SECTION( __VA_ARGS__ )
       |                              ^
/home/pacha/R/x86_64-pc-linux-gnu-library/4.6/testthat/include/testthat/vendor/catch.hpp:2940:31: note: expanded from macro 'INTERNAL_CATCH_SECTION'
 2940 |     if( Catch::Section const& INTERNAL_CATCH_UNIQUE_NAME( catch_internal_Section ) = Catch::SectionInfo( CATCH_INTERNAL_LINEINFO, __VA_ARGS__ ) ) \
      |                               ^
/home/pacha/R/x86_64-pc-linux-gnu-library/4.6/testthat/include/testthat/vendor/catch.hpp:478:85: note: expanded from macro 'INTERNAL_CATCH_UNIQUE_NAME'
  478 | #  define INTERNAL_CATCH_UNIQUE_NAME( name ) INTERNAL_CATCH_UNIQUE_NAME_LINE( name, __COUNTER__ )
      |                                                                                     ^
In file included from main.cpp:85:
./test-r_vector_fwd-extended.h:343:3: warning: '__COUNTER__' is a C2y extension [-Wc2y-extensions]
  343 |   test_that("std::find with iterators") {
      |   ^
/home/pacha/R/x86_64-pc-linux-gnu-library/4.6/testthat/include/testthat/testthat.h:188:20: note: expanded from macro 'test_that'
  188 | # define test_that CATCH_SECTION
      |                    ^
/home/pacha/R/x86_64-pc-linux-gnu-library/4.6/testthat/include/testthat/vendor/catch.hpp:17627:30: note: expanded from macro 'CATCH_SECTION'
 17627 | #define CATCH_SECTION( ... ) INTERNAL_CATCH_SECTION( __VA_ARGS__ )
       |                              ^
/home/pacha/R/x86_64-pc-linux-gnu-library/4.6/testthat/include/testthat/vendor/catch.hpp:2940:31: note: expanded from macro 'INTERNAL_CATCH_SECTION'
 2940 |     if( Catch::Section const& INTERNAL_CATCH_UNIQUE_NAME( catch_internal_Section ) = Catch::SectionInfo( CATCH_INTERNAL_LINEINFO, __VA_ARGS__ ) ) \
      |                               ^
/home/pacha/R/x86_64-pc-linux-gnu-library/4.6/testthat/include/testthat/vendor/catch.hpp:478:85: note: expanded from macro 'INTERNAL_CATCH_UNIQUE_NAME'
  478 | #  define INTERNAL_CATCH_UNIQUE_NAME( name ) INTERNAL_CATCH_UNIQUE_NAME_LINE( name, __COUNTER__ )
      |                                                                                     ^
In file included from main.cpp:85:
./test-r_vector_fwd-extended.h:354:3: warning: '__COUNTER__' is a C2y extension [-Wc2y-extensions]
  354 |   test_that("std::count with iterators") {
      |   ^
/home/pacha/R/x86_64-pc-linux-gnu-library/4.6/testthat/include/testthat/testthat.h:188:20: note: expanded from macro 'test_that'
  188 | # define test_that CATCH_SECTION
      |                    ^
/home/pacha/R/x86_64-pc-linux-gnu-library/4.6/testthat/include/testthat/vendor/catch.hpp:17627:30: note: expanded from macro 'CATCH_SECTION'
 17627 | #define CATCH_SECTION( ... ) INTERNAL_CATCH_SECTION( __VA_ARGS__ )
       |                              ^
/home/pacha/R/x86_64-pc-linux-gnu-library/4.6/testthat/include/testthat/vendor/catch.hpp:2940:31: note: expanded from macro 'INTERNAL_CATCH_SECTION'
 2940 |     if( Catch::Section const& INTERNAL_CATCH_UNIQUE_NAME( catch_internal_Section ) = Catch::SectionInfo( CATCH_INTERNAL_LINEINFO, __VA_ARGS__ ) ) \
      |                               ^
/home/pacha/R/x86_64-pc-linux-gnu-library/4.6/testthat/include/testthat/vendor/catch.hpp:478:85: note: expanded from macro 'INTERNAL_CATCH_UNIQUE_NAME'
  478 | #  define INTERNAL_CATCH_UNIQUE_NAME( name ) INTERNAL_CATCH_UNIQUE_NAME_LINE( name, __COUNTER__ )
      |                                                                                     ^
In file included from main.cpp:85:
./test-r_vector_fwd-extended.h:368:3: warning: '__COUNTER__' is a C2y extension [-Wc2y-extensions]
  368 |   test_that("read-only integers iterator") {
      |   ^
/home/pacha/R/x86_64-pc-linux-gnu-library/4.6/testthat/include/testthat/testthat.h:188:20: note: expanded from macro 'test_that'
  188 | # define test_that CATCH_SECTION
      |                    ^
/home/pacha/R/x86_64-pc-linux-gnu-library/4.6/testthat/include/testthat/vendor/catch.hpp:17627:30: note: expanded from macro 'CATCH_SECTION'
 17627 | #define CATCH_SECTION( ... ) INTERNAL_CATCH_SECTION( __VA_ARGS__ )
       |                              ^
/home/pacha/R/x86_64-pc-linux-gnu-library/4.6/testthat/include/testthat/vendor/catch.hpp:2940:31: note: expanded from macro 'INTERNAL_CATCH_SECTION'
 2940 |     if( Catch::Section const& INTERNAL_CATCH_UNIQUE_NAME( catch_internal_Section ) = Catch::SectionInfo( CATCH_INTERNAL_LINEINFO, __VA_ARGS__ ) ) \
      |                               ^
/home/pacha/R/x86_64-pc-linux-gnu-library/4.6/testthat/include/testthat/vendor/catch.hpp:478:85: note: expanded from macro 'INTERNAL_CATCH_UNIQUE_NAME'
  478 | #  define INTERNAL_CATCH_UNIQUE_NAME( name ) INTERNAL_CATCH_UNIQUE_NAME_LINE( name, __COUNTER__ )
      |                                                                                     ^
In file included from main.cpp:85:
./test-r_vector_fwd-extended.h:388:3: warning: '__COUNTER__' is a C2y extension [-Wc2y-extensions]
  388 |   test_that("read-only doubles iterator") {
      |   ^
/home/pacha/R/x86_64-pc-linux-gnu-library/4.6/testthat/include/testthat/testthat.h:188:20: note: expanded from macro 'test_that'
  188 | # define test_that CATCH_SECTION
      |                    ^
/home/pacha/R/x86_64-pc-linux-gnu-library/4.6/testthat/include/testthat/vendor/catch.hpp:17627:30: note: expanded from macro 'CATCH_SECTION'
 17627 | #define CATCH_SECTION( ... ) INTERNAL_CATCH_SECTION( __VA_ARGS__ )
       |                              ^
/home/pacha/R/x86_64-pc-linux-gnu-library/4.6/testthat/include/testthat/vendor/catch.hpp:2940:31: note: expanded from macro 'INTERNAL_CATCH_SECTION'
 2940 |     if( Catch::Section const& INTERNAL_CATCH_UNIQUE_NAME( catch_internal_Section ) = Catch::SectionInfo( CATCH_INTERNAL_LINEINFO, __VA_ARGS__ ) ) \
      |                               ^
/home/pacha/R/x86_64-pc-linux-gnu-library/4.6/testthat/include/testthat/vendor/catch.hpp:478:85: note: expanded from macro 'INTERNAL_CATCH_UNIQUE_NAME'
  478 | #  define INTERNAL_CATCH_UNIQUE_NAME( name ) INTERNAL_CATCH_UNIQUE_NAME_LINE( name, __COUNTER__ )
      |                                                                                     ^
In file included from main.cpp:85:
./test-r_vector_fwd-extended.h:408:3: warning: '__COUNTER__' is a C2y extension [-Wc2y-extensions]
  408 |   test_that("read-only strings iterator") {
      |   ^
/home/pacha/R/x86_64-pc-linux-gnu-library/4.6/testthat/include/testthat/testthat.h:188:20: note: expanded from macro 'test_that'
  188 | # define test_that CATCH_SECTION
      |                    ^
/home/pacha/R/x86_64-pc-linux-gnu-library/4.6/testthat/include/testthat/vendor/catch.hpp:17627:30: note: expanded from macro 'CATCH_SECTION'
 17627 | #define CATCH_SECTION( ... ) INTERNAL_CATCH_SECTION( __VA_ARGS__ )
       |                              ^
/home/pacha/R/x86_64-pc-linux-gnu-library/4.6/testthat/include/testthat/vendor/catch.hpp:2940:31: note: expanded from macro 'INTERNAL_CATCH_SECTION'
 2940 |     if( Catch::Section const& INTERNAL_CATCH_UNIQUE_NAME( catch_internal_Section ) = Catch::SectionInfo( CATCH_INTERNAL_LINEINFO, __VA_ARGS__ ) ) \
      |                               ^
/home/pacha/R/x86_64-pc-linux-gnu-library/4.6/testthat/include/testthat/vendor/catch.hpp:478:85: note: expanded from macro 'INTERNAL_CATCH_UNIQUE_NAME'
  478 | #  define INTERNAL_CATCH_UNIQUE_NAME( name ) INTERNAL_CATCH_UNIQUE_NAME_LINE( name, __COUNTER__ )
      |                                                                                     ^
In file included from main.cpp:85:
./test-r_vector_fwd-extended.h:430:3: warning: '__COUNTER__' is a C2y extension [-Wc2y-extensions]
  430 |   test_that("empty vector iteration") {
      |   ^
/home/pacha/R/x86_64-pc-linux-gnu-library/4.6/testthat/include/testthat/testthat.h:188:20: note: expanded from macro 'test_that'
  188 | # define test_that CATCH_SECTION
      |                    ^
/home/pacha/R/x86_64-pc-linux-gnu-library/4.6/testthat/include/testthat/vendor/catch.hpp:17627:30: note: expanded from macro 'CATCH_SECTION'
 17627 | #define CATCH_SECTION( ... ) INTERNAL_CATCH_SECTION( __VA_ARGS__ )
       |                              ^
/home/pacha/R/x86_64-pc-linux-gnu-library/4.6/testthat/include/testthat/vendor/catch.hpp:2940:31: note: expanded from macro 'INTERNAL_CATCH_SECTION'
 2940 |     if( Catch::Section const& INTERNAL_CATCH_UNIQUE_NAME( catch_internal_Section ) = Catch::SectionInfo( CATCH_INTERNAL_LINEINFO, __VA_ARGS__ ) ) \
      |                               ^
/home/pacha/R/x86_64-pc-linux-gnu-library/4.6/testthat/include/testthat/vendor/catch.hpp:478:85: note: expanded from macro 'INTERNAL_CATCH_UNIQUE_NAME'
  478 | #  define INTERNAL_CATCH_UNIQUE_NAME( name ) INTERNAL_CATCH_UNIQUE_NAME_LINE( name, __COUNTER__ )
      |                                                                                     ^
In file included from main.cpp:85:
./test-r_vector_fwd-extended.h:441:3: warning: '__COUNTER__' is a C2y extension [-Wc2y-extensions]
  441 |   test_that("single element vector iteration") {
      |   ^
/home/pacha/R/x86_64-pc-linux-gnu-library/4.6/testthat/include/testthat/testthat.h:188:20: note: expanded from macro 'test_that'
  188 | # define test_that CATCH_SECTION
      |                    ^
/home/pacha/R/x86_64-pc-linux-gnu-library/4.6/testthat/include/testthat/vendor/catch.hpp:17627:30: note: expanded from macro 'CATCH_SECTION'
 17627 | #define CATCH_SECTION( ... ) INTERNAL_CATCH_SECTION( __VA_ARGS__ )
       |                              ^
/home/pacha/R/x86_64-pc-linux-gnu-library/4.6/testthat/include/testthat/vendor/catch.hpp:2940:31: note: expanded from macro 'INTERNAL_CATCH_SECTION'
 2940 |     if( Catch::Section const& INTERNAL_CATCH_UNIQUE_NAME( catch_internal_Section ) = Catch::SectionInfo( CATCH_INTERNAL_LINEINFO, __VA_ARGS__ ) ) \
      |                               ^
/home/pacha/R/x86_64-pc-linux-gnu-library/4.6/testthat/include/testthat/vendor/catch.hpp:478:85: note: expanded from macro 'INTERNAL_CATCH_UNIQUE_NAME'
  478 | #  define INTERNAL_CATCH_UNIQUE_NAME( name ) INTERNAL_CATCH_UNIQUE_NAME_LINE( name, __COUNTER__ )
      |                                                                                     ^
In file included from main.cpp:85:
./test-r_vector_fwd-extended.h:450:3: warning: '__COUNTER__' is a C2y extension [-Wc2y-extensions]
  450 |   test_that("iterator to exactly BUF_THRESHOLD elements") {
      |   ^
/home/pacha/R/x86_64-pc-linux-gnu-library/4.6/testthat/include/testthat/testthat.h:188:20: note: expanded from macro 'test_that'
  188 | # define test_that CATCH_SECTION
      |                    ^
/home/pacha/R/x86_64-pc-linux-gnu-library/4.6/testthat/include/testthat/vendor/catch.hpp:17627:30: note: expanded from macro 'CATCH_SECTION'
 17627 | #define CATCH_SECTION( ... ) INTERNAL_CATCH_SECTION( __VA_ARGS__ )
       |                              ^
/home/pacha/R/x86_64-pc-linux-gnu-library/4.6/testthat/include/testthat/vendor/catch.hpp:2940:31: note: expanded from macro 'INTERNAL_CATCH_SECTION'
 2940 |     if( Catch::Section const& INTERNAL_CATCH_UNIQUE_NAME( catch_internal_Section ) = Catch::SectionInfo( CATCH_INTERNAL_LINEINFO, __VA_ARGS__ ) ) \
      |                               ^
/home/pacha/R/x86_64-pc-linux-gnu-library/4.6/testthat/include/testthat/vendor/catch.hpp:478:85: note: expanded from macro 'INTERNAL_CATCH_UNIQUE_NAME'
  478 | #  define INTERNAL_CATCH_UNIQUE_NAME( name ) INTERNAL_CATCH_UNIQUE_NAME_LINE( name, __COUNTER__ )
      |                                                                                     ^
In file included from main.cpp:85:
./test-r_vector_fwd-extended.h:467:3: warning: '__COUNTER__' is a C2y extension [-Wc2y-extensions]
  467 |   test_that("iterator to BUF_THRESHOLD + 1 elements") {
      |   ^
/home/pacha/R/x86_64-pc-linux-gnu-library/4.6/testthat/include/testthat/testthat.h:188:20: note: expanded from macro 'test_that'
  188 | # define test_that CATCH_SECTION
      |                    ^
/home/pacha/R/x86_64-pc-linux-gnu-library/4.6/testthat/include/testthat/vendor/catch.hpp:17627:30: note: expanded from macro 'CATCH_SECTION'
 17627 | #define CATCH_SECTION( ... ) INTERNAL_CATCH_SECTION( __VA_ARGS__ )
       |                              ^
/home/pacha/R/x86_64-pc-linux-gnu-library/4.6/testthat/include/testthat/vendor/catch.hpp:2940:31: note: expanded from macro 'INTERNAL_CATCH_SECTION'
 2940 |     if( Catch::Section const& INTERNAL_CATCH_UNIQUE_NAME( catch_internal_Section ) = Catch::SectionInfo( CATCH_INTERNAL_LINEINFO, __VA_ARGS__ ) ) \
      |                               ^
/home/pacha/R/x86_64-pc-linux-gnu-library/4.6/testthat/include/testthat/vendor/catch.hpp:478:85: note: expanded from macro 'INTERNAL_CATCH_UNIQUE_NAME'
  478 | #  define INTERNAL_CATCH_UNIQUE_NAME( name ) INTERNAL_CATCH_UNIQUE_NAME_LINE( name, __COUNTER__ )
      |                                                                                     ^
In file included from main.cpp:85:
./test-r_vector_fwd-extended.h:488:3: warning: '__COUNTER__' is a C2y extension [-Wc2y-extensions]
  488 |   test_that("find_cached with pre-translated names vector") {
      |   ^
/home/pacha/R/x86_64-pc-linux-gnu-library/4.6/testthat/include/testthat/testthat.h:188:20: note: expanded from macro 'test_that'
  188 | # define test_that CATCH_SECTION
      |                    ^
/home/pacha/R/x86_64-pc-linux-gnu-library/4.6/testthat/include/testthat/vendor/catch.hpp:17627:30: note: expanded from macro 'CATCH_SECTION'
 17627 | #define CATCH_SECTION( ... ) INTERNAL_CATCH_SECTION( __VA_ARGS__ )
       |                              ^
/home/pacha/R/x86_64-pc-linux-gnu-library/4.6/testthat/include/testthat/vendor/catch.hpp:2940:31: note: expanded from macro 'INTERNAL_CATCH_SECTION'
 2940 |     if( Catch::Section const& INTERNAL_CATCH_UNIQUE_NAME( catch_internal_Section ) = Catch::SectionInfo( CATCH_INTERNAL_LINEINFO, __VA_ARGS__ ) ) \
      |                               ^
/home/pacha/R/x86_64-pc-linux-gnu-library/4.6/testthat/include/testthat/vendor/catch.hpp:478:85: note: expanded from macro 'INTERNAL_CATCH_UNIQUE_NAME'
  478 | #  define INTERNAL_CATCH_UNIQUE_NAME( name ) INTERNAL_CATCH_UNIQUE_NAME_LINE( name, __COUNTER__ )
      |                                                                                     ^
In file included from main.cpp:85:
./test-r_vector_fwd-extended.h:517:3: warning: '__COUNTER__' is a C2y extension [-Wc2y-extensions]
  517 |   test_that("find with names cache overload") {
      |   ^
/home/pacha/R/x86_64-pc-linux-gnu-library/4.6/testthat/include/testthat/testthat.h:188:20: note: expanded from macro 'test_that'
  188 | # define test_that CATCH_SECTION
      |                    ^
/home/pacha/R/x86_64-pc-linux-gnu-library/4.6/testthat/include/testthat/vendor/catch.hpp:17627:30: note: expanded from macro 'CATCH_SECTION'
 17627 | #define CATCH_SECTION( ... ) INTERNAL_CATCH_SECTION( __VA_ARGS__ )
       |                              ^
/home/pacha/R/x86_64-pc-linux-gnu-library/4.6/testthat/include/testthat/vendor/catch.hpp:2940:31: note: expanded from macro 'INTERNAL_CATCH_SECTION'
 2940 |     if( Catch::Section const& INTERNAL_CATCH_UNIQUE_NAME( catch_internal_Section ) = Catch::SectionInfo( CATCH_INTERNAL_LINEINFO, __VA_ARGS__ ) ) \
      |                               ^
/home/pacha/R/x86_64-pc-linux-gnu-library/4.6/testthat/include/testthat/vendor/catch.hpp:478:85: note: expanded from macro 'INTERNAL_CATCH_UNIQUE_NAME'
  478 | #  define INTERNAL_CATCH_UNIQUE_NAME( name ) INTERNAL_CATCH_UNIQUE_NAME_LINE( name, __COUNTER__ )
      |                                                                                     ^
In file included from main.cpp:85:
./test-r_vector_fwd-extended.h:541:3: warning: '__COUNTER__' is a C2y extension [-Wc2y-extensions]
  541 |   test_that("proxy arithmetic operators") {
      |   ^
/home/pacha/R/x86_64-pc-linux-gnu-library/4.6/testthat/include/testthat/testthat.h:188:20: note: expanded from macro 'test_that'
  188 | # define test_that CATCH_SECTION
      |                    ^
/home/pacha/R/x86_64-pc-linux-gnu-library/4.6/testthat/include/testthat/vendor/catch.hpp:17627:30: note: expanded from macro 'CATCH_SECTION'
 17627 | #define CATCH_SECTION( ... ) INTERNAL_CATCH_SECTION( __VA_ARGS__ )
       |                              ^
/home/pacha/R/x86_64-pc-linux-gnu-library/4.6/testthat/include/testthat/vendor/catch.hpp:2940:31: note: expanded from macro 'INTERNAL_CATCH_SECTION'
 2940 |     if( Catch::Section const& INTERNAL_CATCH_UNIQUE_NAME( catch_internal_Section ) = Catch::SectionInfo( CATCH_INTERNAL_LINEINFO, __VA_ARGS__ ) ) \
      |                               ^
/home/pacha/R/x86_64-pc-linux-gnu-library/4.6/testthat/include/testthat/vendor/catch.hpp:478:85: note: expanded from macro 'INTERNAL_CATCH_UNIQUE_NAME'
  478 | #  define INTERNAL_CATCH_UNIQUE_NAME( name ) INTERNAL_CATCH_UNIQUE_NAME_LINE( name, __COUNTER__ )
      |                                                                                     ^
In file included from main.cpp:85:
./test-r_vector_fwd-extended.h:561:3: warning: '__COUNTER__' is a C2y extension [-Wc2y-extensions]
  561 |   test_that("proxy increment/decrement operators") {
      |   ^
/home/pacha/R/x86_64-pc-linux-gnu-library/4.6/testthat/include/testthat/testthat.h:188:20: note: expanded from macro 'test_that'
  188 | # define test_that CATCH_SECTION
      |                    ^
/home/pacha/R/x86_64-pc-linux-gnu-library/4.6/testthat/include/testthat/vendor/catch.hpp:17627:30: note: expanded from macro 'CATCH_SECTION'
 17627 | #define CATCH_SECTION( ... ) INTERNAL_CATCH_SECTION( __VA_ARGS__ )
       |                              ^
/home/pacha/R/x86_64-pc-linux-gnu-library/4.6/testthat/include/testthat/vendor/catch.hpp:2940:31: note: expanded from macro 'INTERNAL_CATCH_SECTION'
 2940 |     if( Catch::Section const& INTERNAL_CATCH_UNIQUE_NAME( catch_internal_Section ) = Catch::SectionInfo( CATCH_INTERNAL_LINEINFO, __VA_ARGS__ ) ) \
      |                               ^
/home/pacha/R/x86_64-pc-linux-gnu-library/4.6/testthat/include/testthat/vendor/catch.hpp:478:85: note: expanded from macro 'INTERNAL_CATCH_UNIQUE_NAME'
  478 | #  define INTERNAL_CATCH_UNIQUE_NAME( name ) INTERNAL_CATCH_UNIQUE_NAME_LINE( name, __COUNTER__ )
      |                                                                                     ^
In file included from main.cpp:85:
./test-r_vector_fwd-extended.h:581:3: warning: '__COUNTER__' is a C2y extension [-Wc2y-extensions]
  581 |   test_that("proxy assignment from another proxy") {
      |   ^
/home/pacha/R/x86_64-pc-linux-gnu-library/4.6/testthat/include/testthat/testthat.h:188:20: note: expanded from macro 'test_that'
  188 | # define test_that CATCH_SECTION
      |                    ^
/home/pacha/R/x86_64-pc-linux-gnu-library/4.6/testthat/include/testthat/vendor/catch.hpp:17627:30: note: expanded from macro 'CATCH_SECTION'
 17627 | #define CATCH_SECTION( ... ) INTERNAL_CATCH_SECTION( __VA_ARGS__ )
       |                              ^
/home/pacha/R/x86_64-pc-linux-gnu-library/4.6/testthat/include/testthat/vendor/catch.hpp:2940:31: note: expanded from macro 'INTERNAL_CATCH_SECTION'
 2940 |     if( Catch::Section const& INTERNAL_CATCH_UNIQUE_NAME( catch_internal_Section ) = Catch::SectionInfo( CATCH_INTERNAL_LINEINFO, __VA_ARGS__ ) ) \
      |                               ^
/home/pacha/R/x86_64-pc-linux-gnu-library/4.6/testthat/include/testthat/vendor/catch.hpp:478:85: note: expanded from macro 'INTERNAL_CATCH_UNIQUE_NAME'
  478 | #  define INTERNAL_CATCH_UNIQUE_NAME( name ) INTERNAL_CATCH_UNIQUE_NAME_LINE( name, __COUNTER__ )
      |                                                                                     ^
In file included from main.cpp:85:
./test-r_vector_fwd-extended.h:594:3: warning: '__COUNTER__' is a C2y extension [-Wc2y-extensions]
  594 |   test_that("value method for integers") {
      |   ^
/home/pacha/R/x86_64-pc-linux-gnu-library/4.6/testthat/include/testthat/testthat.h:188:20: note: expanded from macro 'test_that'
  188 | # define test_that CATCH_SECTION
      |                    ^
/home/pacha/R/x86_64-pc-linux-gnu-library/4.6/testthat/include/testthat/vendor/catch.hpp:17627:30: note: expanded from macro 'CATCH_SECTION'
 17627 | #define CATCH_SECTION( ... ) INTERNAL_CATCH_SECTION( __VA_ARGS__ )
       |                              ^
/home/pacha/R/x86_64-pc-linux-gnu-library/4.6/testthat/include/testthat/vendor/catch.hpp:2940:31: note: expanded from macro 'INTERNAL_CATCH_SECTION'
 2940 |     if( Catch::Section const& INTERNAL_CATCH_UNIQUE_NAME( catch_internal_Section ) = Catch::SectionInfo( CATCH_INTERNAL_LINEINFO, __VA_ARGS__ ) ) \
      |                               ^
/home/pacha/R/x86_64-pc-linux-gnu-library/4.6/testthat/include/testthat/vendor/catch.hpp:478:85: note: expanded from macro 'INTERNAL_CATCH_UNIQUE_NAME'
  478 | #  define INTERNAL_CATCH_UNIQUE_NAME( name ) INTERNAL_CATCH_UNIQUE_NAME_LINE( name, __COUNTER__ )
      |                                                                                     ^
In file included from main.cpp:85:
./test-r_vector_fwd-extended.h:606:3: warning: '__COUNTER__' is a C2y extension [-Wc2y-extensions]
  606 |   test_that("value method for doubles") {
      |   ^
/home/pacha/R/x86_64-pc-linux-gnu-library/4.6/testthat/include/testthat/testthat.h:188:20: note: expanded from macro 'test_that'
  188 | # define test_that CATCH_SECTION
      |                    ^
/home/pacha/R/x86_64-pc-linux-gnu-library/4.6/testthat/include/testthat/vendor/catch.hpp:17627:30: note: expanded from macro 'CATCH_SECTION'
 17627 | #define CATCH_SECTION( ... ) INTERNAL_CATCH_SECTION( __VA_ARGS__ )
       |                              ^
/home/pacha/R/x86_64-pc-linux-gnu-library/4.6/testthat/include/testthat/vendor/catch.hpp:2940:31: note: expanded from macro 'INTERNAL_CATCH_SECTION'
 2940 |     if( Catch::Section const& INTERNAL_CATCH_UNIQUE_NAME( catch_internal_Section ) = Catch::SectionInfo( CATCH_INTERNAL_LINEINFO, __VA_ARGS__ ) ) \
      |                               ^
/home/pacha/R/x86_64-pc-linux-gnu-library/4.6/testthat/include/testthat/vendor/catch.hpp:478:85: note: expanded from macro 'INTERNAL_CATCH_UNIQUE_NAME'
  478 | #  define INTERNAL_CATCH_UNIQUE_NAME( name ) INTERNAL_CATCH_UNIQUE_NAME_LINE( name, __COUNTER__ )
      |                                                                                     ^
In file included from main.cpp:85:
./test-r_vector_fwd-extended.h:622:3: warning: '__COUNTER__' is a C2y extension [-Wc2y-extensions]
  622 |   test_that("at() bounds checking for integers") {
      |   ^
/home/pacha/R/x86_64-pc-linux-gnu-library/4.6/testthat/include/testthat/testthat.h:188:20: note: expanded from macro 'test_that'
  188 | # define test_that CATCH_SECTION
      |                    ^
/home/pacha/R/x86_64-pc-linux-gnu-library/4.6/testthat/include/testthat/vendor/catch.hpp:17627:30: note: expanded from macro 'CATCH_SECTION'
 17627 | #define CATCH_SECTION( ... ) INTERNAL_CATCH_SECTION( __VA_ARGS__ )
       |                              ^
/home/pacha/R/x86_64-pc-linux-gnu-library/4.6/testthat/include/testthat/vendor/catch.hpp:2940:31: note: expanded from macro 'INTERNAL_CATCH_SECTION'
 2940 |     if( Catch::Section const& INTERNAL_CATCH_UNIQUE_NAME( catch_internal_Section ) = Catch::SectionInfo( CATCH_INTERNAL_LINEINFO, __VA_ARGS__ ) ) \
      |                               ^
/home/pacha/R/x86_64-pc-linux-gnu-library/4.6/testthat/include/testthat/vendor/catch.hpp:478:85: note: expanded from macro 'INTERNAL_CATCH_UNIQUE_NAME'
  478 | #  define INTERNAL_CATCH_UNIQUE_NAME( name ) INTERNAL_CATCH_UNIQUE_NAME_LINE( name, __COUNTER__ )
      |                                                                                     ^
In file included from main.cpp:85:
./test-r_vector_fwd-extended.h:633:3: warning: '__COUNTER__' is a C2y extension [-Wc2y-extensions]
  633 |   test_that("at() with name lookup") {
      |   ^
/home/pacha/R/x86_64-pc-linux-gnu-library/4.6/testthat/include/testthat/testthat.h:188:20: note: expanded from macro 'test_that'
  188 | # define test_that CATCH_SECTION
      |                    ^
/home/pacha/R/x86_64-pc-linux-gnu-library/4.6/testthat/include/testthat/vendor/catch.hpp:17627:30: note: expanded from macro 'CATCH_SECTION'
 17627 | #define CATCH_SECTION( ... ) INTERNAL_CATCH_SECTION( __VA_ARGS__ )
       |                              ^
/home/pacha/R/x86_64-pc-linux-gnu-library/4.6/testthat/include/testthat/vendor/catch.hpp:2940:31: note: expanded from macro 'INTERNAL_CATCH_SECTION'
 2940 |     if( Catch::Section const& INTERNAL_CATCH_UNIQUE_NAME( catch_internal_Section ) = Catch::SectionInfo( CATCH_INTERNAL_LINEINFO, __VA_ARGS__ ) ) \
      |                               ^
/home/pacha/R/x86_64-pc-linux-gnu-library/4.6/testthat/include/testthat/vendor/catch.hpp:478:85: note: expanded from macro 'INTERNAL_CATCH_UNIQUE_NAME'
  478 | #  define INTERNAL_CATCH_UNIQUE_NAME( name ) INTERNAL_CATCH_UNIQUE_NAME_LINE( name, __COUNTER__ )
      |                                                                                     ^
In file included from main.cpp:85:
./test-r_vector_fwd-extended.h:648:3: warning: '__COUNTER__' is a C2y extension [-Wc2y-extensions]
  648 |   test_that("operator SEXP conversion") {
      |   ^
/home/pacha/R/x86_64-pc-linux-gnu-library/4.6/testthat/include/testthat/testthat.h:188:20: note: expanded from macro 'test_that'
  188 | # define test_that CATCH_SECTION
      |                    ^
/home/pacha/R/x86_64-pc-linux-gnu-library/4.6/testthat/include/testthat/vendor/catch.hpp:17627:30: note: expanded from macro 'CATCH_SECTION'
 17627 | #define CATCH_SECTION( ... ) INTERNAL_CATCH_SECTION( __VA_ARGS__ )
       |                              ^
/home/pacha/R/x86_64-pc-linux-gnu-library/4.6/testthat/include/testthat/vendor/catch.hpp:2940:31: note: expanded from macro 'INTERNAL_CATCH_SECTION'
 2940 |     if( Catch::Section const& INTERNAL_CATCH_UNIQUE_NAME( catch_internal_Section ) = Catch::SectionInfo( CATCH_INTERNAL_LINEINFO, __VA_ARGS__ ) ) \
      |                               ^
/home/pacha/R/x86_64-pc-linux-gnu-library/4.6/testthat/include/testthat/vendor/catch.hpp:478:85: note: expanded from macro 'INTERNAL_CATCH_UNIQUE_NAME'
  478 | #  define INTERNAL_CATCH_UNIQUE_NAME( name ) INTERNAL_CATCH_UNIQUE_NAME_LINE( name, __COUNTER__ )
      |                                                                                     ^
In file included from main.cpp:85:
./test-r_vector_fwd-extended.h:657:3: warning: '__COUNTER__' is a C2y extension [-Wc2y-extensions]
  657 |   test_that("operator sexp conversion") {
      |   ^
/home/pacha/R/x86_64-pc-linux-gnu-library/4.6/testthat/include/testthat/testthat.h:188:20: note: expanded from macro 'test_that'
  188 | # define test_that CATCH_SECTION
      |                    ^
/home/pacha/R/x86_64-pc-linux-gnu-library/4.6/testthat/include/testthat/vendor/catch.hpp:17627:30: note: expanded from macro 'CATCH_SECTION'
 17627 | #define CATCH_SECTION( ... ) INTERNAL_CATCH_SECTION( __VA_ARGS__ )
       |                              ^
/home/pacha/R/x86_64-pc-linux-gnu-library/4.6/testthat/include/testthat/vendor/catch.hpp:2940:31: note: expanded from macro 'INTERNAL_CATCH_SECTION'
 2940 |     if( Catch::Section const& INTERNAL_CATCH_UNIQUE_NAME( catch_internal_Section ) = Catch::SectionInfo( CATCH_INTERNAL_LINEINFO, __VA_ARGS__ ) ) \
      |                               ^
/home/pacha/R/x86_64-pc-linux-gnu-library/4.6/testthat/include/testthat/vendor/catch.hpp:478:85: note: expanded from macro 'INTERNAL_CATCH_UNIQUE_NAME'
  478 | #  define INTERNAL_CATCH_UNIQUE_NAME( name ) INTERNAL_CATCH_UNIQUE_NAME_LINE( name, __COUNTER__ )
      |                                                                                     ^
In file included from main.cpp:85:
./test-r_vector_fwd-extended.h:670:3: warning: '__COUNTER__' is a C2y extension [-Wc2y-extensions]
  670 |   test_that("constructor from iterator range") {
      |   ^
/home/pacha/R/x86_64-pc-linux-gnu-library/4.6/testthat/include/testthat/testthat.h:188:20: note: expanded from macro 'test_that'
  188 | # define test_that CATCH_SECTION
      |                    ^
/home/pacha/R/x86_64-pc-linux-gnu-library/4.6/testthat/include/testthat/vendor/catch.hpp:17627:30: note: expanded from macro 'CATCH_SECTION'
 17627 | #define CATCH_SECTION( ... ) INTERNAL_CATCH_SECTION( __VA_ARGS__ )
       |                              ^
/home/pacha/R/x86_64-pc-linux-gnu-library/4.6/testthat/include/testthat/vendor/catch.hpp:2940:31: note: expanded from macro 'INTERNAL_CATCH_SECTION'
 2940 |     if( Catch::Section const& INTERNAL_CATCH_UNIQUE_NAME( catch_internal_Section ) = Catch::SectionInfo( CATCH_INTERNAL_LINEINFO, __VA_ARGS__ ) ) \
      |                               ^
/home/pacha/R/x86_64-pc-linux-gnu-library/4.6/testthat/include/testthat/vendor/catch.hpp:478:85: note: expanded from macro 'INTERNAL_CATCH_UNIQUE_NAME'
  478 | #  define INTERNAL_CATCH_UNIQUE_NAME( name ) INTERNAL_CATCH_UNIQUE_NAME_LINE( name, __COUNTER__ )
      |                                                                                     ^
In file included from main.cpp:85:
./test-r_vector_fwd-extended.h:679:3: warning: '__COUNTER__' is a C2y extension [-Wc2y-extensions]
  679 |   test_that("constructor from container") {
      |   ^
/home/pacha/R/x86_64-pc-linux-gnu-library/4.6/testthat/include/testthat/testthat.h:188:20: note: expanded from macro 'test_that'
  188 | # define test_that CATCH_SECTION
      |                    ^
/home/pacha/R/x86_64-pc-linux-gnu-library/4.6/testthat/include/testthat/vendor/catch.hpp:17627:30: note: expanded from macro 'CATCH_SECTION'
 17627 | #define CATCH_SECTION( ... ) INTERNAL_CATCH_SECTION( __VA_ARGS__ )
       |                              ^
/home/pacha/R/x86_64-pc-linux-gnu-library/4.6/testthat/include/testthat/vendor/catch.hpp:2940:31: note: expanded from macro 'INTERNAL_CATCH_SECTION'
 2940 |     if( Catch::Section const& INTERNAL_CATCH_UNIQUE_NAME( catch_internal_Section ) = Catch::SectionInfo( CATCH_INTERNAL_LINEINFO, __VA_ARGS__ ) ) \
      |                               ^
/home/pacha/R/x86_64-pc-linux-gnu-library/4.6/testthat/include/testthat/vendor/catch.hpp:478:85: note: expanded from macro 'INTERNAL_CATCH_UNIQUE_NAME'
  478 | #  define INTERNAL_CATCH_UNIQUE_NAME( name ) INTERNAL_CATCH_UNIQUE_NAME_LINE( name, __COUNTER__ )
      |                                                                                     ^
In file included from main.cpp:85:
./test-r_vector_fwd-extended.h:688:3: warning: '__COUNTER__' is a C2y extension [-Wc2y-extensions]
  688 |   test_that("constructor with explicit size") {
      |   ^
/home/pacha/R/x86_64-pc-linux-gnu-library/4.6/testthat/include/testthat/testthat.h:188:20: note: expanded from macro 'test_that'
  188 | # define test_that CATCH_SECTION
      |                    ^
/home/pacha/R/x86_64-pc-linux-gnu-library/4.6/testthat/include/testthat/vendor/catch.hpp:17627:30: note: expanded from macro 'CATCH_SECTION'
 17627 | #define CATCH_SECTION( ... ) INTERNAL_CATCH_SECTION( __VA_ARGS__ )
       |                              ^
/home/pacha/R/x86_64-pc-linux-gnu-library/4.6/testthat/include/testthat/vendor/catch.hpp:2940:31: note: expanded from macro 'INTERNAL_CATCH_SECTION'
 2940 |     if( Catch::Section const& INTERNAL_CATCH_UNIQUE_NAME( catch_internal_Section ) = Catch::SectionInfo( CATCH_INTERNAL_LINEINFO, __VA_ARGS__ ) ) \
      |                               ^
/home/pacha/R/x86_64-pc-linux-gnu-library/4.6/testthat/include/testthat/vendor/catch.hpp:478:85: note: expanded from macro 'INTERNAL_CATCH_UNIQUE_NAME'
  478 | #  define INTERNAL_CATCH_UNIQUE_NAME( name ) INTERNAL_CATCH_UNIQUE_NAME_LINE( name, __COUNTER__ )
      |                                                                                     ^
In file included from main.cpp:85:
./test-r_vector_fwd-extended.h:706:3: warning: '__COUNTER__' is a C2y extension [-Wc2y-extensions]
  706 |   test_that("type_error exception message") {
      |   ^
/home/pacha/R/x86_64-pc-linux-gnu-library/4.6/testthat/include/testthat/testthat.h:188:20: note: expanded from macro 'test_that'
  188 | # define test_that CATCH_SECTION
      |                    ^
/home/pacha/R/x86_64-pc-linux-gnu-library/4.6/testthat/include/testthat/vendor/catch.hpp:17627:30: note: expanded from macro 'CATCH_SECTION'
 17627 | #define CATCH_SECTION( ... ) INTERNAL_CATCH_SECTION( __VA_ARGS__ )
       |                              ^
/home/pacha/R/x86_64-pc-linux-gnu-library/4.6/testthat/include/testthat/vendor/catch.hpp:2940:31: note: expanded from macro 'INTERNAL_CATCH_SECTION'
 2940 |     if( Catch::Section const& INTERNAL_CATCH_UNIQUE_NAME( catch_internal_Section ) = Catch::SectionInfo( CATCH_INTERNAL_LINEINFO, __VA_ARGS__ ) ) \
      |                               ^
/home/pacha/R/x86_64-pc-linux-gnu-library/4.6/testthat/include/testthat/vendor/catch.hpp:478:85: note: expanded from macro 'INTERNAL_CATCH_UNIQUE_NAME'
  478 | #  define INTERNAL_CATCH_UNIQUE_NAME( name ) INTERNAL_CATCH_UNIQUE_NAME_LINE( name, __COUNTER__ )
      |                                                                                     ^
In file included from main.cpp:85:
./test-r_vector_fwd-extended.h:718:3: warning: '__COUNTER__' is a C2y extension [-Wc2y-extensions]
  718 |   test_that("type_error thrown on wrong type") {
      |   ^
/home/pacha/R/x86_64-pc-linux-gnu-library/4.6/testthat/include/testthat/testthat.h:188:20: note: expanded from macro 'test_that'
  188 | # define test_that CATCH_SECTION
      |                    ^
/home/pacha/R/x86_64-pc-linux-gnu-library/4.6/testthat/include/testthat/vendor/catch.hpp:17627:30: note: expanded from macro 'CATCH_SECTION'
 17627 | #define CATCH_SECTION( ... ) INTERNAL_CATCH_SECTION( __VA_ARGS__ )
       |                              ^
/home/pacha/R/x86_64-pc-linux-gnu-library/4.6/testthat/include/testthat/vendor/catch.hpp:2940:31: note: expanded from macro 'INTERNAL_CATCH_SECTION'
 2940 |     if( Catch::Section const& INTERNAL_CATCH_UNIQUE_NAME( catch_internal_Section ) = Catch::SectionInfo( CATCH_INTERNAL_LINEINFO, __VA_ARGS__ ) ) \
      |                               ^
/home/pacha/R/x86_64-pc-linux-gnu-library/4.6/testthat/include/testthat/vendor/catch.hpp:478:85: note: expanded from macro 'INTERNAL_CATCH_UNIQUE_NAME'
  478 | #  define INTERNAL_CATCH_UNIQUE_NAME( name ) INTERNAL_CATCH_UNIQUE_NAME_LINE( name, __COUNTER__ )
      |                                                                                     ^
In file included from main.cpp:85:
./test-r_vector_fwd-extended.h:730:3: warning: '__COUNTER__' is a C2y extension [-Wc2y-extensions]
  730 |   test_that("is_altrep returns false for regular vectors") {
      |   ^
/home/pacha/R/x86_64-pc-linux-gnu-library/4.6/testthat/include/testthat/testthat.h:188:20: note: expanded from macro 'test_that'
  188 | # define test_that CATCH_SECTION
      |                    ^
/home/pacha/R/x86_64-pc-linux-gnu-library/4.6/testthat/include/testthat/vendor/catch.hpp:17627:30: note: expanded from macro 'CATCH_SECTION'
 17627 | #define CATCH_SECTION( ... ) INTERNAL_CATCH_SECTION( __VA_ARGS__ )
       |                              ^
/home/pacha/R/x86_64-pc-linux-gnu-library/4.6/testthat/include/testthat/vendor/catch.hpp:2940:31: note: expanded from macro 'INTERNAL_CATCH_SECTION'
 2940 |     if( Catch::Section const& INTERNAL_CATCH_UNIQUE_NAME( catch_internal_Section ) = Catch::SectionInfo( CATCH_INTERNAL_LINEINFO, __VA_ARGS__ ) ) \
      |                               ^
/home/pacha/R/x86_64-pc-linux-gnu-library/4.6/testthat/include/testthat/vendor/catch.hpp:478:85: note: expanded from macro 'INTERNAL_CATCH_UNIQUE_NAME'
  478 | #  define INTERNAL_CATCH_UNIQUE_NAME( name ) INTERNAL_CATCH_UNIQUE_NAME_LINE( name, __COUNTER__ )
      |                                                                                     ^
In file included from main.cpp:85:
./test-r_vector_fwd-extended.h:748:3: warning: '__COUNTER__' is a C2y extension [-Wc2y-extensions]
  748 |   test_that("data_ptr for read-only vectors") {
      |   ^
/home/pacha/R/x86_64-pc-linux-gnu-library/4.6/testthat/include/testthat/testthat.h:188:20: note: expanded from macro 'test_that'
  188 | # define test_that CATCH_SECTION
      |                    ^
/home/pacha/R/x86_64-pc-linux-gnu-library/4.6/testthat/include/testthat/vendor/catch.hpp:17627:30: note: expanded from macro 'CATCH_SECTION'
 17627 | #define CATCH_SECTION( ... ) INTERNAL_CATCH_SECTION( __VA_ARGS__ )
       |                              ^
/home/pacha/R/x86_64-pc-linux-gnu-library/4.6/testthat/include/testthat/vendor/catch.hpp:2940:31: note: expanded from macro 'INTERNAL_CATCH_SECTION'
 2940 |     if( Catch::Section const& INTERNAL_CATCH_UNIQUE_NAME( catch_internal_Section ) = Catch::SectionInfo( CATCH_INTERNAL_LINEINFO, __VA_ARGS__ ) ) \
      |                               ^
/home/pacha/R/x86_64-pc-linux-gnu-library/4.6/testthat/include/testthat/vendor/catch.hpp:478:85: note: expanded from macro 'INTERNAL_CATCH_UNIQUE_NAME'
  478 | #  define INTERNAL_CATCH_UNIQUE_NAME( name ) INTERNAL_CATCH_UNIQUE_NAME_LINE( name, __COUNTER__ )
      |                                                                                     ^
In file included from main.cpp:85:
./test-r_vector_fwd-extended.h:767:3: warning: '__COUNTER__' is a C2y extension [-Wc2y-extensions]
  767 |   test_that("data_ptr_writable for writable vectors") {
      |   ^
/home/pacha/R/x86_64-pc-linux-gnu-library/4.6/testthat/include/testthat/testthat.h:188:20: note: expanded from macro 'test_that'
  188 | # define test_that CATCH_SECTION
      |                    ^
/home/pacha/R/x86_64-pc-linux-gnu-library/4.6/testthat/include/testthat/vendor/catch.hpp:17627:30: note: expanded from macro 'CATCH_SECTION'
 17627 | #define CATCH_SECTION( ... ) INTERNAL_CATCH_SECTION( __VA_ARGS__ )
       |                              ^
/home/pacha/R/x86_64-pc-linux-gnu-library/4.6/testthat/include/testthat/vendor/catch.hpp:2940:31: note: expanded from macro 'INTERNAL_CATCH_SECTION'
 2940 |     if( Catch::Section const& INTERNAL_CATCH_UNIQUE_NAME( catch_internal_Section ) = Catch::SectionInfo( CATCH_INTERNAL_LINEINFO, __VA_ARGS__ ) ) \
      |                               ^
/home/pacha/R/x86_64-pc-linux-gnu-library/4.6/testthat/include/testthat/vendor/catch.hpp:478:85: note: expanded from macro 'INTERNAL_CATCH_UNIQUE_NAME'
  478 | #  define INTERNAL_CATCH_UNIQUE_NAME( name ) INTERNAL_CATCH_UNIQUE_NAME_LINE( name, __COUNTER__ )
      |                                                                                     ^
In file included from main.cpp:85:
./test-r_vector_fwd-extended.h:783:3: warning: '__COUNTER__' is a C2y extension [-Wc2y-extensions]
  783 |   test_that("iterator operator- returns new iterator") {
      |   ^
/home/pacha/R/x86_64-pc-linux-gnu-library/4.6/testthat/include/testthat/testthat.h:188:20: note: expanded from macro 'test_that'
  188 | # define test_that CATCH_SECTION
      |                    ^
/home/pacha/R/x86_64-pc-linux-gnu-library/4.6/testthat/include/testthat/vendor/catch.hpp:17627:30: note: expanded from macro 'CATCH_SECTION'
 17627 | #define CATCH_SECTION( ... ) INTERNAL_CATCH_SECTION( __VA_ARGS__ )
       |                              ^
/home/pacha/R/x86_64-pc-linux-gnu-library/4.6/testthat/include/testthat/vendor/catch.hpp:2940:31: note: expanded from macro 'INTERNAL_CATCH_SECTION'
 2940 |     if( Catch::Section const& INTERNAL_CATCH_UNIQUE_NAME( catch_internal_Section ) = Catch::SectionInfo( CATCH_INTERNAL_LINEINFO, __VA_ARGS__ ) ) \
      |                               ^
/home/pacha/R/x86_64-pc-linux-gnu-library/4.6/testthat/include/testthat/vendor/catch.hpp:478:85: note: expanded from macro 'INTERNAL_CATCH_UNIQUE_NAME'
  478 | #  define INTERNAL_CATCH_UNIQUE_NAME( name ) INTERNAL_CATCH_UNIQUE_NAME_LINE( name, __COUNTER__ )
      |                                                                                     ^
In file included from main.cpp:85:
./test-r_vector_fwd-extended.h:796:3: warning: '__COUNTER__' is a C2y extension [-Wc2y-extensions]
  796 |   test_that("logicals proxy equality") {
      |   ^
/home/pacha/R/x86_64-pc-linux-gnu-library/4.6/testthat/include/testthat/testthat.h:188:20: note: expanded from macro 'test_that'
  188 | # define test_that CATCH_SECTION
      |                    ^
/home/pacha/R/x86_64-pc-linux-gnu-library/4.6/testthat/include/testthat/vendor/catch.hpp:17627:30: note: expanded from macro 'CATCH_SECTION'
 17627 | #define CATCH_SECTION( ... ) INTERNAL_CATCH_SECTION( __VA_ARGS__ )
       |                              ^
/home/pacha/R/x86_64-pc-linux-gnu-library/4.6/testthat/include/testthat/vendor/catch.hpp:2940:31: note: expanded from macro 'INTERNAL_CATCH_SECTION'
 2940 |     if( Catch::Section const& INTERNAL_CATCH_UNIQUE_NAME( catch_internal_Section ) = Catch::SectionInfo( CATCH_INTERNAL_LINEINFO, __VA_ARGS__ ) ) \
      |                               ^
/home/pacha/R/x86_64-pc-linux-gnu-library/4.6/testthat/include/testthat/vendor/catch.hpp:478:85: note: expanded from macro 'INTERNAL_CATCH_UNIQUE_NAME'
  478 | #  define INTERNAL_CATCH_UNIQUE_NAME( name ) INTERNAL_CATCH_UNIQUE_NAME_LINE( name, __COUNTER__ )
      |                                                                                     ^
In file included from main.cpp:85:
./test-r_vector_fwd-extended.h:809:3: warning: '__COUNTER__' is a C2y extension [-Wc2y-extensions]
  809 |   test_that("logicals iterator fill_buf on large read-only vector") {
      |   ^
/home/pacha/R/x86_64-pc-linux-gnu-library/4.6/testthat/include/testthat/testthat.h:188:20: note: expanded from macro 'test_that'
  188 | # define test_that CATCH_SECTION
      |                    ^
/home/pacha/R/x86_64-pc-linux-gnu-library/4.6/testthat/include/testthat/vendor/catch.hpp:17627:30: note: expanded from macro 'CATCH_SECTION'
 17627 | #define CATCH_SECTION( ... ) INTERNAL_CATCH_SECTION( __VA_ARGS__ )
       |                              ^
/home/pacha/R/x86_64-pc-linux-gnu-library/4.6/testthat/include/testthat/vendor/catch.hpp:2940:31: note: expanded from macro 'INTERNAL_CATCH_SECTION'
 2940 |     if( Catch::Section const& INTERNAL_CATCH_UNIQUE_NAME( catch_internal_Section ) = Catch::SectionInfo( CATCH_INTERNAL_LINEINFO, __VA_ARGS__ ) ) \
      |                               ^
/home/pacha/R/x86_64-pc-linux-gnu-library/4.6/testthat/include/testthat/vendor/catch.hpp:478:85: note: expanded from macro 'INTERNAL_CATCH_UNIQUE_NAME'
  478 | #  define INTERNAL_CATCH_UNIQUE_NAME( name ) INTERNAL_CATCH_UNIQUE_NAME_LINE( name, __COUNTER__ )
      |                                                                                     ^
In file included from main.cpp:85:
./test-r_vector_fwd-extended.h:833:3: warning: '__COUNTER__' is a C2y extension [-Wc2y-extensions]
  833 |   test_that("raws iterator fill_buf on large read-only vector") {
      |   ^
/home/pacha/R/x86_64-pc-linux-gnu-library/4.6/testthat/include/testthat/testthat.h:188:20: note: expanded from macro 'test_that'
  188 | # define test_that CATCH_SECTION
      |                    ^
/home/pacha/R/x86_64-pc-linux-gnu-library/4.6/testthat/include/testthat/vendor/catch.hpp:17627:30: note: expanded from macro 'CATCH_SECTION'
 17627 | #define CATCH_SECTION( ... ) INTERNAL_CATCH_SECTION( __VA_ARGS__ )
       |                              ^
/home/pacha/R/x86_64-pc-linux-gnu-library/4.6/testthat/include/testthat/vendor/catch.hpp:2940:31: note: expanded from macro 'INTERNAL_CATCH_SECTION'
 2940 |     if( Catch::Section const& INTERNAL_CATCH_UNIQUE_NAME( catch_internal_Section ) = Catch::SectionInfo( CATCH_INTERNAL_LINEINFO, __VA_ARGS__ ) ) \
      |                               ^
/home/pacha/R/x86_64-pc-linux-gnu-library/4.6/testthat/include/testthat/vendor/catch.hpp:478:85: note: expanded from macro 'INTERNAL_CATCH_UNIQUE_NAME'
  478 | #  define INTERNAL_CATCH_UNIQUE_NAME( name ) INTERNAL_CATCH_UNIQUE_NAME_LINE( name, __COUNTER__ )
      |                                                                                     ^
In file included from main.cpp:85:
./test-r_vector_fwd-extended.h:858:3: warning: '__COUNTER__' is a C2y extension [-Wc2y-extensions]
  858 |   test_that("logicals set_elt boundary conditions") {
      |   ^
/home/pacha/R/x86_64-pc-linux-gnu-library/4.6/testthat/include/testthat/testthat.h:188:20: note: expanded from macro 'test_that'
  188 | # define test_that CATCH_SECTION
      |                    ^
/home/pacha/R/x86_64-pc-linux-gnu-library/4.6/testthat/include/testthat/vendor/catch.hpp:17627:30: note: expanded from macro 'CATCH_SECTION'
 17627 | #define CATCH_SECTION( ... ) INTERNAL_CATCH_SECTION( __VA_ARGS__ )
       |                              ^
/home/pacha/R/x86_64-pc-linux-gnu-library/4.6/testthat/include/testthat/vendor/catch.hpp:2940:31: note: expanded from macro 'INTERNAL_CATCH_SECTION'
 2940 |     if( Catch::Section const& INTERNAL_CATCH_UNIQUE_NAME( catch_internal_Section ) = Catch::SectionInfo( CATCH_INTERNAL_LINEINFO, __VA_ARGS__ ) ) \
      |                               ^
/home/pacha/R/x86_64-pc-linux-gnu-library/4.6/testthat/include/testthat/vendor/catch.hpp:478:85: note: expanded from macro 'INTERNAL_CATCH_UNIQUE_NAME'
  478 | #  define INTERNAL_CATCH_UNIQUE_NAME( name ) INTERNAL_CATCH_UNIQUE_NAME_LINE( name, __COUNTER__ )
      |                                                                                     ^
In file included from main.cpp:85:
./test-r_vector_fwd-extended.h:871:3: warning: '__COUNTER__' is a C2y extension [-Wc2y-extensions]
  871 |   test_that("raws set_elt boundary conditions") {
      |   ^
/home/pacha/R/x86_64-pc-linux-gnu-library/4.6/testthat/include/testthat/testthat.h:188:20: note: expanded from macro 'test_that'
  188 | # define test_that CATCH_SECTION
      |                    ^
/home/pacha/R/x86_64-pc-linux-gnu-library/4.6/testthat/include/testthat/vendor/catch.hpp:17627:30: note: expanded from macro 'CATCH_SECTION'
 17627 | #define CATCH_SECTION( ... ) INTERNAL_CATCH_SECTION( __VA_ARGS__ )
       |                              ^
/home/pacha/R/x86_64-pc-linux-gnu-library/4.6/testthat/include/testthat/vendor/catch.hpp:2940:31: note: expanded from macro 'INTERNAL_CATCH_SECTION'
 2940 |     if( Catch::Section const& INTERNAL_CATCH_UNIQUE_NAME( catch_internal_Section ) = Catch::SectionInfo( CATCH_INTERNAL_LINEINFO, __VA_ARGS__ ) ) \
      |                               ^
/home/pacha/R/x86_64-pc-linux-gnu-library/4.6/testthat/include/testthat/vendor/catch.hpp:478:85: note: expanded from macro 'INTERNAL_CATCH_UNIQUE_NAME'
  478 | #  define INTERNAL_CATCH_UNIQUE_NAME( name ) INTERNAL_CATCH_UNIQUE_NAME_LINE( name, __COUNTER__ )
      |                                                                                     ^
In file included from main.cpp:85:
./test-r_vector_fwd-extended.h:884:3: warning: '__COUNTER__' is a C2y extension [-Wc2y-extensions]
  884 |   test_that("logicals writable proxy comparison with literal") {
      |   ^
/home/pacha/R/x86_64-pc-linux-gnu-library/4.6/testthat/include/testthat/testthat.h:188:20: note: expanded from macro 'test_that'
  188 | # define test_that CATCH_SECTION
      |                    ^
/home/pacha/R/x86_64-pc-linux-gnu-library/4.6/testthat/include/testthat/vendor/catch.hpp:17627:30: note: expanded from macro 'CATCH_SECTION'
 17627 | #define CATCH_SECTION( ... ) INTERNAL_CATCH_SECTION( __VA_ARGS__ )
       |                              ^
/home/pacha/R/x86_64-pc-linux-gnu-library/4.6/testthat/include/testthat/vendor/catch.hpp:2940:31: note: expanded from macro 'INTERNAL_CATCH_SECTION'
 2940 |     if( Catch::Section const& INTERNAL_CATCH_UNIQUE_NAME( catch_internal_Section ) = Catch::SectionInfo( CATCH_INTERNAL_LINEINFO, __VA_ARGS__ ) ) \
      |                               ^
/home/pacha/R/x86_64-pc-linux-gnu-library/4.6/testthat/include/testthat/vendor/catch.hpp:478:85: note: expanded from macro 'INTERNAL_CATCH_UNIQUE_NAME'
  478 | #  define INTERNAL_CATCH_UNIQUE_NAME( name ) INTERNAL_CATCH_UNIQUE_NAME_LINE( name, __COUNTER__ )
      |                                                                                     ^
In file included from main.cpp:85:
./test-r_vector_fwd-extended.h:897:3: warning: '__COUNTER__' is a C2y extension [-Wc2y-extensions]
  897 |   test_that("raws multiple assignments to same element") {
      |   ^
/home/pacha/R/x86_64-pc-linux-gnu-library/4.6/testthat/include/testthat/testthat.h:188:20: note: expanded from macro 'test_that'
  188 | # define test_that CATCH_SECTION
      |                    ^
/home/pacha/R/x86_64-pc-linux-gnu-library/4.6/testthat/include/testthat/vendor/catch.hpp:17627:30: note: expanded from macro 'CATCH_SECTION'
 17627 | #define CATCH_SECTION( ... ) INTERNAL_CATCH_SECTION( __VA_ARGS__ )
       |                              ^
/home/pacha/R/x86_64-pc-linux-gnu-library/4.6/testthat/include/testthat/vendor/catch.hpp:2940:31: note: expanded from macro 'INTERNAL_CATCH_SECTION'
 2940 |     if( Catch::Section const& INTERNAL_CATCH_UNIQUE_NAME( catch_internal_Section ) = Catch::SectionInfo( CATCH_INTERNAL_LINEINFO, __VA_ARGS__ ) ) \
      |                               ^
/home/pacha/R/x86_64-pc-linux-gnu-library/4.6/testthat/include/testthat/vendor/catch.hpp:478:85: note: expanded from macro 'INTERNAL_CATCH_UNIQUE_NAME'
  478 | #  define INTERNAL_CATCH_UNIQUE_NAME( name ) INTERNAL_CATCH_UNIQUE_NAME_LINE( name, __COUNTER__ )
      |                                                                                     ^
In file included from main.cpp:85:
./test-r_vector_fwd-extended.h:907:3: warning: '__COUNTER__' is a C2y extension [-Wc2y-extensions]
  907 |   test_that("logicals multiple assignments to same element") {
      |   ^
/home/pacha/R/x86_64-pc-linux-gnu-library/4.6/testthat/include/testthat/testthat.h:188:20: note: expanded from macro 'test_that'
  188 | # define test_that CATCH_SECTION
      |                    ^
/home/pacha/R/x86_64-pc-linux-gnu-library/4.6/testthat/include/testthat/vendor/catch.hpp:17627:30: note: expanded from macro 'CATCH_SECTION'
 17627 | #define CATCH_SECTION( ... ) INTERNAL_CATCH_SECTION( __VA_ARGS__ )
       |                              ^
/home/pacha/R/x86_64-pc-linux-gnu-library/4.6/testthat/include/testthat/vendor/catch.hpp:2940:31: note: expanded from macro 'INTERNAL_CATCH_SECTION'
 2940 |     if( Catch::Section const& INTERNAL_CATCH_UNIQUE_NAME( catch_internal_Section ) = Catch::SectionInfo( CATCH_INTERNAL_LINEINFO, __VA_ARGS__ ) ) \
      |                               ^
/home/pacha/R/x86_64-pc-linux-gnu-library/4.6/testthat/include/testthat/vendor/catch.hpp:478:85: note: expanded from macro 'INTERNAL_CATCH_UNIQUE_NAME'
  478 | #  define INTERNAL_CATCH_UNIQUE_NAME( name ) INTERNAL_CATCH_UNIQUE_NAME_LINE( name, __COUNTER__ )
      |                                                                                     ^
In file included from main.cpp:86:
./test-raws-extended.h:8:1: warning: '__COUNTER__' is a C2y extension [-Wc2y-extensions]
    8 | context("raws-extended-C++") {
      | ^
/home/pacha/R/x86_64-pc-linux-gnu-library/4.6/testthat/include/testthat/testthat.h:187:25: note: expanded from macro 'context'
  187 | # define context(__X__) CATCH_TEST_CASE(__X__ " | " __FILE__)
      |                         ^
/home/pacha/R/x86_64-pc-linux-gnu-library/4.6/testthat/include/testthat/vendor/catch.hpp:17623:32: note: expanded from macro 'CATCH_TEST_CASE'
 17623 | #define CATCH_TEST_CASE( ... ) INTERNAL_CATCH_TESTCASE( __VA_ARGS__ )
       |                                ^
/home/pacha/R/x86_64-pc-linux-gnu-library/4.6/testthat/include/testthat/vendor/catch.hpp:1062:35: note: expanded from macro 'INTERNAL_CATCH_TESTCASE'
 1062 |         INTERNAL_CATCH_TESTCASE2( INTERNAL_CATCH_UNIQUE_NAME( C_A_T_C_H_T_E_S_T_ ), __VA_ARGS__ )
      |                                   ^
/home/pacha/R/x86_64-pc-linux-gnu-library/4.6/testthat/include/testthat/vendor/catch.hpp:478:85: note: expanded from macro 'INTERNAL_CATCH_UNIQUE_NAME'
  478 | #  define INTERNAL_CATCH_UNIQUE_NAME( name ) INTERNAL_CATCH_UNIQUE_NAME_LINE( name, __COUNTER__ )
      |                                                                                     ^
In file included from main.cpp:86:
./test-raws-extended.h:8:1: warning: '__COUNTER__' is a C2y extension [-Wc2y-extensions]
/home/pacha/R/x86_64-pc-linux-gnu-library/4.6/testthat/include/testthat/testthat.h:187:25: note: expanded from macro 'context'
  187 | # define context(__X__) CATCH_TEST_CASE(__X__ " | " __FILE__)
      |                         ^
/home/pacha/R/x86_64-pc-linux-gnu-library/4.6/testthat/include/testthat/vendor/catch.hpp:17623:32: note: expanded from macro 'CATCH_TEST_CASE'
 17623 | #define CATCH_TEST_CASE( ... ) INTERNAL_CATCH_TESTCASE( __VA_ARGS__ )
       |                                ^
/home/pacha/R/x86_64-pc-linux-gnu-library/4.6/testthat/include/testthat/vendor/catch.hpp:1062:9: note: expanded from macro 'INTERNAL_CATCH_TESTCASE'
 1062 |         INTERNAL_CATCH_TESTCASE2( INTERNAL_CATCH_UNIQUE_NAME( C_A_T_C_H_T_E_S_T_ ), __VA_ARGS__ )
      |         ^
/home/pacha/R/x86_64-pc-linux-gnu-library/4.6/testthat/include/testthat/vendor/catch.hpp:1058:35: note: expanded from macro 'INTERNAL_CATCH_TESTCASE2'
 1058 |         namespace{ Catch::AutoReg INTERNAL_CATCH_UNIQUE_NAME( autoRegistrar )( Catch::makeTestInvoker( &TestName ), CATCH_INTERNAL_LINEINFO, Catch::StringRef(), Catch::NameAndTags{ __VA_ARGS__ } ); } /* NOLINT */ \
      |                                   ^
/home/pacha/R/x86_64-pc-linux-gnu-library/4.6/testthat/include/testthat/vendor/catch.hpp:478:85: note: expanded from macro 'INTERNAL_CATCH_UNIQUE_NAME'
  478 | #  define INTERNAL_CATCH_UNIQUE_NAME( name ) INTERNAL_CATCH_UNIQUE_NAME_LINE( name, __COUNTER__ )
      |                                                                                     ^
In file included from main.cpp:86:
./test-raws-extended.h:13:3: warning: '__COUNTER__' is a C2y extension [-Wc2y-extensions]
   13 |   test_that("raws get_p returns nullptr when is_altrep is true") {
      |   ^
/home/pacha/R/x86_64-pc-linux-gnu-library/4.6/testthat/include/testthat/testthat.h:188:20: note: expanded from macro 'test_that'
  188 | # define test_that CATCH_SECTION
      |                    ^
/home/pacha/R/x86_64-pc-linux-gnu-library/4.6/testthat/include/testthat/vendor/catch.hpp:17627:30: note: expanded from macro 'CATCH_SECTION'
 17627 | #define CATCH_SECTION( ... ) INTERNAL_CATCH_SECTION( __VA_ARGS__ )
       |                              ^
/home/pacha/R/x86_64-pc-linux-gnu-library/4.6/testthat/include/testthat/vendor/catch.hpp:2940:31: note: expanded from macro 'INTERNAL_CATCH_SECTION'
 2940 |     if( Catch::Section const& INTERNAL_CATCH_UNIQUE_NAME( catch_internal_Section ) = Catch::SectionInfo( CATCH_INTERNAL_LINEINFO, __VA_ARGS__ ) ) \
      |                               ^
/home/pacha/R/x86_64-pc-linux-gnu-library/4.6/testthat/include/testthat/vendor/catch.hpp:478:85: note: expanded from macro 'INTERNAL_CATCH_UNIQUE_NAME'
  478 | #  define INTERNAL_CATCH_UNIQUE_NAME( name ) INTERNAL_CATCH_UNIQUE_NAME_LINE( name, __COUNTER__ )
      |                                                                                     ^
In file included from main.cpp:86:
./test-raws-extended.h:39:3: warning: '__COUNTER__' is a C2y extension [-Wc2y-extensions]
   39 |   test_that("raws use_buf returns true for simulated ALTREP") {
      |   ^
/home/pacha/R/x86_64-pc-linux-gnu-library/4.6/testthat/include/testthat/testthat.h:188:20: note: expanded from macro 'test_that'
  188 | # define test_that CATCH_SECTION
      |                    ^
/home/pacha/R/x86_64-pc-linux-gnu-library/4.6/testthat/include/testthat/vendor/catch.hpp:17627:30: note: expanded from macro 'CATCH_SECTION'
 17627 | #define CATCH_SECTION( ... ) INTERNAL_CATCH_SECTION( __VA_ARGS__ )
       |                              ^
/home/pacha/R/x86_64-pc-linux-gnu-library/4.6/testthat/include/testthat/vendor/catch.hpp:2940:31: note: expanded from macro 'INTERNAL_CATCH_SECTION'
 2940 |     if( Catch::Section const& INTERNAL_CATCH_UNIQUE_NAME( catch_internal_Section ) = Catch::SectionInfo( CATCH_INTERNAL_LINEINFO, __VA_ARGS__ ) ) \
      |                               ^
/home/pacha/R/x86_64-pc-linux-gnu-library/4.6/testthat/include/testthat/vendor/catch.hpp:478:85: note: expanded from macro 'INTERNAL_CATCH_UNIQUE_NAME'
  478 | #  define INTERNAL_CATCH_UNIQUE_NAME( name ) INTERNAL_CATCH_UNIQUE_NAME_LINE( name, __COUNTER__ )
      |                                                                                     ^
In file included from main.cpp:86:
./test-raws-extended.h:66:3: warning: '__COUNTER__' is a C2y extension [-Wc2y-extensions]
   66 |   test_that("raws iterator with simulated ALTREP exercises get_region") {
      |   ^
/home/pacha/R/x86_64-pc-linux-gnu-library/4.6/testthat/include/testthat/testthat.h:188:20: note: expanded from macro 'test_that'
  188 | # define test_that CATCH_SECTION
      |                    ^
/home/pacha/R/x86_64-pc-linux-gnu-library/4.6/testthat/include/testthat/vendor/catch.hpp:17627:30: note: expanded from macro 'CATCH_SECTION'
 17627 | #define CATCH_SECTION( ... ) INTERNAL_CATCH_SECTION( __VA_ARGS__ )
       |                              ^
/home/pacha/R/x86_64-pc-linux-gnu-library/4.6/testthat/include/testthat/vendor/catch.hpp:2940:31: note: expanded from macro 'INTERNAL_CATCH_SECTION'
 2940 |     if( Catch::Section const& INTERNAL_CATCH_UNIQUE_NAME( catch_internal_Section ) = Catch::SectionInfo( CATCH_INTERNAL_LINEINFO, __VA_ARGS__ ) ) \
      |                               ^
/home/pacha/R/x86_64-pc-linux-gnu-library/4.6/testthat/include/testthat/vendor/catch.hpp:478:85: note: expanded from macro 'INTERNAL_CATCH_UNIQUE_NAME'
  478 | #  define INTERNAL_CATCH_UNIQUE_NAME( name ) INTERNAL_CATCH_UNIQUE_NAME_LINE( name, __COUNTER__ )
      |                                                                                     ^
In file included from main.cpp:86:
./test-raws-extended.h:92:3: warning: '__COUNTER__' is a C2y extension [-Wc2y-extensions]
   92 |   test_that("raws read-only constructor from SEXP") {
      |   ^
/home/pacha/R/x86_64-pc-linux-gnu-library/4.6/testthat/include/testthat/testthat.h:188:20: note: expanded from macro 'test_that'
  188 | # define test_that CATCH_SECTION
      |                    ^
/home/pacha/R/x86_64-pc-linux-gnu-library/4.6/testthat/include/testthat/vendor/catch.hpp:17627:30: note: expanded from macro 'CATCH_SECTION'
 17627 | #define CATCH_SECTION( ... ) INTERNAL_CATCH_SECTION( __VA_ARGS__ )
       |                              ^
/home/pacha/R/x86_64-pc-linux-gnu-library/4.6/testthat/include/testthat/vendor/catch.hpp:2940:31: note: expanded from macro 'INTERNAL_CATCH_SECTION'
 2940 |     if( Catch::Section const& INTERNAL_CATCH_UNIQUE_NAME( catch_internal_Section ) = Catch::SectionInfo( CATCH_INTERNAL_LINEINFO, __VA_ARGS__ ) ) \
      |                               ^
/home/pacha/R/x86_64-pc-linux-gnu-library/4.6/testthat/include/testthat/vendor/catch.hpp:478:85: note: expanded from macro 'INTERNAL_CATCH_UNIQUE_NAME'
  478 | #  define INTERNAL_CATCH_UNIQUE_NAME( name ) INTERNAL_CATCH_UNIQUE_NAME_LINE( name, __COUNTER__ )
      |                                                                                     ^
In file included from main.cpp:86:
./test-raws-extended.h:112:3: warning: '__COUNTER__' is a C2y extension [-Wc2y-extensions]
  112 |   test_that("raws read-only iterator") {
      |   ^
/home/pacha/R/x86_64-pc-linux-gnu-library/4.6/testthat/include/testthat/testthat.h:188:20: note: expanded from macro 'test_that'
  188 | # define test_that CATCH_SECTION
      |                    ^
/home/pacha/R/x86_64-pc-linux-gnu-library/4.6/testthat/include/testthat/vendor/catch.hpp:17627:30: note: expanded from macro 'CATCH_SECTION'
 17627 | #define CATCH_SECTION( ... ) INTERNAL_CATCH_SECTION( __VA_ARGS__ )
       |                              ^
/home/pacha/R/x86_64-pc-linux-gnu-library/4.6/testthat/include/testthat/vendor/catch.hpp:2940:31: note: expanded from macro 'INTERNAL_CATCH_SECTION'
 2940 |     if( Catch::Section const& INTERNAL_CATCH_UNIQUE_NAME( catch_internal_Section ) = Catch::SectionInfo( CATCH_INTERNAL_LINEINFO, __VA_ARGS__ ) ) \
      |                               ^
/home/pacha/R/x86_64-pc-linux-gnu-library/4.6/testthat/include/testthat/vendor/catch.hpp:478:85: note: expanded from macro 'INTERNAL_CATCH_UNIQUE_NAME'
  478 | #  define INTERNAL_CATCH_UNIQUE_NAME( name ) INTERNAL_CATCH_UNIQUE_NAME_LINE( name, __COUNTER__ )
      |                                                                                     ^
In file included from main.cpp:86:
./test-raws-extended.h:136:3: warning: '__COUNTER__' is a C2y extension [-Wc2y-extensions]
  136 |   test_that("raws const iterator with cbegin/cend") {
      |   ^
/home/pacha/R/x86_64-pc-linux-gnu-library/4.6/testthat/include/testthat/testthat.h:188:20: note: expanded from macro 'test_that'
  188 | # define test_that CATCH_SECTION
      |                    ^
/home/pacha/R/x86_64-pc-linux-gnu-library/4.6/testthat/include/testthat/vendor/catch.hpp:17627:30: note: expanded from macro 'CATCH_SECTION'
 17627 | #define CATCH_SECTION( ... ) INTERNAL_CATCH_SECTION( __VA_ARGS__ )
       |                              ^
/home/pacha/R/x86_64-pc-linux-gnu-library/4.6/testthat/include/testthat/vendor/catch.hpp:2940:31: note: expanded from macro 'INTERNAL_CATCH_SECTION'
 2940 |     if( Catch::Section const& INTERNAL_CATCH_UNIQUE_NAME( catch_internal_Section ) = Catch::SectionInfo( CATCH_INTERNAL_LINEINFO, __VA_ARGS__ ) ) \
      |                               ^
/home/pacha/R/x86_64-pc-linux-gnu-library/4.6/testthat/include/testthat/vendor/catch.hpp:478:85: note: expanded from macro 'INTERNAL_CATCH_UNIQUE_NAME'
  478 | #  define INTERNAL_CATCH_UNIQUE_NAME( name ) INTERNAL_CATCH_UNIQUE_NAME_LINE( name, __COUNTER__ )
      |                                                                                     ^
In file included from main.cpp:86:
./test-raws-extended.h:158:3: warning: '__COUNTER__' is a C2y extension [-Wc2y-extensions]
  158 |   test_that("raws type validation") {
      |   ^
/home/pacha/R/x86_64-pc-linux-gnu-library/4.6/testthat/include/testthat/testthat.h:188:20: note: expanded from macro 'test_that'
  188 | # define test_that CATCH_SECTION
      |                    ^
/home/pacha/R/x86_64-pc-linux-gnu-library/4.6/testthat/include/testthat/vendor/catch.hpp:17627:30: note: expanded from macro 'CATCH_SECTION'
 17627 | #define CATCH_SECTION( ... ) INTERNAL_CATCH_SECTION( __VA_ARGS__ )
       |                              ^
/home/pacha/R/x86_64-pc-linux-gnu-library/4.6/testthat/include/testthat/vendor/catch.hpp:2940:31: note: expanded from macro 'INTERNAL_CATCH_SECTION'
 2940 |     if( Catch::Section const& INTERNAL_CATCH_UNIQUE_NAME( catch_internal_Section ) = Catch::SectionInfo( CATCH_INTERNAL_LINEINFO, __VA_ARGS__ ) ) \
      |                               ^
/home/pacha/R/x86_64-pc-linux-gnu-library/4.6/testthat/include/testthat/vendor/catch.hpp:478:85: note: expanded from macro 'INTERNAL_CATCH_UNIQUE_NAME'
  478 | #  define INTERNAL_CATCH_UNIQUE_NAME( name ) INTERNAL_CATCH_UNIQUE_NAME_LINE( name, __COUNTER__ )
      |                                                                                     ^
In file included from main.cpp:86:
./test-raws-extended.h:164:3: warning: '__COUNTER__' is a C2y extension [-Wc2y-extensions]
  164 |   test_that("raws empty vector") {
      |   ^
/home/pacha/R/x86_64-pc-linux-gnu-library/4.6/testthat/include/testthat/testthat.h:188:20: note: expanded from macro 'test_that'
  188 | # define test_that CATCH_SECTION
      |                    ^
/home/pacha/R/x86_64-pc-linux-gnu-library/4.6/testthat/include/testthat/vendor/catch.hpp:17627:30: note: expanded from macro 'CATCH_SECTION'
 17627 | #define CATCH_SECTION( ... ) INTERNAL_CATCH_SECTION( __VA_ARGS__ )
       |                              ^
/home/pacha/R/x86_64-pc-linux-gnu-library/4.6/testthat/include/testthat/vendor/catch.hpp:2940:31: note: expanded from macro 'INTERNAL_CATCH_SECTION'
 2940 |     if( Catch::Section const& INTERNAL_CATCH_UNIQUE_NAME( catch_internal_Section ) = Catch::SectionInfo( CATCH_INTERNAL_LINEINFO, __VA_ARGS__ ) ) \
      |                               ^
/home/pacha/R/x86_64-pc-linux-gnu-library/4.6/testthat/include/testthat/vendor/catch.hpp:478:85: note: expanded from macro 'INTERNAL_CATCH_UNIQUE_NAME'
  478 | #  define INTERNAL_CATCH_UNIQUE_NAME( name ) INTERNAL_CATCH_UNIQUE_NAME_LINE( name, __COUNTER__ )
      |                                                                                     ^
In file included from main.cpp:86:
./test-raws-extended.h:171:3: warning: '__COUNTER__' is a C2y extension [-Wc2y-extensions]
  171 |   test_that("raws data() accessor") {
      |   ^
/home/pacha/R/x86_64-pc-linux-gnu-library/4.6/testthat/include/testthat/testthat.h:188:20: note: expanded from macro 'test_that'
  188 | # define test_that CATCH_SECTION
      |                    ^
/home/pacha/R/x86_64-pc-linux-gnu-library/4.6/testthat/include/testthat/vendor/catch.hpp:17627:30: note: expanded from macro 'CATCH_SECTION'
 17627 | #define CATCH_SECTION( ... ) INTERNAL_CATCH_SECTION( __VA_ARGS__ )
       |                              ^
/home/pacha/R/x86_64-pc-linux-gnu-library/4.6/testthat/include/testthat/vendor/catch.hpp:2940:31: note: expanded from macro 'INTERNAL_CATCH_SECTION'
 2940 |     if( Catch::Section const& INTERNAL_CATCH_UNIQUE_NAME( catch_internal_Section ) = Catch::SectionInfo( CATCH_INTERNAL_LINEINFO, __VA_ARGS__ ) ) \
      |                               ^
/home/pacha/R/x86_64-pc-linux-gnu-library/4.6/testthat/include/testthat/vendor/catch.hpp:478:85: note: expanded from macro 'INTERNAL_CATCH_UNIQUE_NAME'
  478 | #  define INTERNAL_CATCH_UNIQUE_NAME( name ) INTERNAL_CATCH_UNIQUE_NAME_LINE( name, __COUNTER__ )
      |                                                                                     ^
In file included from main.cpp:86:
./test-raws-extended.h:190:3: warning: '__COUNTER__' is a C2y extension [-Wc2y-extensions]
  190 |   test_that("writable raws iterator arithmetic") {
      |   ^
/home/pacha/R/x86_64-pc-linux-gnu-library/4.6/testthat/include/testthat/testthat.h:188:20: note: expanded from macro 'test_that'
  188 | # define test_that CATCH_SECTION
      |                    ^
/home/pacha/R/x86_64-pc-linux-gnu-library/4.6/testthat/include/testthat/vendor/catch.hpp:17627:30: note: expanded from macro 'CATCH_SECTION'
 17627 | #define CATCH_SECTION( ... ) INTERNAL_CATCH_SECTION( __VA_ARGS__ )
       |                              ^
/home/pacha/R/x86_64-pc-linux-gnu-library/4.6/testthat/include/testthat/vendor/catch.hpp:2940:31: note: expanded from macro 'INTERNAL_CATCH_SECTION'
 2940 |     if( Catch::Section const& INTERNAL_CATCH_UNIQUE_NAME( catch_internal_Section ) = Catch::SectionInfo( CATCH_INTERNAL_LINEINFO, __VA_ARGS__ ) ) \
      |                               ^
/home/pacha/R/x86_64-pc-linux-gnu-library/4.6/testthat/include/testthat/vendor/catch.hpp:478:85: note: expanded from macro 'INTERNAL_CATCH_UNIQUE_NAME'
  478 | #  define INTERNAL_CATCH_UNIQUE_NAME( name ) INTERNAL_CATCH_UNIQUE_NAME_LINE( name, __COUNTER__ )
      |                                                                                     ^
In file included from main.cpp:86:
./test-raws-extended.h:207:3: warning: '__COUNTER__' is a C2y extension [-Wc2y-extensions]
  207 |   test_that("writable raws with STL algorithms") {
      |   ^
/home/pacha/R/x86_64-pc-linux-gnu-library/4.6/testthat/include/testthat/testthat.h:188:20: note: expanded from macro 'test_that'
  188 | # define test_that CATCH_SECTION
      |                    ^
/home/pacha/R/x86_64-pc-linux-gnu-library/4.6/testthat/include/testthat/vendor/catch.hpp:17627:30: note: expanded from macro 'CATCH_SECTION'
 17627 | #define CATCH_SECTION( ... ) INTERNAL_CATCH_SECTION( __VA_ARGS__ )
       |                              ^
/home/pacha/R/x86_64-pc-linux-gnu-library/4.6/testthat/include/testthat/vendor/catch.hpp:2940:31: note: expanded from macro 'INTERNAL_CATCH_SECTION'
 2940 |     if( Catch::Section const& INTERNAL_CATCH_UNIQUE_NAME( catch_internal_Section ) = Catch::SectionInfo( CATCH_INTERNAL_LINEINFO, __VA_ARGS__ ) ) \
      |                               ^
/home/pacha/R/x86_64-pc-linux-gnu-library/4.6/testthat/include/testthat/vendor/catch.hpp:478:85: note: expanded from macro 'INTERNAL_CATCH_UNIQUE_NAME'
  478 | #  define INTERNAL_CATCH_UNIQUE_NAME( name ) INTERNAL_CATCH_UNIQUE_NAME_LINE( name, __COUNTER__ )
      |                                                                                     ^
In file included from main.cpp:86:
./test-raws-extended.h:221:3: warning: '__COUNTER__' is a C2y extension [-Wc2y-extensions]
  221 |   test_that("writable raws clear") {
      |   ^
/home/pacha/R/x86_64-pc-linux-gnu-library/4.6/testthat/include/testthat/testthat.h:188:20: note: expanded from macro 'test_that'
  188 | # define test_that CATCH_SECTION
      |                    ^
/home/pacha/R/x86_64-pc-linux-gnu-library/4.6/testthat/include/testthat/vendor/catch.hpp:17627:30: note: expanded from macro 'CATCH_SECTION'
 17627 | #define CATCH_SECTION( ... ) INTERNAL_CATCH_SECTION( __VA_ARGS__ )
       |                              ^
/home/pacha/R/x86_64-pc-linux-gnu-library/4.6/testthat/include/testthat/vendor/catch.hpp:2940:31: note: expanded from macro 'INTERNAL_CATCH_SECTION'
 2940 |     if( Catch::Section const& INTERNAL_CATCH_UNIQUE_NAME( catch_internal_Section ) = Catch::SectionInfo( CATCH_INTERNAL_LINEINFO, __VA_ARGS__ ) ) \
      |                               ^
/home/pacha/R/x86_64-pc-linux-gnu-library/4.6/testthat/include/testthat/vendor/catch.hpp:478:85: note: expanded from macro 'INTERNAL_CATCH_UNIQUE_NAME'
  478 | #  define INTERNAL_CATCH_UNIQUE_NAME( name ) INTERNAL_CATCH_UNIQUE_NAME_LINE( name, __COUNTER__ )
      |                                                                                     ^
In file included from main.cpp:86:
./test-raws-extended.h:230:3: warning: '__COUNTER__' is a C2y extension [-Wc2y-extensions]
  230 |   test_that("writable raws reserve") {
      |   ^
/home/pacha/R/x86_64-pc-linux-gnu-library/4.6/testthat/include/testthat/testthat.h:188:20: note: expanded from macro 'test_that'
  188 | # define test_that CATCH_SECTION
      |                    ^
/home/pacha/R/x86_64-pc-linux-gnu-library/4.6/testthat/include/testthat/vendor/catch.hpp:17627:30: note: expanded from macro 'CATCH_SECTION'
 17627 | #define CATCH_SECTION( ... ) INTERNAL_CATCH_SECTION( __VA_ARGS__ )
       |                              ^
/home/pacha/R/x86_64-pc-linux-gnu-library/4.6/testthat/include/testthat/vendor/catch.hpp:2940:31: note: expanded from macro 'INTERNAL_CATCH_SECTION'
 2940 |     if( Catch::Section const& INTERNAL_CATCH_UNIQUE_NAME( catch_internal_Section ) = Catch::SectionInfo( CATCH_INTERNAL_LINEINFO, __VA_ARGS__ ) ) \
      |                               ^
/home/pacha/R/x86_64-pc-linux-gnu-library/4.6/testthat/include/testthat/vendor/catch.hpp:478:85: note: expanded from macro 'INTERNAL_CATCH_UNIQUE_NAME'
  478 | #  define INTERNAL_CATCH_UNIQUE_NAME( name ) INTERNAL_CATCH_UNIQUE_NAME_LINE( name, __COUNTER__ )
      |                                                                                     ^
In file included from main.cpp:86:
./test-raws-extended.h:242:3: warning: '__COUNTER__' is a C2y extension [-Wc2y-extensions]
  242 |   test_that("writable raws copy constructor") {
      |   ^
/home/pacha/R/x86_64-pc-linux-gnu-library/4.6/testthat/include/testthat/testthat.h:188:20: note: expanded from macro 'test_that'
  188 | # define test_that CATCH_SECTION
      |                    ^
/home/pacha/R/x86_64-pc-linux-gnu-library/4.6/testthat/include/testthat/vendor/catch.hpp:17627:30: note: expanded from macro 'CATCH_SECTION'
 17627 | #define CATCH_SECTION( ... ) INTERNAL_CATCH_SECTION( __VA_ARGS__ )
       |                              ^
/home/pacha/R/x86_64-pc-linux-gnu-library/4.6/testthat/include/testthat/vendor/catch.hpp:2940:31: note: expanded from macro 'INTERNAL_CATCH_SECTION'
 2940 |     if( Catch::Section const& INTERNAL_CATCH_UNIQUE_NAME( catch_internal_Section ) = Catch::SectionInfo( CATCH_INTERNAL_LINEINFO, __VA_ARGS__ ) ) \
      |                               ^
/home/pacha/R/x86_64-pc-linux-gnu-library/4.6/testthat/include/testthat/vendor/catch.hpp:478:85: note: expanded from macro 'INTERNAL_CATCH_UNIQUE_NAME'
  478 | #  define INTERNAL_CATCH_UNIQUE_NAME( name ) INTERNAL_CATCH_UNIQUE_NAME_LINE( name, __COUNTER__ )
      |                                                                                     ^
In file included from main.cpp:86:
./test-raws-extended.h:257:3: warning: '__COUNTER__' is a C2y extension [-Wc2y-extensions]
  257 |   test_that("writable raws move constructor") {
      |   ^
/home/pacha/R/x86_64-pc-linux-gnu-library/4.6/testthat/include/testthat/testthat.h:188:20: note: expanded from macro 'test_that'
  188 | # define test_that CATCH_SECTION
      |                    ^
/home/pacha/R/x86_64-pc-linux-gnu-library/4.6/testthat/include/testthat/vendor/catch.hpp:17627:30: note: expanded from macro 'CATCH_SECTION'
 17627 | #define CATCH_SECTION( ... ) INTERNAL_CATCH_SECTION( __VA_ARGS__ )
       |                              ^
/home/pacha/R/x86_64-pc-linux-gnu-library/4.6/testthat/include/testthat/vendor/catch.hpp:2940:31: note: expanded from macro 'INTERNAL_CATCH_SECTION'
 2940 |     if( Catch::Section const& INTERNAL_CATCH_UNIQUE_NAME( catch_internal_Section ) = Catch::SectionInfo( CATCH_INTERNAL_LINEINFO, __VA_ARGS__ ) ) \
      |                               ^
/home/pacha/R/x86_64-pc-linux-gnu-library/4.6/testthat/include/testthat/vendor/catch.hpp:478:85: note: expanded from macro 'INTERNAL_CATCH_UNIQUE_NAME'
  478 | #  define INTERNAL_CATCH_UNIQUE_NAME( name ) INTERNAL_CATCH_UNIQUE_NAME_LINE( name, __COUNTER__ )
      |                                                                                     ^
In file included from main.cpp:86:
./test-raws-extended.h:269:3: warning: '__COUNTER__' is a C2y extension [-Wc2y-extensions]
  269 |   test_that("writable raws large vector (region buffer)") {
      |   ^
/home/pacha/R/x86_64-pc-linux-gnu-library/4.6/testthat/include/testthat/testthat.h:188:20: note: expanded from macro 'test_that'
  188 | # define test_that CATCH_SECTION
      |                    ^
/home/pacha/R/x86_64-pc-linux-gnu-library/4.6/testthat/include/testthat/vendor/catch.hpp:17627:30: note: expanded from macro 'CATCH_SECTION'
 17627 | #define CATCH_SECTION( ... ) INTERNAL_CATCH_SECTION( __VA_ARGS__ )
       |                              ^
/home/pacha/R/x86_64-pc-linux-gnu-library/4.6/testthat/include/testthat/vendor/catch.hpp:2940:31: note: expanded from macro 'INTERNAL_CATCH_SECTION'
 2940 |     if( Catch::Section const& INTERNAL_CATCH_UNIQUE_NAME( catch_internal_Section ) = Catch::SectionInfo( CATCH_INTERNAL_LINEINFO, __VA_ARGS__ ) ) \
      |                               ^
/home/pacha/R/x86_64-pc-linux-gnu-library/4.6/testthat/include/testthat/vendor/catch.hpp:478:85: note: expanded from macro 'INTERNAL_CATCH_UNIQUE_NAME'
  478 | #  define INTERNAL_CATCH_UNIQUE_NAME( name ) INTERNAL_CATCH_UNIQUE_NAME_LINE( name, __COUNTER__ )
      |                                                                                     ^
In file included from main.cpp:86:
./test-raws-extended.h:288:3: warning: '__COUNTER__' is a C2y extension [-Wc2y-extensions]
  288 |   test_that("raws operator[] with different index types") {
      |   ^
/home/pacha/R/x86_64-pc-linux-gnu-library/4.6/testthat/include/testthat/testthat.h:188:20: note: expanded from macro 'test_that'
  188 | # define test_that CATCH_SECTION
      |                    ^
/home/pacha/R/x86_64-pc-linux-gnu-library/4.6/testthat/include/testthat/vendor/catch.hpp:17627:30: note: expanded from macro 'CATCH_SECTION'
 17627 | #define CATCH_SECTION( ... ) INTERNAL_CATCH_SECTION( __VA_ARGS__ )
       |                              ^
/home/pacha/R/x86_64-pc-linux-gnu-library/4.6/testthat/include/testthat/vendor/catch.hpp:2940:31: note: expanded from macro 'INTERNAL_CATCH_SECTION'
 2940 |     if( Catch::Section const& INTERNAL_CATCH_UNIQUE_NAME( catch_internal_Section ) = Catch::SectionInfo( CATCH_INTERNAL_LINEINFO, __VA_ARGS__ ) ) \
      |                               ^
/home/pacha/R/x86_64-pc-linux-gnu-library/4.6/testthat/include/testthat/vendor/catch.hpp:478:85: note: expanded from macro 'INTERNAL_CATCH_UNIQUE_NAME'
  478 | #  define INTERNAL_CATCH_UNIQUE_NAME( name ) INTERNAL_CATCH_UNIQUE_NAME_LINE( name, __COUNTER__ )
      |                                                                                     ^
In file included from main.cpp:86:
./test-raws-extended.h:300:3: warning: '__COUNTER__' is a C2y extension [-Wc2y-extensions]
  300 |   test_that("raws names") {
      |   ^
/home/pacha/R/x86_64-pc-linux-gnu-library/4.6/testthat/include/testthat/testthat.h:188:20: note: expanded from macro 'test_that'
  188 | # define test_that CATCH_SECTION
      |                    ^
/home/pacha/R/x86_64-pc-linux-gnu-library/4.6/testthat/include/testthat/vendor/catch.hpp:17627:30: note: expanded from macro 'CATCH_SECTION'
 17627 | #define CATCH_SECTION( ... ) INTERNAL_CATCH_SECTION( __VA_ARGS__ )
       |                              ^
/home/pacha/R/x86_64-pc-linux-gnu-library/4.6/testthat/include/testthat/vendor/catch.hpp:2940:31: note: expanded from macro 'INTERNAL_CATCH_SECTION'
 2940 |     if( Catch::Section const& INTERNAL_CATCH_UNIQUE_NAME( catch_internal_Section ) = Catch::SectionInfo( CATCH_INTERNAL_LINEINFO, __VA_ARGS__ ) ) \
      |                               ^
/home/pacha/R/x86_64-pc-linux-gnu-library/4.6/testthat/include/testthat/vendor/catch.hpp:478:85: note: expanded from macro 'INTERNAL_CATCH_UNIQUE_NAME'
  478 | #  define INTERNAL_CATCH_UNIQUE_NAME( name ) INTERNAL_CATCH_UNIQUE_NAME_LINE( name, __COUNTER__ )
      |                                                                                     ^
In file included from main.cpp:86:
./test-raws-extended.h:320:3: warning: '__COUNTER__' is a C2y extension [-Wc2y-extensions]
  320 |   test_that("raws attributes") {
      |   ^
/home/pacha/R/x86_64-pc-linux-gnu-library/4.6/testthat/include/testthat/testthat.h:188:20: note: expanded from macro 'test_that'
  188 | # define test_that CATCH_SECTION
      |                    ^
/home/pacha/R/x86_64-pc-linux-gnu-library/4.6/testthat/include/testthat/vendor/catch.hpp:17627:30: note: expanded from macro 'CATCH_SECTION'
 17627 | #define CATCH_SECTION( ... ) INTERNAL_CATCH_SECTION( __VA_ARGS__ )
       |                              ^
/home/pacha/R/x86_64-pc-linux-gnu-library/4.6/testthat/include/testthat/vendor/catch.hpp:2940:31: note: expanded from macro 'INTERNAL_CATCH_SECTION'
 2940 |     if( Catch::Section const& INTERNAL_CATCH_UNIQUE_NAME( catch_internal_Section ) = Catch::SectionInfo( CATCH_INTERNAL_LINEINFO, __VA_ARGS__ ) ) \
      |                               ^
/home/pacha/R/x86_64-pc-linux-gnu-library/4.6/testthat/include/testthat/vendor/catch.hpp:478:85: note: expanded from macro 'INTERNAL_CATCH_UNIQUE_NAME'
  478 | #  define INTERNAL_CATCH_UNIQUE_NAME( name ) INTERNAL_CATCH_UNIQUE_NAME_LINE( name, __COUNTER__ )
      |                                                                                     ^
In file included from main.cpp:86:
./test-raws-extended.h:328:3: warning: '__COUNTER__' is a C2y extension [-Wc2y-extensions]
  328 |   test_that("read-only raws from writable") {
      |   ^
/home/pacha/R/x86_64-pc-linux-gnu-library/4.6/testthat/include/testthat/testthat.h:188:20: note: expanded from macro 'test_that'
  188 | # define test_that CATCH_SECTION
      |                    ^
/home/pacha/R/x86_64-pc-linux-gnu-library/4.6/testthat/include/testthat/vendor/catch.hpp:17627:30: note: expanded from macro 'CATCH_SECTION'
 17627 | #define CATCH_SECTION( ... ) INTERNAL_CATCH_SECTION( __VA_ARGS__ )
       |                              ^
/home/pacha/R/x86_64-pc-linux-gnu-library/4.6/testthat/include/testthat/vendor/catch.hpp:2940:31: note: expanded from macro 'INTERNAL_CATCH_SECTION'
 2940 |     if( Catch::Section const& INTERNAL_CATCH_UNIQUE_NAME( catch_internal_Section ) = Catch::SectionInfo( CATCH_INTERNAL_LINEINFO, __VA_ARGS__ ) ) \
      |                               ^
/home/pacha/R/x86_64-pc-linux-gnu-library/4.6/testthat/include/testthat/vendor/catch.hpp:478:85: note: expanded from macro 'INTERNAL_CATCH_UNIQUE_NAME'
  478 | #  define INTERNAL_CATCH_UNIQUE_NAME( name ) INTERNAL_CATCH_UNIQUE_NAME_LINE( name, __COUNTER__ )
      |                                                                                     ^
In file included from main.cpp:86:
./test-raws-extended.h:342:3: warning: '__COUNTER__' is a C2y extension [-Wc2y-extensions]
  342 |   test_that("raws get_region with various sizes") {
      |   ^
/home/pacha/R/x86_64-pc-linux-gnu-library/4.6/testthat/include/testthat/testthat.h:188:20: note: expanded from macro 'test_that'
  188 | # define test_that CATCH_SECTION
      |                    ^
/home/pacha/R/x86_64-pc-linux-gnu-library/4.6/testthat/include/testthat/vendor/catch.hpp:17627:30: note: expanded from macro 'CATCH_SECTION'
 17627 | #define CATCH_SECTION( ... ) INTERNAL_CATCH_SECTION( __VA_ARGS__ )
       |                              ^
/home/pacha/R/x86_64-pc-linux-gnu-library/4.6/testthat/include/testthat/vendor/catch.hpp:2940:31: note: expanded from macro 'INTERNAL_CATCH_SECTION'
 2940 |     if( Catch::Section const& INTERNAL_CATCH_UNIQUE_NAME( catch_internal_Section ) = Catch::SectionInfo( CATCH_INTERNAL_LINEINFO, __VA_ARGS__ ) ) \
      |                               ^
/home/pacha/R/x86_64-pc-linux-gnu-library/4.6/testthat/include/testthat/vendor/catch.hpp:478:85: note: expanded from macro 'INTERNAL_CATCH_UNIQUE_NAME'
  478 | #  define INTERNAL_CATCH_UNIQUE_NAME( name ) INTERNAL_CATCH_UNIQUE_NAME_LINE( name, __COUNTER__ )
      |                                                                                     ^
In file included from main.cpp:86:
./test-raws-extended.h:363:3: warning: '__COUNTER__' is a C2y extension [-Wc2y-extensions]
  363 |   test_that("raws read-only large vector iteration (triggers buffering)") {
      |   ^
/home/pacha/R/x86_64-pc-linux-gnu-library/4.6/testthat/include/testthat/testthat.h:188:20: note: expanded from macro 'test_that'
  188 | # define test_that CATCH_SECTION
      |                    ^
/home/pacha/R/x86_64-pc-linux-gnu-library/4.6/testthat/include/testthat/vendor/catch.hpp:17627:30: note: expanded from macro 'CATCH_SECTION'
 17627 | #define CATCH_SECTION( ... ) INTERNAL_CATCH_SECTION( __VA_ARGS__ )
       |                              ^
/home/pacha/R/x86_64-pc-linux-gnu-library/4.6/testthat/include/testthat/vendor/catch.hpp:2940:31: note: expanded from macro 'INTERNAL_CATCH_SECTION'
 2940 |     if( Catch::Section const& INTERNAL_CATCH_UNIQUE_NAME( catch_internal_Section ) = Catch::SectionInfo( CATCH_INTERNAL_LINEINFO, __VA_ARGS__ ) ) \
      |                               ^
/home/pacha/R/x86_64-pc-linux-gnu-library/4.6/testthat/include/testthat/vendor/catch.hpp:478:85: note: expanded from macro 'INTERNAL_CATCH_UNIQUE_NAME'
  478 | #  define INTERNAL_CATCH_UNIQUE_NAME( name ) INTERNAL_CATCH_UNIQUE_NAME_LINE( name, __COUNTER__ )
      |                                                                                     ^
In file included from main.cpp:86:
./test-raws-extended.h:386:3: warning: '__COUNTER__' is a C2y extension [-Wc2y-extensions]
  386 |   test_that("raws at() bounds checking") {
      |   ^
/home/pacha/R/x86_64-pc-linux-gnu-library/4.6/testthat/include/testthat/testthat.h:188:20: note: expanded from macro 'test_that'
  188 | # define test_that CATCH_SECTION
      |                    ^
/home/pacha/R/x86_64-pc-linux-gnu-library/4.6/testthat/include/testthat/vendor/catch.hpp:17627:30: note: expanded from macro 'CATCH_SECTION'
 17627 | #define CATCH_SECTION( ... ) INTERNAL_CATCH_SECTION( __VA_ARGS__ )
       |                              ^
/home/pacha/R/x86_64-pc-linux-gnu-library/4.6/testthat/include/testthat/vendor/catch.hpp:2940:31: note: expanded from macro 'INTERNAL_CATCH_SECTION'
 2940 |     if( Catch::Section const& INTERNAL_CATCH_UNIQUE_NAME( catch_internal_Section ) = Catch::SectionInfo( CATCH_INTERNAL_LINEINFO, __VA_ARGS__ ) ) \
      |                               ^
/home/pacha/R/x86_64-pc-linux-gnu-library/4.6/testthat/include/testthat/vendor/catch.hpp:478:85: note: expanded from macro 'INTERNAL_CATCH_UNIQUE_NAME'
  478 | #  define INTERNAL_CATCH_UNIQUE_NAME( name ) INTERNAL_CATCH_UNIQUE_NAME_LINE( name, __COUNTER__ )
      |                                                                                     ^
In file included from main.cpp:86:
./test-raws-extended.h:399:3: warning: '__COUNTER__' is a C2y extension [-Wc2y-extensions]
  399 |   test_that("raws front and back equivalents") {
      |   ^
/home/pacha/R/x86_64-pc-linux-gnu-library/4.6/testthat/include/testthat/testthat.h:188:20: note: expanded from macro 'test_that'
  188 | # define test_that CATCH_SECTION
      |                    ^
/home/pacha/R/x86_64-pc-linux-gnu-library/4.6/testthat/include/testthat/vendor/catch.hpp:17627:30: note: expanded from macro 'CATCH_SECTION'
 17627 | #define CATCH_SECTION( ... ) INTERNAL_CATCH_SECTION( __VA_ARGS__ )
       |                              ^
/home/pacha/R/x86_64-pc-linux-gnu-library/4.6/testthat/include/testthat/vendor/catch.hpp:2940:31: note: expanded from macro 'INTERNAL_CATCH_SECTION'
 2940 |     if( Catch::Section const& INTERNAL_CATCH_UNIQUE_NAME( catch_internal_Section ) = Catch::SectionInfo( CATCH_INTERNAL_LINEINFO, __VA_ARGS__ ) ) \
      |                               ^
/home/pacha/R/x86_64-pc-linux-gnu-library/4.6/testthat/include/testthat/vendor/catch.hpp:478:85: note: expanded from macro 'INTERNAL_CATCH_UNIQUE_NAME'
  478 | #  define INTERNAL_CATCH_UNIQUE_NAME( name ) INTERNAL_CATCH_UNIQUE_NAME_LINE( name, __COUNTER__ )
      |                                                                                     ^
In file included from main.cpp:86:
./test-raws-extended.h:410:3: warning: '__COUNTER__' is a C2y extension [-Wc2y-extensions]
  410 |   test_that("raws value method") {
      |   ^
/home/pacha/R/x86_64-pc-linux-gnu-library/4.6/testthat/include/testthat/testthat.h:188:20: note: expanded from macro 'test_that'
  188 | # define test_that CATCH_SECTION
      |                    ^
/home/pacha/R/x86_64-pc-linux-gnu-library/4.6/testthat/include/testthat/vendor/catch.hpp:17627:30: note: expanded from macro 'CATCH_SECTION'
 17627 | #define CATCH_SECTION( ... ) INTERNAL_CATCH_SECTION( __VA_ARGS__ )
       |                              ^
/home/pacha/R/x86_64-pc-linux-gnu-library/4.6/testthat/include/testthat/vendor/catch.hpp:2940:31: note: expanded from macro 'INTERNAL_CATCH_SECTION'
 2940 |     if( Catch::Section const& INTERNAL_CATCH_UNIQUE_NAME( catch_internal_Section ) = Catch::SectionInfo( CATCH_INTERNAL_LINEINFO, __VA_ARGS__ ) ) \
      |                               ^
/home/pacha/R/x86_64-pc-linux-gnu-library/4.6/testthat/include/testthat/vendor/catch.hpp:478:85: note: expanded from macro 'INTERNAL_CATCH_UNIQUE_NAME'
  478 | #  define INTERNAL_CATCH_UNIQUE_NAME( name ) INTERNAL_CATCH_UNIQUE_NAME_LINE( name, __COUNTER__ )
      |                                                                                     ^
In file included from main.cpp:86:
./test-raws-extended.h:427:3: warning: '__COUNTER__' is a C2y extension [-Wc2y-extensions]
  427 |   test_that("raws get_p returns pointer for non-ALTREP") {
      |   ^
/home/pacha/R/x86_64-pc-linux-gnu-library/4.6/testthat/include/testthat/testthat.h:188:20: note: expanded from macro 'test_that'
  188 | # define test_that CATCH_SECTION
      |                    ^
/home/pacha/R/x86_64-pc-linux-gnu-library/4.6/testthat/include/testthat/vendor/catch.hpp:17627:30: note: expanded from macro 'CATCH_SECTION'
 17627 | #define CATCH_SECTION( ... ) INTERNAL_CATCH_SECTION( __VA_ARGS__ )
       |                              ^
/home/pacha/R/x86_64-pc-linux-gnu-library/4.6/testthat/include/testthat/vendor/catch.hpp:2940:31: note: expanded from macro 'INTERNAL_CATCH_SECTION'
 2940 |     if( Catch::Section const& INTERNAL_CATCH_UNIQUE_NAME( catch_internal_Section ) = Catch::SectionInfo( CATCH_INTERNAL_LINEINFO, __VA_ARGS__ ) ) \
      |                               ^
/home/pacha/R/x86_64-pc-linux-gnu-library/4.6/testthat/include/testthat/vendor/catch.hpp:478:85: note: expanded from macro 'INTERNAL_CATCH_UNIQUE_NAME'
  478 | #  define INTERNAL_CATCH_UNIQUE_NAME( name ) INTERNAL_CATCH_UNIQUE_NAME_LINE( name, __COUNTER__ )
      |                                                                                     ^
In file included from main.cpp:86:
./test-raws-extended.h:442:3: warning: '__COUNTER__' is a C2y extension [-Wc2y-extensions]
  442 |   test_that("raws read from SEXP exercises get_elt") {
      |   ^
/home/pacha/R/x86_64-pc-linux-gnu-library/4.6/testthat/include/testthat/testthat.h:188:20: note: expanded from macro 'test_that'
  188 | # define test_that CATCH_SECTION
      |                    ^
/home/pacha/R/x86_64-pc-linux-gnu-library/4.6/testthat/include/testthat/vendor/catch.hpp:17627:30: note: expanded from macro 'CATCH_SECTION'
 17627 | #define CATCH_SECTION( ... ) INTERNAL_CATCH_SECTION( __VA_ARGS__ )
       |                              ^
/home/pacha/R/x86_64-pc-linux-gnu-library/4.6/testthat/include/testthat/vendor/catch.hpp:2940:31: note: expanded from macro 'INTERNAL_CATCH_SECTION'
 2940 |     if( Catch::Section const& INTERNAL_CATCH_UNIQUE_NAME( catch_internal_Section ) = Catch::SectionInfo( CATCH_INTERNAL_LINEINFO, __VA_ARGS__ ) ) \
      |                               ^
/home/pacha/R/x86_64-pc-linux-gnu-library/4.6/testthat/include/testthat/vendor/catch.hpp:478:85: note: expanded from macro 'INTERNAL_CATCH_UNIQUE_NAME'
  478 | #  define INTERNAL_CATCH_UNIQUE_NAME( name ) INTERNAL_CATCH_UNIQUE_NAME_LINE( name, __COUNTER__ )
      |                                                                                     ^
In file included from main.cpp:86:
./test-raws-extended.h:462:3: warning: '__COUNTER__' is a C2y extension [-Wc2y-extensions]
  462 |   test_that("raws set_elt via proxy") {
      |   ^
/home/pacha/R/x86_64-pc-linux-gnu-library/4.6/testthat/include/testthat/testthat.h:188:20: note: expanded from macro 'test_that'
  188 | # define test_that CATCH_SECTION
      |                    ^
/home/pacha/R/x86_64-pc-linux-gnu-library/4.6/testthat/include/testthat/vendor/catch.hpp:17627:30: note: expanded from macro 'CATCH_SECTION'
 17627 | #define CATCH_SECTION( ... ) INTERNAL_CATCH_SECTION( __VA_ARGS__ )
       |                              ^
/home/pacha/R/x86_64-pc-linux-gnu-library/4.6/testthat/include/testthat/vendor/catch.hpp:2940:31: note: expanded from macro 'INTERNAL_CATCH_SECTION'
 2940 |     if( Catch::Section const& INTERNAL_CATCH_UNIQUE_NAME( catch_internal_Section ) = Catch::SectionInfo( CATCH_INTERNAL_LINEINFO, __VA_ARGS__ ) ) \
      |                               ^
/home/pacha/R/x86_64-pc-linux-gnu-library/4.6/testthat/include/testthat/vendor/catch.hpp:478:85: note: expanded from macro 'INTERNAL_CATCH_UNIQUE_NAME'
  478 | #  define INTERNAL_CATCH_UNIQUE_NAME( name ) INTERNAL_CATCH_UNIQUE_NAME_LINE( name, __COUNTER__ )
      |                                                                                     ^
In file included from main.cpp:86:
./test-raws-extended.h:475:3: warning: '__COUNTER__' is a C2y extension [-Wc2y-extensions]
  475 |   test_that("raws is_altrep returns false for regular vectors") {
      |   ^
/home/pacha/R/x86_64-pc-linux-gnu-library/4.6/testthat/include/testthat/testthat.h:188:20: note: expanded from macro 'test_that'
  188 | # define test_that CATCH_SECTION
      |                    ^
/home/pacha/R/x86_64-pc-linux-gnu-library/4.6/testthat/include/testthat/vendor/catch.hpp:17627:30: note: expanded from macro 'CATCH_SECTION'
 17627 | #define CATCH_SECTION( ... ) INTERNAL_CATCH_SECTION( __VA_ARGS__ )
       |                              ^
/home/pacha/R/x86_64-pc-linux-gnu-library/4.6/testthat/include/testthat/vendor/catch.hpp:2940:31: note: expanded from macro 'INTERNAL_CATCH_SECTION'
 2940 |     if( Catch::Section const& INTERNAL_CATCH_UNIQUE_NAME( catch_internal_Section ) = Catch::SectionInfo( CATCH_INTERNAL_LINEINFO, __VA_ARGS__ ) ) \
      |                               ^
/home/pacha/R/x86_64-pc-linux-gnu-library/4.6/testthat/include/testthat/vendor/catch.hpp:478:85: note: expanded from macro 'INTERNAL_CATCH_UNIQUE_NAME'
  478 | #  define INTERNAL_CATCH_UNIQUE_NAME( name ) INTERNAL_CATCH_UNIQUE_NAME_LINE( name, __COUNTER__ )
      |                                                                                     ^
In file included from main.cpp:86:
./test-raws-extended.h:486:3: warning: '__COUNTER__' is a C2y extension [-Wc2y-extensions]
  486 |   test_that("raws RAW_OR_NULL path via get_const_p") {
      |   ^
/home/pacha/R/x86_64-pc-linux-gnu-library/4.6/testthat/include/testthat/testthat.h:188:20: note: expanded from macro 'test_that'
  188 | # define test_that CATCH_SECTION
      |                    ^
/home/pacha/R/x86_64-pc-linux-gnu-library/4.6/testthat/include/testthat/vendor/catch.hpp:17627:30: note: expanded from macro 'CATCH_SECTION'
 17627 | #define CATCH_SECTION( ... ) INTERNAL_CATCH_SECTION( __VA_ARGS__ )
       |                              ^
/home/pacha/R/x86_64-pc-linux-gnu-library/4.6/testthat/include/testthat/vendor/catch.hpp:2940:31: note: expanded from macro 'INTERNAL_CATCH_SECTION'
 2940 |     if( Catch::Section const& INTERNAL_CATCH_UNIQUE_NAME( catch_internal_Section ) = Catch::SectionInfo( CATCH_INTERNAL_LINEINFO, __VA_ARGS__ ) ) \
      |                               ^
/home/pacha/R/x86_64-pc-linux-gnu-library/4.6/testthat/include/testthat/vendor/catch.hpp:478:85: note: expanded from macro 'INTERNAL_CATCH_UNIQUE_NAME'
  478 | #  define INTERNAL_CATCH_UNIQUE_NAME( name ) INTERNAL_CATCH_UNIQUE_NAME_LINE( name, __COUNTER__ )
      |                                                                                     ^
In file included from main.cpp:86:
./test-raws-extended.h:511:3: warning: '__COUNTER__' is a C2y extension [-Wc2y-extensions]
  511 |   test_that("raws get_sexptype returns RAWSXP") {
      |   ^
/home/pacha/R/x86_64-pc-linux-gnu-library/4.6/testthat/include/testthat/testthat.h:188:20: note: expanded from macro 'test_that'
  188 | # define test_that CATCH_SECTION
      |                    ^
/home/pacha/R/x86_64-pc-linux-gnu-library/4.6/testthat/include/testthat/vendor/catch.hpp:17627:30: note: expanded from macro 'CATCH_SECTION'
 17627 | #define CATCH_SECTION( ... ) INTERNAL_CATCH_SECTION( __VA_ARGS__ )
       |                              ^
/home/pacha/R/x86_64-pc-linux-gnu-library/4.6/testthat/include/testthat/vendor/catch.hpp:2940:31: note: expanded from macro 'INTERNAL_CATCH_SECTION'
 2940 |     if( Catch::Section const& INTERNAL_CATCH_UNIQUE_NAME( catch_internal_Section ) = Catch::SectionInfo( CATCH_INTERNAL_LINEINFO, __VA_ARGS__ ) ) \
      |                               ^
/home/pacha/R/x86_64-pc-linux-gnu-library/4.6/testthat/include/testthat/vendor/catch.hpp:478:85: note: expanded from macro 'INTERNAL_CATCH_UNIQUE_NAME'
  478 | #  define INTERNAL_CATCH_UNIQUE_NAME( name ) INTERNAL_CATCH_UNIQUE_NAME_LINE( name, __COUNTER__ )
      |                                                                                     ^
In file included from main.cpp:86:
./test-raws-extended.h:518:3: warning: '__COUNTER__' is a C2y extension [-Wc2y-extensions]
  518 |   test_that("raws get_elt accessed via operator[] on read-only") {
      |   ^
/home/pacha/R/x86_64-pc-linux-gnu-library/4.6/testthat/include/testthat/testthat.h:188:20: note: expanded from macro 'test_that'
  188 | # define test_that CATCH_SECTION
      |                    ^
/home/pacha/R/x86_64-pc-linux-gnu-library/4.6/testthat/include/testthat/vendor/catch.hpp:17627:30: note: expanded from macro 'CATCH_SECTION'
 17627 | #define CATCH_SECTION( ... ) INTERNAL_CATCH_SECTION( __VA_ARGS__ )
       |                              ^
/home/pacha/R/x86_64-pc-linux-gnu-library/4.6/testthat/include/testthat/vendor/catch.hpp:2940:31: note: expanded from macro 'INTERNAL_CATCH_SECTION'
 2940 |     if( Catch::Section const& INTERNAL_CATCH_UNIQUE_NAME( catch_internal_Section ) = Catch::SectionInfo( CATCH_INTERNAL_LINEINFO, __VA_ARGS__ ) ) \
      |                               ^
/home/pacha/R/x86_64-pc-linux-gnu-library/4.6/testthat/include/testthat/vendor/catch.hpp:478:85: note: expanded from macro 'INTERNAL_CATCH_UNIQUE_NAME'
  478 | #  define INTERNAL_CATCH_UNIQUE_NAME( name ) INTERNAL_CATCH_UNIQUE_NAME_LINE( name, __COUNTER__ )
      |                                                                                     ^
In file included from main.cpp:86:
./test-raws-extended.h:539:3: warning: '__COUNTER__' is a C2y extension [-Wc2y-extensions]
  539 |   test_that("raws get_p for writable non-ALTREP") {
      |   ^
/home/pacha/R/x86_64-pc-linux-gnu-library/4.6/testthat/include/testthat/testthat.h:188:20: note: expanded from macro 'test_that'
  188 | # define test_that CATCH_SECTION
      |                    ^
/home/pacha/R/x86_64-pc-linux-gnu-library/4.6/testthat/include/testthat/vendor/catch.hpp:17627:30: note: expanded from macro 'CATCH_SECTION'
 17627 | #define CATCH_SECTION( ... ) INTERNAL_CATCH_SECTION( __VA_ARGS__ )
       |                              ^
/home/pacha/R/x86_64-pc-linux-gnu-library/4.6/testthat/include/testthat/vendor/catch.hpp:2940:31: note: expanded from macro 'INTERNAL_CATCH_SECTION'
 2940 |     if( Catch::Section const& INTERNAL_CATCH_UNIQUE_NAME( catch_internal_Section ) = Catch::SectionInfo( CATCH_INTERNAL_LINEINFO, __VA_ARGS__ ) ) \
      |                               ^
/home/pacha/R/x86_64-pc-linux-gnu-library/4.6/testthat/include/testthat/vendor/catch.hpp:478:85: note: expanded from macro 'INTERNAL_CATCH_UNIQUE_NAME'
  478 | #  define INTERNAL_CATCH_UNIQUE_NAME( name ) INTERNAL_CATCH_UNIQUE_NAME_LINE( name, __COUNTER__ )
      |                                                                                     ^
In file included from main.cpp:86:
./test-raws-extended.h:552:3: warning: '__COUNTER__' is a C2y extension [-Wc2y-extensions]
  552 |   test_that("raws get_const_p for read-only non-ALTREP") {
      |   ^
/home/pacha/R/x86_64-pc-linux-gnu-library/4.6/testthat/include/testthat/testthat.h:188:20: note: expanded from macro 'test_that'
  188 | # define test_that CATCH_SECTION
      |                    ^
/home/pacha/R/x86_64-pc-linux-gnu-library/4.6/testthat/include/testthat/vendor/catch.hpp:17627:30: note: expanded from macro 'CATCH_SECTION'
 17627 | #define CATCH_SECTION( ... ) INTERNAL_CATCH_SECTION( __VA_ARGS__ )
       |                              ^
/home/pacha/R/x86_64-pc-linux-gnu-library/4.6/testthat/include/testthat/vendor/catch.hpp:2940:31: note: expanded from macro 'INTERNAL_CATCH_SECTION'
 2940 |     if( Catch::Section const& INTERNAL_CATCH_UNIQUE_NAME( catch_internal_Section ) = Catch::SectionInfo( CATCH_INTERNAL_LINEINFO, __VA_ARGS__ ) ) \
      |                               ^
/home/pacha/R/x86_64-pc-linux-gnu-library/4.6/testthat/include/testthat/vendor/catch.hpp:478:85: note: expanded from macro 'INTERNAL_CATCH_UNIQUE_NAME'
  478 | #  define INTERNAL_CATCH_UNIQUE_NAME( name ) INTERNAL_CATCH_UNIQUE_NAME_LINE( name, __COUNTER__ )
      |                                                                                     ^
In file included from main.cpp:86:
./test-raws-extended.h:572:3: warning: '__COUNTER__' is a C2y extension [-Wc2y-extensions]
  572 |   test_that("raws set_elt via writable proxy assignment") {
      |   ^
/home/pacha/R/x86_64-pc-linux-gnu-library/4.6/testthat/include/testthat/testthat.h:188:20: note: expanded from macro 'test_that'
  188 | # define test_that CATCH_SECTION
      |                    ^
/home/pacha/R/x86_64-pc-linux-gnu-library/4.6/testthat/include/testthat/vendor/catch.hpp:17627:30: note: expanded from macro 'CATCH_SECTION'
 17627 | #define CATCH_SECTION( ... ) INTERNAL_CATCH_SECTION( __VA_ARGS__ )
       |                              ^
/home/pacha/R/x86_64-pc-linux-gnu-library/4.6/testthat/include/testthat/vendor/catch.hpp:2940:31: note: expanded from macro 'INTERNAL_CATCH_SECTION'
 2940 |     if( Catch::Section const& INTERNAL_CATCH_UNIQUE_NAME( catch_internal_Section ) = Catch::SectionInfo( CATCH_INTERNAL_LINEINFO, __VA_ARGS__ ) ) \
      |                               ^
/home/pacha/R/x86_64-pc-linux-gnu-library/4.6/testthat/include/testthat/vendor/catch.hpp:478:85: note: expanded from macro 'INTERNAL_CATCH_UNIQUE_NAME'
  478 | #  define INTERNAL_CATCH_UNIQUE_NAME( name ) INTERNAL_CATCH_UNIQUE_NAME_LINE( name, __COUNTER__ )
      |                                                                                     ^
In file included from main.cpp:86:
./test-raws-extended.h:589:3: warning: '__COUNTER__' is a C2y extension [-Wc2y-extensions]
  589 |   test_that("raws use_buf returns true for ALTREP-like iteration") {
      |   ^
/home/pacha/R/x86_64-pc-linux-gnu-library/4.6/testthat/include/testthat/testthat.h:188:20: note: expanded from macro 'test_that'
  188 | # define test_that CATCH_SECTION
      |                    ^
/home/pacha/R/x86_64-pc-linux-gnu-library/4.6/testthat/include/testthat/vendor/catch.hpp:17627:30: note: expanded from macro 'CATCH_SECTION'
 17627 | #define CATCH_SECTION( ... ) INTERNAL_CATCH_SECTION( __VA_ARGS__ )
       |                              ^
/home/pacha/R/x86_64-pc-linux-gnu-library/4.6/testthat/include/testthat/vendor/catch.hpp:2940:31: note: expanded from macro 'INTERNAL_CATCH_SECTION'
 2940 |     if( Catch::Section const& INTERNAL_CATCH_UNIQUE_NAME( catch_internal_Section ) = Catch::SectionInfo( CATCH_INTERNAL_LINEINFO, __VA_ARGS__ ) ) \
      |                               ^
/home/pacha/R/x86_64-pc-linux-gnu-library/4.6/testthat/include/testthat/vendor/catch.hpp:478:85: note: expanded from macro 'INTERNAL_CATCH_UNIQUE_NAME'
  478 | #  define INTERNAL_CATCH_UNIQUE_NAME( name ) INTERNAL_CATCH_UNIQUE_NAME_LINE( name, __COUNTER__ )
      |                                                                                     ^
In file included from main.cpp:86:
./test-raws-extended.h:613:3: warning: '__COUNTER__' is a C2y extension [-Wc2y-extensions]
  613 |   test_that("raws get_region via iterator on large vector") {
      |   ^
/home/pacha/R/x86_64-pc-linux-gnu-library/4.6/testthat/include/testthat/testthat.h:188:20: note: expanded from macro 'test_that'
  188 | # define test_that CATCH_SECTION
      |                    ^
/home/pacha/R/x86_64-pc-linux-gnu-library/4.6/testthat/include/testthat/vendor/catch.hpp:17627:30: note: expanded from macro 'CATCH_SECTION'
 17627 | #define CATCH_SECTION( ... ) INTERNAL_CATCH_SECTION( __VA_ARGS__ )
       |                              ^
/home/pacha/R/x86_64-pc-linux-gnu-library/4.6/testthat/include/testthat/vendor/catch.hpp:2940:31: note: expanded from macro 'INTERNAL_CATCH_SECTION'
 2940 |     if( Catch::Section const& INTERNAL_CATCH_UNIQUE_NAME( catch_internal_Section ) = Catch::SectionInfo( CATCH_INTERNAL_LINEINFO, __VA_ARGS__ ) ) \
      |                               ^
/home/pacha/R/x86_64-pc-linux-gnu-library/4.6/testthat/include/testthat/vendor/catch.hpp:478:85: note: expanded from macro 'INTERNAL_CATCH_UNIQUE_NAME'
  478 | #  define INTERNAL_CATCH_UNIQUE_NAME( name ) INTERNAL_CATCH_UNIQUE_NAME_LINE( name, __COUNTER__ )
      |                                                                                     ^
In file included from main.cpp:86:
./test-raws-extended.h:638:3: warning: '__COUNTER__' is a C2y extension [-Wc2y-extensions]
  638 |   test_that("raws initializer_list constructor") {
      |   ^
/home/pacha/R/x86_64-pc-linux-gnu-library/4.6/testthat/include/testthat/testthat.h:188:20: note: expanded from macro 'test_that'
  188 | # define test_that CATCH_SECTION
      |                    ^
/home/pacha/R/x86_64-pc-linux-gnu-library/4.6/testthat/include/testthat/vendor/catch.hpp:17627:30: note: expanded from macro 'CATCH_SECTION'
 17627 | #define CATCH_SECTION( ... ) INTERNAL_CATCH_SECTION( __VA_ARGS__ )
       |                              ^
/home/pacha/R/x86_64-pc-linux-gnu-library/4.6/testthat/include/testthat/vendor/catch.hpp:2940:31: note: expanded from macro 'INTERNAL_CATCH_SECTION'
 2940 |     if( Catch::Section const& INTERNAL_CATCH_UNIQUE_NAME( catch_internal_Section ) = Catch::SectionInfo( CATCH_INTERNAL_LINEINFO, __VA_ARGS__ ) ) \
      |                               ^
/home/pacha/R/x86_64-pc-linux-gnu-library/4.6/testthat/include/testthat/vendor/catch.hpp:478:85: note: expanded from macro 'INTERNAL_CATCH_UNIQUE_NAME'
  478 | #  define INTERNAL_CATCH_UNIQUE_NAME( name ) INTERNAL_CATCH_UNIQUE_NAME_LINE( name, __COUNTER__ )
      |                                                                                     ^
In file included from main.cpp:86:
./test-raws-extended.h:648:3: warning: '__COUNTER__' is a C2y extension [-Wc2y-extensions]
  648 |   test_that("raws push_back exercises set_elt") {
      |   ^
/home/pacha/R/x86_64-pc-linux-gnu-library/4.6/testthat/include/testthat/testthat.h:188:20: note: expanded from macro 'test_that'
  188 | # define test_that CATCH_SECTION
      |                    ^
/home/pacha/R/x86_64-pc-linux-gnu-library/4.6/testthat/include/testthat/vendor/catch.hpp:17627:30: note: expanded from macro 'CATCH_SECTION'
 17627 | #define CATCH_SECTION( ... ) INTERNAL_CATCH_SECTION( __VA_ARGS__ )
       |                              ^
/home/pacha/R/x86_64-pc-linux-gnu-library/4.6/testthat/include/testthat/vendor/catch.hpp:2940:31: note: expanded from macro 'INTERNAL_CATCH_SECTION'
 2940 |     if( Catch::Section const& INTERNAL_CATCH_UNIQUE_NAME( catch_internal_Section ) = Catch::SectionInfo( CATCH_INTERNAL_LINEINFO, __VA_ARGS__ ) ) \
      |                               ^
/home/pacha/R/x86_64-pc-linux-gnu-library/4.6/testthat/include/testthat/vendor/catch.hpp:478:85: note: expanded from macro 'INTERNAL_CATCH_UNIQUE_NAME'
  478 | #  define INTERNAL_CATCH_UNIQUE_NAME( name ) INTERNAL_CATCH_UNIQUE_NAME_LINE( name, __COUNTER__ )
      |                                                                                     ^
In file included from main.cpp:86:
./test-raws-extended.h:666:3: warning: '__COUNTER__' is a C2y extension [-Wc2y-extensions]
  666 |   test_that("raws data_ptr returns RAW pointer") {
      |   ^
/home/pacha/R/x86_64-pc-linux-gnu-library/4.6/testthat/include/testthat/testthat.h:188:20: note: expanded from macro 'test_that'
  188 | # define test_that CATCH_SECTION
      |                    ^
/home/pacha/R/x86_64-pc-linux-gnu-library/4.6/testthat/include/testthat/vendor/catch.hpp:17627:30: note: expanded from macro 'CATCH_SECTION'
 17627 | #define CATCH_SECTION( ... ) INTERNAL_CATCH_SECTION( __VA_ARGS__ )
       |                              ^
/home/pacha/R/x86_64-pc-linux-gnu-library/4.6/testthat/include/testthat/vendor/catch.hpp:2940:31: note: expanded from macro 'INTERNAL_CATCH_SECTION'
 2940 |     if( Catch::Section const& INTERNAL_CATCH_UNIQUE_NAME( catch_internal_Section ) = Catch::SectionInfo( CATCH_INTERNAL_LINEINFO, __VA_ARGS__ ) ) \
      |                               ^
/home/pacha/R/x86_64-pc-linux-gnu-library/4.6/testthat/include/testthat/vendor/catch.hpp:478:85: note: expanded from macro 'INTERNAL_CATCH_UNIQUE_NAME'
  478 | #  define INTERNAL_CATCH_UNIQUE_NAME( name ) INTERNAL_CATCH_UNIQUE_NAME_LINE( name, __COUNTER__ )
      |                                                                                     ^
In file included from main.cpp:86:
./test-raws-extended.h:683:3: warning: '__COUNTER__' is a C2y extension [-Wc2y-extensions]
  683 |   test_that("raws iteration exercises all iterator paths") {
      |   ^
/home/pacha/R/x86_64-pc-linux-gnu-library/4.6/testthat/include/testthat/testthat.h:188:20: note: expanded from macro 'test_that'
  188 | # define test_that CATCH_SECTION
      |                    ^
/home/pacha/R/x86_64-pc-linux-gnu-library/4.6/testthat/include/testthat/vendor/catch.hpp:17627:30: note: expanded from macro 'CATCH_SECTION'
 17627 | #define CATCH_SECTION( ... ) INTERNAL_CATCH_SECTION( __VA_ARGS__ )
       |                              ^
/home/pacha/R/x86_64-pc-linux-gnu-library/4.6/testthat/include/testthat/vendor/catch.hpp:2940:31: note: expanded from macro 'INTERNAL_CATCH_SECTION'
 2940 |     if( Catch::Section const& INTERNAL_CATCH_UNIQUE_NAME( catch_internal_Section ) = Catch::SectionInfo( CATCH_INTERNAL_LINEINFO, __VA_ARGS__ ) ) \
      |                               ^
/home/pacha/R/x86_64-pc-linux-gnu-library/4.6/testthat/include/testthat/vendor/catch.hpp:478:85: note: expanded from macro 'INTERNAL_CATCH_UNIQUE_NAME'
  478 | #  define INTERNAL_CATCH_UNIQUE_NAME( name ) INTERNAL_CATCH_UNIQUE_NAME_LINE( name, __COUNTER__ )
      |                                                                                     ^
In file included from main.cpp:86:
./test-raws-extended.h:717:3: warning: '__COUNTER__' is a C2y extension [-Wc2y-extensions]
  717 |   test_that("raws direct RAW_ELT access") {
      |   ^
/home/pacha/R/x86_64-pc-linux-gnu-library/4.6/testthat/include/testthat/testthat.h:188:20: note: expanded from macro 'test_that'
  188 | # define test_that CATCH_SECTION
      |                    ^
/home/pacha/R/x86_64-pc-linux-gnu-library/4.6/testthat/include/testthat/vendor/catch.hpp:17627:30: note: expanded from macro 'CATCH_SECTION'
 17627 | #define CATCH_SECTION( ... ) INTERNAL_CATCH_SECTION( __VA_ARGS__ )
       |                              ^
/home/pacha/R/x86_64-pc-linux-gnu-library/4.6/testthat/include/testthat/vendor/catch.hpp:2940:31: note: expanded from macro 'INTERNAL_CATCH_SECTION'
 2940 |     if( Catch::Section const& INTERNAL_CATCH_UNIQUE_NAME( catch_internal_Section ) = Catch::SectionInfo( CATCH_INTERNAL_LINEINFO, __VA_ARGS__ ) ) \
      |                               ^
/home/pacha/R/x86_64-pc-linux-gnu-library/4.6/testthat/include/testthat/vendor/catch.hpp:478:85: note: expanded from macro 'INTERNAL_CATCH_UNIQUE_NAME'
  478 | #  define INTERNAL_CATCH_UNIQUE_NAME( name ) INTERNAL_CATCH_UNIQUE_NAME_LINE( name, __COUNTER__ )
      |                                                                                     ^
In file included from main.cpp:86:
./test-raws-extended.h:733:3: warning: '__COUNTER__' is a C2y extension [-Wc2y-extensions]
  733 |   test_that("raws set_elt with different values") {
      |   ^
/home/pacha/R/x86_64-pc-linux-gnu-library/4.6/testthat/include/testthat/testthat.h:188:20: note: expanded from macro 'test_that'
  188 | # define test_that CATCH_SECTION
      |                    ^
/home/pacha/R/x86_64-pc-linux-gnu-library/4.6/testthat/include/testthat/vendor/catch.hpp:17627:30: note: expanded from macro 'CATCH_SECTION'
 17627 | #define CATCH_SECTION( ... ) INTERNAL_CATCH_SECTION( __VA_ARGS__ )
       |                              ^
/home/pacha/R/x86_64-pc-linux-gnu-library/4.6/testthat/include/testthat/vendor/catch.hpp:2940:31: note: expanded from macro 'INTERNAL_CATCH_SECTION'
 2940 |     if( Catch::Section const& INTERNAL_CATCH_UNIQUE_NAME( catch_internal_Section ) = Catch::SectionInfo( CATCH_INTERNAL_LINEINFO, __VA_ARGS__ ) ) \
      |                               ^
/home/pacha/R/x86_64-pc-linux-gnu-library/4.6/testthat/include/testthat/vendor/catch.hpp:478:85: note: expanded from macro 'INTERNAL_CATCH_UNIQUE_NAME'
  478 | #  define INTERNAL_CATCH_UNIQUE_NAME( name ) INTERNAL_CATCH_UNIQUE_NAME_LINE( name, __COUNTER__ )
      |                                                                                     ^
In file included from main.cpp:86:
./test-raws-extended.h:760:3: warning: '__COUNTER__' is a C2y extension [-Wc2y-extensions]
  760 |   test_that("raws proxy read and write cycle") {
      |   ^
/home/pacha/R/x86_64-pc-linux-gnu-library/4.6/testthat/include/testthat/testthat.h:188:20: note: expanded from macro 'test_that'
  188 | # define test_that CATCH_SECTION
      |                    ^
/home/pacha/R/x86_64-pc-linux-gnu-library/4.6/testthat/include/testthat/vendor/catch.hpp:17627:30: note: expanded from macro 'CATCH_SECTION'
 17627 | #define CATCH_SECTION( ... ) INTERNAL_CATCH_SECTION( __VA_ARGS__ )
       |                              ^
/home/pacha/R/x86_64-pc-linux-gnu-library/4.6/testthat/include/testthat/vendor/catch.hpp:2940:31: note: expanded from macro 'INTERNAL_CATCH_SECTION'
 2940 |     if( Catch::Section const& INTERNAL_CATCH_UNIQUE_NAME( catch_internal_Section ) = Catch::SectionInfo( CATCH_INTERNAL_LINEINFO, __VA_ARGS__ ) ) \
      |                               ^
/home/pacha/R/x86_64-pc-linux-gnu-library/4.6/testthat/include/testthat/vendor/catch.hpp:478:85: note: expanded from macro 'INTERNAL_CATCH_UNIQUE_NAME'
  478 | #  define INTERNAL_CATCH_UNIQUE_NAME( name ) INTERNAL_CATCH_UNIQUE_NAME_LINE( name, __COUNTER__ )
      |                                                                                     ^
In file included from main.cpp:86:
./test-raws-extended.h:782:3: warning: '__COUNTER__' is a C2y extension [-Wc2y-extensions]
  782 |   test_that("raws read-only const_iterator dereferencing") {
      |   ^
/home/pacha/R/x86_64-pc-linux-gnu-library/4.6/testthat/include/testthat/testthat.h:188:20: note: expanded from macro 'test_that'
  188 | # define test_that CATCH_SECTION
      |                    ^
/home/pacha/R/x86_64-pc-linux-gnu-library/4.6/testthat/include/testthat/vendor/catch.hpp:17627:30: note: expanded from macro 'CATCH_SECTION'
 17627 | #define CATCH_SECTION( ... ) INTERNAL_CATCH_SECTION( __VA_ARGS__ )
       |                              ^
/home/pacha/R/x86_64-pc-linux-gnu-library/4.6/testthat/include/testthat/vendor/catch.hpp:2940:31: note: expanded from macro 'INTERNAL_CATCH_SECTION'
 2940 |     if( Catch::Section const& INTERNAL_CATCH_UNIQUE_NAME( catch_internal_Section ) = Catch::SectionInfo( CATCH_INTERNAL_LINEINFO, __VA_ARGS__ ) ) \
      |                               ^
/home/pacha/R/x86_64-pc-linux-gnu-library/4.6/testthat/include/testthat/vendor/catch.hpp:478:85: note: expanded from macro 'INTERNAL_CATCH_UNIQUE_NAME'
  478 | #  define INTERNAL_CATCH_UNIQUE_NAME( name ) INTERNAL_CATCH_UNIQUE_NAME_LINE( name, __COUNTER__ )
      |                                                                                     ^
In file included from main.cpp:86:
./test-raws-extended.h:804:3: warning: '__COUNTER__' is a C2y extension [-Wc2y-extensions]
  804 |   test_that("raws boundary values") {
      |   ^
/home/pacha/R/x86_64-pc-linux-gnu-library/4.6/testthat/include/testthat/testthat.h:188:20: note: expanded from macro 'test_that'
  188 | # define test_that CATCH_SECTION
      |                    ^
/home/pacha/R/x86_64-pc-linux-gnu-library/4.6/testthat/include/testthat/vendor/catch.hpp:17627:30: note: expanded from macro 'CATCH_SECTION'
 17627 | #define CATCH_SECTION( ... ) INTERNAL_CATCH_SECTION( __VA_ARGS__ )
       |                              ^
/home/pacha/R/x86_64-pc-linux-gnu-library/4.6/testthat/include/testthat/vendor/catch.hpp:2940:31: note: expanded from macro 'INTERNAL_CATCH_SECTION'
 2940 |     if( Catch::Section const& INTERNAL_CATCH_UNIQUE_NAME( catch_internal_Section ) = Catch::SectionInfo( CATCH_INTERNAL_LINEINFO, __VA_ARGS__ ) ) \
      |                               ^
/home/pacha/R/x86_64-pc-linux-gnu-library/4.6/testthat/include/testthat/vendor/catch.hpp:478:85: note: expanded from macro 'INTERNAL_CATCH_UNIQUE_NAME'
  478 | #  define INTERNAL_CATCH_UNIQUE_NAME( name ) INTERNAL_CATCH_UNIQUE_NAME_LINE( name, __COUNTER__ )
      |                                                                                     ^
643 warnings generated.
clang++ -std=gnu++23 -I"/usr/include/R/" -DNDEBUG -UDEBUG -g -Wall -O2 -pedantic -I'/home/pacha/R/x86_64-pc-linux-gnu-library/4.6/cpp4r/include' -I'/home/pacha/R/x86_64-pc-linux-gnu-library/4.6/testthat/include' -I/usr/local/include   -fopenmp=libgomp -fpic  -march=x86-64 -mtune=generic -O2 -pipe -fno-plt -fexceptions         -Wp,-D_FORTIFY_SOURCE=3 -Wformat -Werror=format-security         -fstack-clash-protection -fcf-protection         -fno-omit-frame-pointer -mno-omit-leaf-frame-pointer -Wp,-D_GLIBCXX_ASSERTIONS -g -ffile-prefix-map=/build/r/src=/usr/src/debug/r -flto=auto -ffat-lto-objects   -c test-runner.cpp -o test-runner.o
clang++ -std=gnu++23 -shared -L/usr/lib64/R/lib -Wl,-O1 -Wl,--sort-common -Wl,--as-needed -Wl,-z,relro -Wl,-z,now -Wl,-z,pack-relative-relocs -flto=auto -o cpp4rtest.so cpp4r.o main.o test-runner.o -fopenmp=libgomp -llapack -lblas -lgfortran -lm -lquadmath -L/usr/lib64/R/lib -lR
make[1]: Leaving directory '/home/pacha/Documents/cpp4r/cpp4rtest.Rcheck/00_pkg_src/cpp4rtest/src'
make[1]: Entering directory '/home/pacha/Documents/cpp4r/cpp4rtest.Rcheck/00_pkg_src/cpp4rtest/src'
make[1]: Leaving directory '/home/pacha/Documents/cpp4r/cpp4rtest.Rcheck/00_pkg_src/cpp4rtest/src'
installing to /home/pacha/Documents/cpp4r/cpp4rtest.Rcheck/00LOCK-cpp4rtest/00new/cpp4rtest/libs
** R
** byte-compile and prepare package for lazy loading
** help
*** installing help indices
** building package indices
** testing if installed package can be loaded from temporary location
** checking absolute paths in shared objects and dynamic libraries
** testing if installed package can be loaded from final location
** testing if installed package keeps a record of temporary installation path
* DONE (cpp4rtest)
